v 2.2641301210095003e-33 0.007876537220276314 0.006984776351809108
v 0.0 0.0078000005612149925 0.007000000332482159
v 0.001362662260882344 0.007876537220276314 0.006850565758886595
v 0.0022389238944138523 0.0078000005612149925 0.0066322863867940285
v 0.0026729582625635573 0.007876537220276314 0.006453091927904331
v 4.183566913850241e-33 0.007941421885986344 0.006941421838488893
v 0.0013542042421776923 0.007941421885986344 0.006808044280121328
v 5.466093753774026e-33 0.007984776399306559 0.006876537172778863
v 0.0038805338795364075 0.007876537220276314 0.005807629384276536
v 0.0038564471646014564 0.007941421885986344 0.00577158097024133
v 0.0042426240075135735 0.0078000005612149925 0.005567777421285058
v 0.002656367189693004 0.007941421885986344 0.00641303760471279
v 0.002631536847174515 0.007984776399306559 0.006353092018522022
v 0.004693307145832715 0.007864640609451246 0.005122585539940605
v 0.004918648953410876 0.007896960633569372 0.004899989360849788
v 0.004908326382119799 0.007941421885986344 0.004908326382119799
v 0.004862446062252612 0.007984776399306559 0.004862446062252612
v 0.006491894553496136 0.007909817117639495 0.002529137969935341
v 0.006850565758886595 0.007876537220276314 0.001362662260882344
v 0.006808044280121328 0.007941421885986344 0.0013542042421776923
v 0.006984776351809108 0.007876537220276314 4.276941927862895e-19
v 0.006941421838488893 0.007941421885986344 4.250394855243843e-19
v 0.0038203992274034315 0.007984776399306559 0.005717631611599772
v 0.0013415457647469181 0.007984776399306559 0.0067444060668020445
v 0.0 0.00800000037997961 0.006800000513717541
v 0.002602247361759291 0.00800000037997961 0.006282381356136346
v 0.00480832647273749 0.00800000037997961 0.00480832647273749
v 0.001326614204475024 0.00800000037997961 0.00666934045044365
v 0.0037778777486381643 0.00800000037997961 0.005653993398280488
v 0.005717631611599772 0.007984776399306559 0.0038203992274034315
v 0.005519058489680262 0.007939870257799853 0.004162747580837567
v 0.005894126695208668 0.007950459381075026 0.003648101979916163
v 0.006353092018522022 0.007984776399306559 0.002631536847174515
v 0.00641303760471279 0.007941421885986344 0.002656367189693004
v 0.0067444060668020445 0.007984776399306559 0.0013415457647469181
v 0.006282381356136346 0.00800000037997961 0.002602247361759291
v 0.005653993398280488 0.00800000037997961 0.0037778777486381643
v 0.00666934045044365 0.00800000037997961 0.001326614204475024
v 0.006876537172778863 0.007984776399306559 4.210664508267994e-19
v 0.006874818174741892 0.0078000005612149925 0.0013179066807154916
v 0.006919682354576684 0.0078000005612149925 -0.0010573560501683094
v 0.006850565758886595 0.007876537220276314 -0.001362662260882344
v 0.006453091927904331 0.007876537220276314 -0.0026729582625635573
v 0.0061675279685705076 0.0078000005612149925 -0.003310830988783736
v 0.005807629384276536 0.007876537220276314 -0.0038805338795364075
v 0.00641303760471279 0.007941421885986344 -0.002656367189693004
v 0.006808044280121328 0.007941421885986344 -0.0013542042421776923
v 0.0067444060668020445 0.007984776399306559 -0.0013415457647469181
v 0.00577158097024133 0.007941421885986344 -0.0038564471646014564
v 0.004938982721313934 0.007876537220276314 -0.004938982721313934
v 0.004908326382119799 0.007941421885986344 -0.004908326382119799
v 0.005717631611599772 0.007984776399306559 -0.0038203992274034315
v 0.006353092018522022 0.007984776399306559 -0.002631536847174515
v 0.004704989656763581 0.0078000005612149925 -0.00518296027959414
v 0.0038805338795364075 0.007876537220276314 -0.005807629384276536
v 0.002700524458407183 0.0078000005612149925 -0.006458109208721252
v 0.0026729582625635573 0.007876537220276314 -0.006453091927904331
v 0.002656367189693004 0.007941421885986344 -0.00641303760471279
v 0.0038564471646014564 0.007941421885986344 -0.00577158097024133
v 0.0038203992274034315 0.007984776399306559 -0.005717631611599772
v 0.002037123300035748 0.007866973296939972 -0.0066347425751125955
v 0.0013737220224550178 0.00793394555582777 -0.006811375941503939
v 0.0013542042421776923 0.007941421885986344 -0.006808044280121328
v 0.002631536847174515 0.007984776399306559 -0.006353092018522022
v 0.004862446062252612 0.007984776399306559 -0.004862446062252612
v 0.00666934045044365 0.00800000037997961 -0.001326614204475024
v 0.006282381356136346 0.00800000037997961 -0.002602247361759291
v 0.005653993398280488 0.00800000037997961 -0.0037778777486381643
v 0.006800000513717541 0.00800000037997961 4.1637992318616166e-19
v 0.00480832647273749 0.00800000037997961 -0.00480832647273749
v 0.0037778777486381643 0.00800000037997961 -0.005653993398280488
v 0.002602247361759291 0.00800000037997961 -0.006282381356136346
v 7.595439031208672e-19 0.007947859664765022 -0.006934676499728565
v 0.0013415457647469181 0.007984776399306559 -0.0067444060668020445
v 8.416028707616793e-19 0.007986510179296136 -0.006872208921688272
v 0.001326614204475024 0.00800000037997961 -0.00666934045044365
v 8.450063551845223e-19 0.00800000037997961 -0.006800000513717541
v 0.005143990284151856 0.007929280657687499 0.004677393181758971
v 0.006193010624352402 0.00793013801093867 0.003088619855716457
v 0.0066833566025376046 0.007854908839427244 0.0019235223253254163
v -0.0009567086554990514 0.00800000037997961 0.002309698929818943
v 3.061617144533026e-19 0.00800000037997961 0.0025000001187436283
v 3.061617144533026e-19 -9.663546547951204e-32 0.0025000001187436283
v -0.0017677670364790732 0.00800000037997961 0.0017677670364790732
v -0.0009567086554990514 -6.097790003435301e-32 0.002309698929818943
v -0.002309698929818943 0.00800000037997961 0.0009567086554990514
v -0.0017677670364790732 -1.6037007255409012e-32 0.0017677670364790732
v -0.0009567086554990514 1.1758115832580545e-31 -0.002309698929818943
v -1.1832914140348414e-31 9.663546547951204e-32 -0.0025000001187436283
v -1.1832914140348414e-31 0.00800000037997961 -0.0025000001187436283
v -0.002309698929818943 3.134537800220273e-32 0.0009567086554990514
v -0.0025000001187436283 7.395571337717758e-32 -4.59242545210173e-19
v -0.002309698929818943 0.00800000037997961 -0.0009567086554990514
v -0.0025000001187436283 0.00800000037997961 -4.59242545210173e-19
v -0.0017677670364790732 1.2062617408313368e-31 -0.0017677670364790732
v -0.0009567086554990514 0.00800000037997961 -0.002309698929818943
v -0.0017677670364790732 0.00800000037997961 -0.0017677670364790732
v -0.002309698929818943 1.053069654659897e-31 -0.0009567086554990514
v -0.0052302034001242 3.3455672505574903e-31 -0.004652415973388779
v -0.006316061319894262 1.0408341350230506e-17 -0.003017842436125462
v -0.005771693980653192 0.0002716957161729046 -0.0039607514832153135
v -0.0051180031346326205 0.000694021913590949 -0.00477556775841298
v -1.9068333430639362e-16 0.004219524107124395 -0.007000000332482159
v -1.2128736993857124e-31 2.7040057703530554e-31 -0.007000000332482159
v -0.0018763899502306086 0.003001450204359324 -0.006743824325441405
v -0.0035951554098659355 0.0017826093089888528 -0.006006235407961524
v -0.001943002077837569 3.1742531257135882e-31 -0.006724934897359147
v -0.00373330324739074 3.3932479819378843e-31 -0.005921355528746841
v 0.003166934640625174 0.0073855251005494615 -0.006242637930786721
v 0.004129981237118163 0.0024680305699534277 -0.005651836663711496
v 0.003300564445861409 0.006271814644208673 -0.006173028285451632
v 0.0034209379390513772 0.006522327732889632 -0.006107142261661813
v 0.003749297320110867 0.0019615382887781113 -0.005911241335303796
v 0.002909047503360934 0.005903732103379744 -0.006366902653791029
v 0.0034389652455106556 0.006806790675172869 -0.006097009471568715
v 0.0036169559289372932 0.001656902511140354 -0.005993132399068901
v 0.0013357232251408335 2.2609381026236534e-31 -0.006871378748156409
v 0.0019710632306749187 0.005344371095823974 -0.006716763815428073
v 0.002622359877210434 1.7329959019199972e-31 -0.006490241358990123
v 0.0035827454838156803 0.0013180572420553455 -0.00601364593458914
v 0.003812627735029911 1.141367889384781e-31 -0.005870593826659276
v 0.004936828370930846 0.0033365399038079446 -0.004962633368646996
v 0.006222941217357281 0.004983661411485374 -0.0032054654690238937
v 0.006915321678557795 0.006534326863708584 -0.0010855081596979066
v 0.006999460552793435 0.007217739448048821 8.693844492906749e-05
v 0.003756275593834041 0.0008056756044639776 -0.005906809610544961
v 0.004082447722744964 0.00041642107557270103 -0.00568626621551771
v 0.004862785093488198 0.0 -0.005035208464409802
v 0.006587392166216843 -2.8639378894262558e-31 0.0023677562407735386
v 0.00677122768138777 0.003020605469169907 0.0017749590524685638
v 0.006271567165711811 0.003945417114734895 0.0031092518852761375
v 0.006958893152795298 -2.351406740128329e-31 0.000757504976012513
v 0.006989437435251933 0.0020955468219452378 0.00038440396227371054
v 0.005490310452883895 0.004815065612614466 0.004342406479141414
v 0.005848755637450631 -3.216852772176864e-31 0.0038460451999197676
v 0.003822815838235988 0.0073855251005494615 0.005863964836171076
v 0.0033817269024141727 0.001656902511140354 0.006128941827058809
v 0.004440683575789306 0.005622586517363692 0.005411130685329113
v 0.00386231106983298 0.006076319506291561 0.005838026800881468
v 0.004784149873993948 -3.390482587147638e-31 0.005109981779576334
v 0.003416597528612675 0.0013180572420553455 0.0061095717470982525
v 0.006529178929504109 0.00047192158556357 -0.0025238522297856003
v 0.0069192174383253535 0.0012161956411096964 -0.001060394933521877
v 0.006539283109366356 -9.690599846423732e-32 -0.0024975546592616304
v 0.005771559035731011 0.0 -0.003960948416971005
v 0.006942552896281873 -1.707824598204391e-31 -0.000894964379857463
v 0.0036250995927304686 0.006394687002644894 0.005988210008850969
v 0.0032446364513379067 0.0019615382887781113 0.006202607449454223
v 0.0035606824658762637 0.006806790675172869 0.00602673606887788
v 0.0028296436223311516 0.0024680305699534277 0.006402587241057245
v -0.0012411556833413773 0.0078000005612149925 0.0068890884810532405
v -0.00033545599981048627 0.004983661411485374 0.006991957996589915
v 0.0 0.0078000005612149925 0.007000000332482159
v 0.0018293527041533808 0.0033365399038079446 0.006756735645787326
v -0.0025175832513689433 0.006534326863708584 0.0065315984013597506
v -0.0035673887039877616 0.0078000005612149925 0.0060227687835331944
v -0.003575021198323064 0.007217739448048821 0.006018241214501008
v -0.0024429801670759754 0.0078000005612149925 0.00655986673995218
v -0.004578749874156185 0.0078000005612149925 0.005294813884455241
v 0.0034529084415159395 -3.375150258132125e-31 0.00608912353827179
v 0.0032373091327983494 0.0008056756044639776 0.006206435021504919
v 0.002883227246854997 0.00041642107557270103 0.006378636663137427
v 0.0019292257748455832 0.0 0.006728899798517929
v 0.0017677670364790732 1.6037007255409012e-32 -0.0017677670364790732
v 0.0017677670364790732 0.00800000037997961 -0.0017677670364790732
v 0.0009567086554990514 0.00800000037997961 -0.002309698929818943
v 0.0025000001187436283 -7.395571337717758e-32 1.530808572266513e-19
v 0.002309698929818943 0.00800000037997961 -0.0009567086554990514
v 0.002309698929818943 -3.134537800220273e-32 -0.0009567086554990514
v 0.0009567086554990514 6.097790003435301e-32 -0.002309698929818943
v 0.0025000001187436283 0.00800000037997961 1.530808572266513e-19
v 0.0017677670364790732 0.00800000037997961 0.0017677670364790732
v 0.002309698929818943 0.00800000037997961 0.0009567086554990514
v 0.0017677670364790732 -1.2062617408313368e-31 0.0017677670364790732
v 0.0009567086554990514 -1.1758115832580545e-31 0.002309698929818943
v 0.0009567086554990514 0.00800000037997961 0.002309698929818943
v 0.002309698929818943 -1.053069654659897e-31 0.0009567086554990514
v -0.005344233289878708 -1.6659816917819257e-32 0.004520971036115207
v -0.004922773595025243 0.003020605469169907 0.004976575610977918
v -0.005828474798474648 0.003945417114734895 0.003876710837438929
v -0.0041354648646979575 -9.597559370097414e-32 0.0056478255093461716
v -0.0038276223570189727 0.0020955468219452378 0.005860828678032615
v -0.006505789588946154 0.004815065612614466 0.0025835453306891076
v -0.00625515061524945 6.35844597634227e-32 0.0031421484055459137
v -0.0069897502404425715 0.0073855251005494615 0.0003786731244179685
v -0.006943148942757937 0.0078000005612149925 0.000890331608622251
v -0.006841070023267115 0.0078000005612149925 -0.0014831606854136953
v -0.006817448939839266 1.402849725165255e-31 0.0015882042208671676
v -0.006906518310524912 0.005622586517363692 0.0011401793306219793
v -0.0069993432508469455 0.0013180572420553455 -9.592561134342658e-05
v -0.001078869274838204 0.00047192158556357 0.006916360706774871
v -0.0025412796750713673 0.0012161956411096964 0.006522415470930909
v -0.0011066958237825747 -2.344376854756171e-31 0.006911962837455876
v 0.0005445025225818412 0.0 0.006978790614677877
v -0.002696214565548055 -1.6994234506466977e-31 0.006459909745916148
v -0.006987035129534802 0.006076319506291561 0.0004258460306731486
v -0.006998682831351466 0.001656902511140354 -0.00013580953229804134
v -0.006959625097867905 0.0024680305699534277 -0.0007507503985318062
v -0.006999647472968329 0.006806790675172869 7.027341759199661e-05
v -0.0069984916196419444 0.006394687002644894 0.00014532350693968916
v -0.006766180836665636 0.0033365399038079446 -0.0017941018003031495
v -0.005951027675999698 0.0078000005612149925 -0.0036858205161773017
v -0.00437553808014135 0.0078000005612149925 -0.00546394278729434
v -0.002296068539004298 0.0078000005612149925 -0.006612720803589323
v -0.003424439354470371 0.007217739448048821 -0.006105179599825428
v -0.005887485306953766 0.004983661411485374 -0.0037864922891474306
v -0.004397738665607442 0.006534326863708584 -0.005446090480080434
v -0.006993934009867364 0.0019615382887781113 -0.00029136614395275026
v -0.006993584965050981 0.0008056756044639776 -0.0002996254407622821
v -0.0069997900472854035 2.091669796960348e-31 -5.4255491836955726e-05
v -0.006965675208018551 0.00041642107557270103 -0.0006923702092011264
v -0.006792011106752371 0.0 -0.0016936913341081272
v -0.0017677670364790732 0.00800000037997961 -0.0017677670364790732
v -0.0037778777486381643 0.00800000037997961 -0.005653993398280488
v -0.00480832647273749 0.00800000037997961 -0.00480832647273749
v -0.005653993398280488 0.00800000037997961 -0.0037778777486381643
v -0.0009567086554990514 0.00800000037997961 -0.002309698929818943
v -0.001326614204475024 0.00800000037997961 -0.00666934045044365
v -0.002602247361759291 0.00800000037997961 -0.006282381356136346
v -0.006282381356136346 0.00800000037997961 -0.002602247361759291
v -0.002309698929818943 0.00800000037997961 -0.0009567086554990514
v -0.00666934045044365 0.00800000037997961 -0.001326614204475024
v -0.006800000513717541 0.00800000037997961 -1.249139769558485e-18
v -0.0025000001187436283 0.00800000037997961 -4.59242545210173e-19
v -0.00666934045044365 0.00800000037997961 0.001326614204475024
v -1.1832914140348414e-31 0.00800000037997961 -0.0025000001187436283
v 0.001326614204475024 0.00800000037997961 -0.00666934045044365
v 0.0009567086554990514 0.00800000037997961 -0.002309698929818943
v 0.002602247361759291 0.00800000037997961 -0.006282381356136346
v 0.0037778777486381643 0.00800000037997961 -0.005653993398280488
v 0.0017677670364790732 0.00800000037997961 -0.0017677670364790732
v 0.00480832647273749 0.00800000037997961 -0.00480832647273749
v 0.005653993398280488 0.00800000037997961 -0.0037778777486381643
v 8.450063551845223e-19 0.00800000037997961 -0.006800000513717541
v 0.002309698929818943 0.00800000037997961 -0.0009567086554990514
v 0.006282381356136346 0.00800000037997961 -0.002602247361759291
v 0.00666934045044365 0.00800000037997961 -0.001326614204475024
v 0.0025000001187436283 0.00800000037997961 1.530808572266513e-19
v -0.002309698929818943 0.00800000037997961 0.0009567086554990514
v -0.006282381356136346 0.00800000037997961 0.002602247361759291
v -0.0017677670364790732 0.00800000037997961 0.0017677670364790732
v -0.005653993398280488 0.00800000037997961 0.0037778777486381643
v -0.0037778777486381643 0.00800000037997961 0.005653993398280488
v -0.0009567086554990514 0.00800000037997961 0.002309698929818943
v -0.001326614204475024 0.00800000037997961 0.00666934045044365
v 3.061617144533026e-19 0.00800000037997961 0.0025000001187436283
v -0.00480832647273749 0.00800000037997961 0.00480832647273749
v -0.002602247361759291 0.00800000037997961 0.006282381356136346
v 0.0 0.00800000037997961 0.006800000513717541
v 0.001326614204475024 0.00800000037997961 0.00666934045044365
v 0.005653993398280488 0.00800000037997961 0.0037778777486381643
v 0.002309698929818943 0.00800000037997961 0.0009567086554990514
v 0.0017677670364790732 0.00800000037997961 0.0017677670364790732
v 0.00666934045044365 0.00800000037997961 0.001326614204475024
v 0.006282381356136346 0.00800000037997961 0.002602247361759291
v 0.006800000513717541 0.00800000037997961 4.1637992318616166e-19
v 0.0009567086554990514 0.00800000037997961 0.002309698929818943
v 0.0037778777486381643 0.00800000037997961 0.005653993398280488
v 0.002602247361759291 0.00800000037997961 0.006282381356136346
v 0.00480832647273749 0.00800000037997961 0.00480832647273749
v -0.0017677670364790732 1.2062617408313368e-31 -0.0017677670364790732
v -0.0052302034001242 3.3455672505574903e-31 -0.004652415973388779
v -0.00373330324739074 3.3932479819378843e-31 -0.005921355528746841
v -0.001943002077837569 3.1742531257135882e-31 -0.006724934897359147
v -0.0009567086554990514 1.1758115832580545e-31 -0.002309698929818943
v -1.2128736993857124e-31 2.7040057703530554e-31 -0.007000000332482159
v -1.1832914140348414e-31 9.663546547951204e-32 -0.0025000001187436283
v -0.002309698929818943 1.053069654659897e-31 -0.0009567086554990514
v -0.006316061319894262 1.0408341350230506e-17 -0.003017842436125462
v -0.0025000001187436283 7.395571337717758e-32 -4.59242545210173e-19
v -0.006792011106752371 0.0 -0.0016936913341081272
v 0.002622359877210434 1.7329959019199972e-31 -0.006490241358990123
v 0.003812627735029911 1.141367889384781e-31 -0.005870593826659276
v 0.0009567086554990514 6.097790003435301e-32 -0.002309698929818943
v 0.005771559035731011 0.0 -0.003960948416971005
v 0.0017677670364790732 1.6037007255409012e-32 -0.0017677670364790732
v 0.004862785093488198 0.0 -0.005035208464409802
v 0.0013357232251408335 2.2609381026236534e-31 -0.006871378748156409
v 0.002309698929818943 -3.134537800220273e-32 -0.0009567086554990514
v 0.006942552896281873 -1.707824598204391e-31 -0.000894964379857463
v 0.006539283109366356 -9.690599846423732e-32 -0.0024975546592616304
v 0.0025000001187436283 -7.395571337717758e-32 1.530808572266513e-19
v -0.0069997900472854035 2.091669796960348e-31 -5.4255491836955726e-05
v -0.002309698929818943 3.134537800220273e-32 0.0009567086554990514
v -0.006817448939839266 1.402849725165255e-31 0.0015882042208671676
v -0.0017677670364790732 -1.6037007255409012e-32 0.0017677670364790732
v -0.005344233289878708 -1.6659816917819257e-32 0.004520971036115207
v -0.0009567086554990514 -6.097790003435301e-32 0.002309698929818943
v -0.0041354648646979575 -9.597559370097414e-32 0.0056478255093461716
v -0.00625515061524945 6.35844597634227e-32 0.0031421484055459137
v -0.002696214565548055 -1.6994234506466977e-31 0.006459909745916148
v 3.061617144533026e-19 -9.663546547951204e-32 0.0025000001187436283
v -0.0011066958237825747 -2.344376854756171e-31 0.006911962837455876
v 0.0005445025225818412 0.0 0.006978790614677877
v 0.0017677670364790732 -1.2062617408313368e-31 0.0017677670364790732
v 0.002309698929818943 -1.053069654659897e-31 0.0009567086554990514
v 0.005848755637450631 -3.216852772176864e-31 0.0038460451999197676
v 0.006958893152795298 -2.351406740128329e-31 0.000757504976012513
v 0.006587392166216843 -2.8639378894262558e-31 0.0023677562407735386
v 0.0034529084415159395 -3.375150258132125e-31 0.00608912353827179
v 0.0009567086554990514 -1.1758115832580545e-31 0.002309698929818943
v 0.0019292257748455832 0.0 0.006728899798517929
v 0.004784149873993948 -3.390482587147638e-31 0.005109981779576334
v -0.001362662260882344 0.007876537220276314 -0.006850565758886595
v -0.0026729582625635573 0.007876537220276314 -0.006453091927904331
v -0.001148034269502149 0.007873930351408598 -0.006773698651658944
v -0.0013542042421776923 0.007941421885986344 -0.006808044280121328
v -0.0038805338795364075 0.007876537220276314 -0.005807629384276536
v -0.002656367189693004 0.007941421885986344 -0.00641303760471279
v -0.0038564471646014564 0.007941421885986344 -0.00577158097024133
v -0.004938982721313934 0.007876537220276314 -0.004938982721313934
v -0.004908326382119799 0.007941421885986344 -0.004908326382119799
v -0.0038203992274034315 0.007984776399306559 -0.005717631611599772
v -0.002631536847174515 0.007984776399306559 -0.006353092018522022
v -0.001362662260882344 0.007876537220276314 0.006850565758886595
v -0.006453091927904331 0.007876537220276314 -0.0026729582625635573
v -0.005807629384276536 0.007876537220276314 -0.0038805338795364075
v -0.00577158097024133 0.007941421885986344 -0.0038564471646014564
v -0.005717631611599772 0.007984776399306559 -0.0038203992274034315
v -0.006850565758886595 0.007876537220276314 -0.001362662260882344
v -0.006808044280121328 0.007941421885986344 -0.0013542042421776923
v -0.00641303760471279 0.007941421885986344 -0.002656367189693004
v -0.006353092018522022 0.007984776399306559 -0.002631536847174515
v -0.006984776351809108 0.007876537220276314 -1.2830826048286494e-18
v -0.004862446062252612 0.007984776399306559 -0.004862446062252612
v -0.001326614204475024 0.00800000037997961 -0.00666934045044365
v -0.0013415457647469181 0.007984776399306559 -0.0067444060668020445
v -0.002602247361759291 0.00800000037997961 -0.006282381356136346
v -0.0037778777486381643 0.00800000037997961 -0.005653993398280488
v -0.0013415457647469181 0.007984776399306559 0.0067444060668020445
v -0.00480832647273749 0.00800000037997961 -0.00480832647273749
v -0.0067444060668020445 0.007984776399306559 -0.0013415457647469181
v -0.005653993398280488 0.00800000037997961 -0.0037778777486381643
v -0.006282381356136346 0.00800000037997961 -0.002602247361759291
v -0.00666934045044365 0.00800000037997961 -0.001326614204475024
v -0.006800000513717541 0.00800000037997961 -1.249139769558485e-18
v -0.006941421838488893 0.007941421885986344 -1.2751184830429338e-18
v -0.006876537172778863 0.007984776399306559 -1.2631993524803982e-18
v -0.0013542042421776923 0.007941421885986344 0.006808044280121328
v -0.006850565758886595 0.007876537220276314 0.001362662260882344
v -0.006782943094084115 0.007864640609451246 0.0015032305239371518
v -0.006622736768573112 0.007929280657687499 0.0021161294988567003
v -0.006808044280121328 0.007941421885986344 0.0013542042421776923
v -0.0067444060668020445 0.007984776399306559 0.0013415457647469181
v -0.006106412223937929 0.007950459381075026 0.0032804123529242557
v -0.00641303760471279 0.007941421885986344 0.002656367189693004
v -0.006364574734674111 0.007939870257799853 0.002698270925890478
v -0.006353092018522022 0.007984776399306559 0.002631536847174515
v -0.00543624522280739 0.007909817117639495 0.004357576577213029
v -0.00577158097024133 0.007941421885986344 0.0038564471646014564
v -0.0057713287233726596 0.00793013801093867 0.0038189944650686425
v -0.004938982721313934 0.007876537220276314 0.004938982721313934
v -0.005007497548481787 0.007854908839427244 0.0048261949924155445
v -0.0038805338795364075 0.007876537220276314 0.005807629384276536
v -0.0026729582625635573 0.007876537220276314 0.006453091927904331
v -0.004908326382119799 0.007941421885986344 0.004908326382119799
v -0.0038564471646014564 0.007941421885986344 0.00577158097024133
v -0.002656367189693004 0.007941421885986344 0.00641303760471279
v -0.004862446062252612 0.007984776399306559 0.004862446062252612
v -0.00666934045044365 0.00800000037997961 0.001326614204475024
v -0.005717631611599772 0.007984776399306559 0.0038203992274034315
v -0.006282381356136346 0.00800000037997961 0.002602247361759291
v -0.005653993398280488 0.00800000037997961 0.0037778777486381643
v -0.00480832647273749 0.00800000037997961 0.00480832647273749
v -0.0038203992274034315 0.007984776399306559 0.005717631611599772
v -0.002631536847174515 0.007984776399306559 0.006353092018522022
v -0.002602247361759291 0.00800000037997961 0.006282381356136346
v -0.0037778777486381643 0.00800000037997961 0.005653993398280488
v -0.001326614204475024 0.00800000037997961 0.00666934045044365
v -0.007122429709177369 0.0013503295824553868 -0.00042977913275243224
v -0.007103818754008728 0.001517826748461612 -0.00042288445454752646
v -0.014036878298857025 -0.0020638810184392398 -0.00829669228860297
v 0.0032124449348400197 0.006754764877718866 -0.006376440351082424
v -2.5103840306676733e-05 0.010078114988267273 -0.015922334473616462
v 0.002981414936531479 0.007095853188902601 -0.006690284093101018
v -0.007103137830514472 0.001673364122716306 -0.0004917450482761453
v -0.013519416497545511 -0.0007674706942783702 -0.00857292692849343
v -0.015174245601414227 -0.0014298405134322706 -0.01061267140251232
v -0.007105600694553571 0.001931919189661624 -0.0007119415144520025
v -0.007073596813486349 0.002367819183281411 -0.001232584296596978
v -0.012088574983661338 0.0012763053784999728 -0.009397065608995336
v -0.013629982642018312 0.0007075054981585394 -0.011503263066212077
v -0.015736786636129096 -0.00273220099074975 -0.010307993424784057
v -0.0018115926649339698 0.011269302903427203 -0.020672200231144355
v -0.002863042013733774 0.011549439025131392 -0.023000619073427764
v -0.00206147918955929 0.011432492799178795 -0.02120756250022504
v -0.004027864170652873 0.01161223466715211 -0.025294287929319426
v -0.003184002073839398 0.011659445362753873 -0.023617077995530256
v -0.01676211627467339 -0.001909717173683989 -0.01272027457573821
v -0.017361735214896923 -0.0031987406342623426 -0.012391645066415768
v -0.01826368609391893 -0.002159180266892713 -0.014912321798995487
v -0.019684737186805856 -0.0021993940921212485 -0.01718210683417265
v -0.018888684216256113 -0.0034197277262863757 -0.014567077374943449
v -0.016566155266830584 3.4087443480696096e-05 -0.015893249312933233
v -0.01795472039626045 -3.95846646454351e-05 -0.018182276635706485
v -0.015125878098811718 0.00027787260540900957 -0.013665028267462187
v -0.02032420254921008 -0.0034193054869627315 -0.01682711871916709
v -0.0010662998467509538 0.01095659021920159 -0.018759690222092118
v -0.006862758485600973 0.003161728770703226 -0.002315722813924642
v -0.009990976808164076 0.0036942924823694934 -0.0106095366748854
v -0.011381503645755964 0.003295900501395499 -0.01280212844620321
v -0.0059414627989889945 0.004704300150200069 -0.004335209098733639
v -0.004423520775138912 0.006155616098955652 -0.006020040321184361
v -0.007491893170482045 0.006095463088591213 -0.012056311226330552
v -0.008724966463607986 0.005933651252292282 -0.014337844575969538
v -0.003446416303298644 0.006793271387421362 -0.006693095048282138
v -0.01275645888836996 0.002974790952833678 -0.015032963513099684
v -0.014117544844741703 0.0027700451736080434 -0.017306393491687277
v -0.0154659965231696 0.002673447974348292 -0.01961831567486194
v -0.011256241379369314 0.005644922047751966 -0.01895673651135854
v -0.009975463387322248 0.005775346076621335 -0.016638432339355358
v -0.00597864751602617 0.008269585048545913 -0.015925097268242316
v -0.007120713095326303 0.008312599576956181 -0.018286503706697044
v -0.012565566659759608 0.005542931343139601 -0.02129040246998004
v -0.008332622923854505 0.008285021221764444 -0.02064329054654368
v -0.018129563239037694 0.0027340570794762153 -0.024334460460634366
v -0.004885394805255461 0.008152391820933635 -0.013564494777274505
v -0.020603529955055544 0.000210611368288453 -0.02290693201148275
v -0.006638200598348132 0.01122060256847246 -0.02979310940154689
v -0.00952359530860869 0.010364295498075937 -0.03420017404873743
v -0.007193349703085439 0.011142633013682679 -0.030645177389405642
v -0.015644904879750787 0.008333850302758017 -0.042864744315018743
v -0.010234198102675451 0.010178988940202083 -0.03520765853262553
v -0.022328497993530094 -0.0017919201509914578 -0.021909438220207855
v -0.022970223564171555 -0.002903548140154172 -0.02155169398629697
v -0.0253983452462736 -0.0019500983687630036 -0.026466681783833268
v -0.024779811128760043 -0.0009669862848858332 -0.02681137975247605
v -0.02998916196212842 9.454284312360433e-05 -0.036479242150151414
v -0.029445630518465382 0.0008342723050600714 -0.03678107627093308
v -0.023125945235996648 0.0008028627419341336 -0.02776735628408855
v -0.03456115886812938 0.0013781539856324437 -0.04640822821745605
v -0.03409039087091559 0.0019486480684774432 -0.04667035896721128
v -0.021734973032477845 0.006973605964010476 -0.05146610122990891
v -0.027781697639139846 0.006193995293130861 -0.06002077387744498
v -0.022918126241140424 0.006815535869069689 -0.053121657033641245
v -0.04003878974353725 0.0052000706281546405 -0.0769703710875369
v -0.029198758558497406 0.006089511683737003 -0.061997256362680275
v -0.039105771968508396 0.0021018062636182777 -0.05628336983029891
v -0.03870760147840491 0.002558448913023703 -0.056507021726908135
v -0.04791261519076606 0.003231475029890629 -0.07615619258206863
v -0.04792469252288267 0.003173639209806539 -0.07614921931513585
v -0.04786712492371281 0.0033018528599240704 -0.07618245295929249
v -0.01660631258685319 0.008110781101183795 -0.04419444866284428
v -0.028003005404168002 0.0021254478510449037 -0.03761335933048393
v -0.02075629714370808 0.0030153340341355916 -0.0291350512037869
v -0.032841527591382924 0.0029136034442053815 -0.04738932643910454
v -0.025935351649953864 0.0036836778483051447 -0.038807058270238226
v -0.015251271018585921 0.00540742279941081 -0.025993552488899896
v -0.017995406051879437 0.005335167661396356 -0.030727376489989577
v -0.012321232427268125 0.007879758732270148 -0.027682837847456954
v -0.015177512889777423 0.007449066992758213 -0.03235275803691762
v -0.009609802702534864 0.008196471603605926 -0.0229947711422418
v -0.023512616320646718 0.005247872601860659 -0.04020631599661151
v -0.037643052935409926 0.0033101934574729375 -0.05711891445616679
v -0.04767591321419129 0.0034802352650947777 -0.07629285030340327
v -0.04698489984518828 0.003918470807226376 -0.0766918066211808
v -0.03105170015956893 0.004041028214704645 -0.04842151871835565
v -0.03611793308147648 0.0041717726781595466 -0.05799695862628962
v -0.028949555818389427 0.005125777488029226 -0.04963545844276274
v -0.034328618726469085 0.004980510948231487 -0.05902897924415562
v -0.044858904108222575 0.004781863916548945 -0.07791925418924706
v -0.02101943115889182 0.006586582019846576 -0.04164632232111165
v -0.004424612732283062 0.011661523419188025 -0.02599024514621351
v -0.0023217292934732403 0.007338199010349933 -0.007217724666096215
v -0.0010984597727856094 0.007698768981394544 -0.007435098047545163
v -0.0025393790020684925 0.009652960282099388 -0.014919684165067837
v 0.0014722117884855696 0.007776691806140601 -0.007295040953948229
v 0.0020966361564848934 0.007629141216246582 -0.0071968644699454964
v -0.0008362287680131059 0.01039846660413013 -0.0159012935561742
v 0.00018343820549114424 0.007844746485428933 -0.007400173538745225
v -0.0017513996002463394 0.010992258594003657 -0.01836521617381459
v 0.002648273593803818 0.007367970816573588 -0.006976446006259629
v -0.0035244917159425737 0.010039728641534351 -0.01734236799595945
v -0.004584479549721299 0.01028325415816711 -0.01975077150695892
v -0.005745187078606828 0.010365084186773066 -0.022136824705617508
v -0.006999669407478648 0.010302773965002454 -0.024501219959521814
v -0.0027596343874385088 0.011395402495903428 -0.020804406200558567
v -0.0038890518605165514 0.011571227623273228 -0.023209147602009095
v -0.0051310164981352435 0.01154257352340149 -0.025581099771555538
v -0.009735987172029281 0.00984471558600708 -0.02917480416588014
v -0.00034442250576386876 0.010426462668692293 -0.016183991247213925
v -0.0012431630486634676 0.011082865287760368 -0.018658026627785818
v -0.0022398406138940397 0.011537236761673397 -0.02110455422506874
v -0.0002087143460702441 0.010343488230852294 -0.01626173478117998
v -0.0011046218204644603 0.011017820881594753 -0.018737711842752303
v -0.0020996376081197643 0.011488260814828122 -0.021185521178377353
v -0.0033627256560130048 0.011746952614835049 -0.023513526125987783
v -0.004602714757191428 0.011736017784603758 -0.025886870660102312
v -0.007367738596866513 0.011201436574825308 -0.030543925782423598
v -0.0032218507866509094 0.01171031435320713 -0.023595107245585334
v -0.004462039205770929 0.011708111365431595 -0.025968457501746034
v -0.007229648456640592 0.011182277256898687 -0.03062403442880668
v -0.007888681309598244 0.011010726498018042 -0.030242375856601722
v -0.012685490257069443 0.009107039884160284 -0.03379106300635648
v -0.02677853711480771 0.005992923067546507 -0.050889917883449876
v -0.01879883855464004 0.007572018506166456 -0.042928678644227336
v -0.010904817145453438 0.010077661039271102 -0.03481969998758716
v -0.01720899282177779 0.008101335910305485 -0.04384657877327447
v -0.010402377622687475 0.010231977948761406 -0.03511023497453136
v -0.01675837214912934 0.00816334000260599 -0.04410669536277778
v -0.02344802967817472 0.00685650333546256 -0.05281491339724553
v -0.024838561284138416 0.0065813830640637505 -0.0520110956100428
v -0.03248285829334119 0.005599479941253982 -0.06009508799840635
v -0.030834302459423757 0.005993460463049327 -0.061048502960683315
v -0.04366671578865722 0.005031262636738254 -0.07835802068957953
v -0.04228992663024567 0.005183709867642439 -0.07835288610681612
v -0.02965179965667586 0.006151414209717987 -0.061733534884089725
v -0.010269074927757305 0.010213441380192978 -0.03518741393327529
v -0.023052571437955915 0.006866791097639435 -0.05304370369131561
v -0.016637881115574293 0.00813820686847766 -0.04417623729723319
v -0.029314475498197767 0.006139329725043663 -0.06192955311239423
v -0.04104259685908662 0.0052361919982785166 -0.07787018955068614
v -0.02294615663797961 0.0068385418325342395 -0.053105375904938246
v -0.029223113494346586 0.006110194496456445 -0.061982916914977704
v 0.003222593460560086 0.00665339501511597 -0.0063451817665288734
v 0.003188882979222596 0.006554058863089407 -0.006362884346867992
v 0.003060114052207963 0.006408652609997678 -0.006452668973324915
v 0.0027419291844948956 0.00619099407991458 -0.006638226347555898
v -0.0006705348810155665 0.008978251883658417 -0.015959412379125126
v 0.002033781386653749 0.005815349855071705 -0.006940162988331444
v -0.002165429218147774 0.00705439887174808 -0.015095411063978381
v 0.0005411199588301746 0.005052914382609186 -0.0072824004771210316
v -0.003172722728744942 0.00752147471867054 -0.017509690162720304
v -0.0015999525353289912 0.009608336905040926 -0.018418200414002106
v -0.0026233936602185204 0.010063333989335232 -0.02085177902080182
v -0.003766729295349852 0.010299867165547982 -0.023250977666862127
v -0.004259310447820297 0.007869754211378699 -0.019907311431386354
v -0.005446792861247829 0.008067339326659484 -0.022281405553549183
v -0.006727484545765161 0.008127338795451688 -0.024633094050258153
v -0.005021211862640262 0.010337878718256754 -0.025617551113008563
v -0.005445907851440168 0.004981972931027978 -0.01619734650297522
v -0.0066236160563346025 0.005174754388548863 -0.018542275355808435
v -0.004324439254166923 0.0047429540025914485 -0.013849090280294019
v -0.0009486486766311156 0.004216990194345349 -0.007309889186922769
v -0.006853303757979046 0.002363736503338959 -0.012390308968635022
v -0.008115382579979014 0.002353650204870994 -0.014656750421500053
v -0.002385379189303455 0.0033318540248317152 -0.0070505293380254686
v -0.0037301446779047787 0.0024502252312018358 -0.0065238378762413896
v -0.00497761797705526 0.0016137862972012695 -0.005721215519851053
v -0.009437231512087196 0.0002260245192118454 -0.01090074781695205
v -0.006074846079402729 0.0009087764456380126 -0.004635262709482002
v -0.0108512931255772 -1.6273571951270225e-05 -0.013078317309724308
v -0.009403725117063111 0.0023736823732571632 -0.01693714222292808
v -0.010725030454785123 0.0024249077995031065 -0.019233509977263363
v -0.007872737304782107 0.005305576099627063 -0.020880761184653984
v -0.009187409837318472 0.00537892462529721 -0.023212865024671014
v -0.012257754908078788 -0.00015938187402531057 -0.015289296876410119
v -0.013653548889170364 -0.00018798264263860352 -0.017541792749083962
v -0.014794385659055442 -0.0021252337511507013 -0.013824705780539626
v -0.016257958230707636 -0.0022299827204357026 -0.016037228392342673
v -0.012076000787202279 0.0025028623339216904 -0.021544440339101856
v -0.01327805105334201 -0.0018383847156144828 -0.011678296643861663
v -0.015038452862725649 -0.00011451978035318527 -0.019832634914167535
v -0.011721732696339804 -0.0013966519303892228 -0.009583893277476108
v -0.009513614152739103 0.00792411889520478 -0.02928034730748985
v -0.007800092590790897 0.009950294013568173 -0.03026884032013899
v -0.010832983531506857 0.009164495903429826 -0.03483767865665399
v -0.012507938025430598 0.00743916642237219 -0.0338712479466885
v -0.01868874829367373 0.006329222026085768 -0.042971429958513774
v -0.017160179953248367 0.007437425966662081 -0.04385433786788129
v -0.014897668592427915 0.005270611059666752 -0.032491780870669285
v -0.020845988310077557 0.004930617089813072 -0.04172554595768707
v -0.02476171992611853 0.005607930926610216 -0.052040709106322414
v -0.01197261962537055 0.005387807148302115 -0.027860789668653352
v -0.03999500083154528 0.005195551642191709 -0.07691262419758704
v -0.029614757037118578 0.005720636162676318 -0.06174782474072549
v -0.04003878974353725 0.0052000706281546405 -0.0769703710875369
v -0.023410302320425735 0.006345647159617385 -0.05282245886879533
v -0.03076306489195324 0.005170045621387953 -0.061082667391016976
v -0.04224833498398306 0.004507021641226572 -0.07834467687791058
v -0.04099895672029508 0.004889882319964456 -0.0778430670518393
v -0.02665960629250841 0.0046776549653712585 -0.05094277814597037
v -0.01484550737321455 0.0027165368893587727 -0.026201474480587184
v -0.01766938293458753 0.0029698621253138047 -0.030891234911468723
v -0.01777706039941873 0.0002659376091908826 -0.024507373066503524
v -0.020476510066820275 0.0008366717497541171 -0.029269547899017923
v -0.0203732595583761 -0.0016769150099928132 -0.023006779809804367
v -0.02294773592272259 -0.0008675491625862244 -0.02784160746254205
v -0.02576968696923365 0.0019769519314398465 -0.038883005081706834
v -0.017671597366455405 -0.0021713720399327285 -0.018310959732028564
v -0.02331154743292263 0.003419053716931242 -0.040301897055838865
v -0.03237762986427084 0.004484626506190692 -0.06014676189002088
v -0.02881295722486521 0.0036573840924786216 -0.04969796988982367
v -0.04358849160281286 0.004098847107068815 -0.07837153234793615
v -0.044858904108222575 0.0037109238479818285 -0.07791925418924706
v -0.034209783271605954 0.003735670982412259 -0.0590858640124825
v -0.030942603627287513 0.00266096151593051 -0.04846874085804975
v -0.03602158145336487 0.003004524612082865 -0.058039507761611375
v -0.027905866041033622 0.0008074262525688269 -0.037650308489953765
v -0.006950358244095234 0.0004650821012623478 -0.003245848094614451
v -0.015024705646801695 -0.002834609881569722 -0.010670012027184095
v -0.01336352793270712 -0.0022441969983783006 -0.008636270933272128
v -0.007374044291746096 0.00047782861475763674 -0.0019255397042283046
v -0.007368718974110344 0.000783298470031675 -0.0010816108502095106
v -0.013830493630240803 -0.0022932397024288953 -0.00836570970215944
v -0.01552149750999765 -0.0029337362252367105 -0.010382710950000429
v -0.0072503908740076395 0.0010208622702061881 -0.000711266849445745
v -0.016621319606608953 -0.003234057103224941 -0.012769915233613593
v -0.0181331166297094 -0.0034056572147538045 -0.014954440827180115
v -0.019565318083233363 -0.0033720492534101976 -0.017217322213652908
v -0.022232802493379333 -0.0028288277539147144 -0.0219326983378898
v -0.017140789846126214 -0.0033745943718629934 -0.012470027562204167
v -0.018665902070664764 -0.0035748564510770797 -0.014647211770534296
v -0.02010276317712001 -0.003557973315433255 -0.016907584039761447
v -0.015655508784978567 -0.002867698328804791 -0.01030493308375735
v -0.017281006680178734 -0.0033251608997426907 -0.01238909875587002
v -0.013956283278549475 -0.0022089215374132554 -0.008292276776308283
v -0.007180924279826806 0.0011654549198580888 -0.0005488456748343334
v -0.015692376882127657 -0.0028049718281752956 -0.010283413421785514
v -0.01731943403490921 -0.0032694934967385236 -0.012366925826960418
v -0.018809634148414522 -0.003538460422737033 -0.014564554906256744
v -0.007122429709177369 0.0013503295824553868 -0.00042977913275243224
v -0.018848854960213934 -0.0034888314473725812 -0.014542100643410438
v -0.0202475328525753 -0.003531132150523114 -0.016824496114672405
v -0.020286839495067266 -0.0034864784943036686 -0.016802088581869823
v -0.022899817600744443 -0.0030034514900073583 -0.021548676560616542
v -0.02293764795532449 -0.0029660884358645445 -0.021527146408226727
v -0.02275886071538724 -0.0030196703914582568 -0.0216295328876992
v -0.02470752261214293 -0.0018836314380776126 -0.026825139366166706
v -0.029408801521965122 0.00011330942602714566 -0.036783067543000314
v -0.03278140033022625 0.0018450592440534541 -0.04740918575401265
v -0.025203345542187394 -0.002053480722687684 -0.026539168664717616
v -0.029829017148613746 5.841172577719937e-06 -0.03654048711766
v -0.034520261496802096 0.0013203937442415187 -0.04640847998748754
v -0.02993915890799559 2.300332037095845e-05 -0.036476835076062475
v -0.034067708679896835 0.001366996830065581 -0.046668878864601915
v -0.02533522344762118 -0.002039838649362108 -0.026463343923567306
v -0.03442656871281091 0.001301357927144739 -0.04646242362408293
v -0.03868333237324828 0.002071125367309329 -0.05650925713961197
v -0.03758679759216177 0.002409851665517715 -0.05713851437164852
v -0.046945444429495886 0.0031677652909942178 -0.07671458799433317
v -0.03899052995864016 0.0020329016220550777 -0.0563334835106577
v -0.04766542279621255 0.003078797486628093 -0.07629890804294881
v -0.047852648146902155 0.003103242306285864 -0.0761908147760959
v -0.03907145876497431 0.00205297456002021 -0.05628731422745892
v -0.02537014318804931 -0.002007099723780603 -0.026443372075084515
v -0.02996758984806669 5.03275083067853e-05 -0.036460374656579475
v -0.03454425594374255 0.0013436979693626921 -0.0463946402651505
v -0.039092485377301145 0.002073473075169252 -0.05627537422445039
v -0.04790306700305669 0.003132696777365662 -0.07616170100518183
v -0.04791747893001075 0.0031517318792066706 -0.07615338496474777
v -0.04792469252288267 0.003173639209806539 -0.07614921931513585
v -0.04104259685908662 0.0052361919982785166 -0.07787018955068614
v -0.04099895672029508 0.004889882319964456 -0.0778430670518393
v -0.04228992663024567 0.005183709867642439 -0.07835288610681612
v -0.04003878974353725 0.0052000706281546405 -0.0769703710875369
v -0.03999500083154528 0.005195551642191709 -0.07691262419758704
v -0.04224833498398306 0.004507021641226572 -0.07834467687791058
v -0.04358849160281286 0.004098847107068815 -0.07837153234793615
v -0.044858904108222575 0.0037109238479818285 -0.07791925418924706
v -0.044858904108222575 0.004781863916548945 -0.07791925418924706
v -0.04366671578865722 0.005031262636738254 -0.07835802068957953
v -0.047852648146902155 0.003103242306285864 -0.0761908147760959
v -0.04790306700305669 0.003132696777365662 -0.07616170100518183
v -0.04791747893001075 0.0031517318792066706 -0.07615338496474777
v -0.04792469252288267 0.003173639209806539 -0.07614921931513585
v -0.04766542279621255 0.003078797486628093 -0.07629890804294881
v -0.04791261519076606 0.003231475029890629 -0.07615619258206863
v -0.046945444429495886 0.0031677652909942178 -0.07671458799433317
v -0.04767591321419129 0.0034802352650947777 -0.07629285030340327
v -0.04786712492371281 0.0033018528599240704 -0.07618245295929249
v -0.04698489984518828 0.003918470807226376 -0.0766918066211808
v 0.003933414407637087 0.0013503295824553868 -0.005953315540793425
v 0.003918137974874142 0.001517826748461612 -0.005940645023223834
v 0.014203585345654579 -0.0020638810184392398 -0.008007947348435684
v 0.00391593665602874 0.006754764877718866 0.005970279023502223
v 0.013801698386563532 0.010078114988267273 0.00793942679922166
v 0.0043032486098498746 0.007095853188902601 0.005927123351286423
v 0.003977432678313048 0.001673364122716306 -0.005905625623824906
v 0.014184080797609022 -0.0007674706942783702 -0.007421694154391423
v 0.0167779663425649 -0.0014298405134322706 -0.007834946050850888
v 0.004169359882024437 0.001931919189661624 -0.00579766014933647
v 0.0046042477887278666 0.002367819183281411 -0.005509622358708388
v 0.014182385164593914 0.0012763053784999728 -0.005770479953190744
v 0.01677710994298809 0.0007075054981585394 -0.006052279759818924
v 0.016795378529060878 -0.00273220099074975 -0.008474460050647559
v 0.018808447777508563 0.011269302903427203 0.008767215191505806
v 0.021350642264711395 0.011549439025131392 0.009020842980652088
v 0.01939702698332102 0.011432492799178795 0.008818487586214063
v 0.023919429007815962 0.01161223466715211 0.009158912140042053
v 0.022044991586631646 0.011659445362753873 0.009051112604892553
v 0.019397137609546977 -0.001909717173683989 -0.008156280904980662
v 0.019412346808267422 -0.0031987406342623426 -0.008839881363170154
v 0.02204629239846101 -0.002159180266892713 -0.008360654274368051
v 0.024722508651062736 -0.0021993940921212485 -0.008456429883165195
v 0.022059800242120176 -0.0034197277262863757 -0.009074541522936519
v 0.022047036264463138 3.4087443480696096e-05 -0.006400086706880859
v 0.024723674041132737 -3.95846646454351e-05 -0.0064581049171866245
v 0.01939720055205485 0.00027787260540900957 -0.006266880809898401
v 0.024734814865026156 -0.0034193054869627315 -0.009187715966788579
v 0.016779517017077028 0.01095659021920159 0.008456402226608706
v 0.0054368541438873375 0.003161728770703226 -0.004785461653078471
v 0.014183616358194873 0.0036942924823694934 -0.003347671667794927
v 0.01677772029457958 0.003295900501395499 -0.0034556071015409695
v 0.006725132784789201 0.004704300150200069 -0.0029778532012091075
v 0.007425268049061906 0.006155616098955652 -0.0008208611401393229
v 0.014187018114643069 0.006095463088591213 -0.0004600140372856658
v 0.016779421649640858 0.005933651252292282 -0.0003871203546814035
v 0.007519598364363889 0.006793271387421362 0.00036186354090929004
v 0.019397158590382935 0.002974790952833678 -0.0035309356936046032
v 0.02204654989053867 0.0027700451736080434 -0.003572955301237024
v 0.02472295878536146 0.002673447974348292 -0.003584787777461268
v 0.022045136545134625 0.005644922047751966 -0.00026982222288933835
v 0.019397036520064637 0.005775346076621335 -0.00031978906719874745
v 0.01678086169792703 0.008269585048545913 0.002784887922955004
v 0.019396933523233573 0.008312599576956181 0.0029765330774739196
v 0.024720811110698904 0.005542931343139601 -0.00023689864210954883
v 0.02204392537869526 0.008285021221764444 0.003105382828390707
v 0.03013904333216244 0.0027340570794762153 -0.0035334333667579043
v 0.014189894396517966 0.008152391820933635 0.0025513712187483217
v 0.0301397490511901 0.000210611368288453 -0.006389714544522973
v 0.02912069077524837 0.01122060256847246 0.009147704558943315
v 0.03438001795986745 0.010364295498075937 0.008852411690608575
v 0.03013617658703116 0.011142633013682679 0.009092965557930266
v 0.04494440673679545 0.008333850302758017 0.007883486645350046
v 0.03560782792419115 0.010178988940202083 0.008740754542665985
v 0.030138379574806695 -0.0017919201509914578 -0.00838232652423776
v 0.030149425031263943 -0.002903548140154172 -0.009116950468127105
v 0.03561999299434904 -0.0019500983687630036 -0.008762270389940374
v 0.03560924317694392 -0.0009669862848858332 -0.008054255868091276
v 0.046586530990817554 9.454284312360433e-05 -0.00773175514705432
v 0.046576162643157115 0.0008342723050600714 -0.007110125879399853
v 0.03561020829539796 0.0008028627419341336 -0.006143978887556967
v 0.05747128568872384 0.0013781539856324437 -0.00672672828199633
v 0.05746291242782808 0.0019486480684774432 -0.006187965686978991
v 0.055438437234014426 0.006973605964010476 0.006910013050223374
v 0.06587036445679928 0.006193995293130861 0.0059507310832732085
v 0.05746376692005617 0.006815535869069689 0.006713149389597217
v 0.0866776927156021 0.0052000706281546405 0.0038105778119894296
v 0.06829057636374536 0.006089511683737003 0.0057117617459034875
v 0.06829571857590366 0.0021018062636182777 -0.0057249071933052065
v 0.06829031696431898 0.002558448913023703 -0.005268255007156164
v 0.08990950439254242 0.003231475029890629 -0.003415446443658099
v 0.08990950439254242 0.003173639209806539 -0.003429390831756335
v 0.08990950439254242 0.0033018528599240704 -0.003362920682419973
v 0.04657667381261499 0.008110781101183795 0.007715735325126427
v 0.04657562858551456 0.0021254478510449037 -0.005444634219330113
v 0.035609842084443066 0.0030153340341355916 -0.0034079550931283287
v 0.05746112333472553 0.0029136034442053815 -0.004746933685702837
v 0.04657557136505286 0.0036836778483051447 -0.003057145740757161
v 0.030136712552022438 0.00540742279941081 -0.00021121184040960236
v 0.03560839249941328 0.005335167661396356 -0.00022078997945439854
v 0.03013465833744733 0.007879758732270148 0.0031709190921083708
v 0.035607064984701786 0.007449066992758213 0.003032266760846225
v 0.024718957167739752 0.008196471603605926 0.0031750525552105835
v 0.0465759986111669 0.005247872601860659 -0.00025936625639691804
v 0.06828795948129684 0.0033101934574729375 -0.004040381146650229
v 0.08990950439254242 0.0034802352650947777 -0.0031421252789426424
v 0.08990950439254242 0.003918470807226376 -0.0023442147891548915
v 0.05746011625459957 0.004041028214704645 -0.002680801995769977
v 0.06828580799193684 0.0041717726781595466 -0.002280567754347762
v 0.05746034513644638 0.005125777488029226 -0.00025332145105990897
v 0.0682849077233394 0.004980510948231487 -0.0002149651003658954
v 0.08990950439254242 0.004781863916548945 0.00011067678559992071
v 0.04657649070713754 0.006586582019846576 0.002619800215223622
v 0.0247205173789955 0.011661523419188025 0.009163295227408441
v 0.007411597603924069 0.007338199010349933 0.0015981857343646405
v 0.006988213394208687 0.007698768981394544 0.0027662547948574534
v 0.014190514284853073 0.009652960282099388 0.005260675203329346
v 0.0055815847186937995 0.007776691806140601 0.004922493214762902
v 0.005184349306301961 0.007629141216246582 0.005414172429705766
v 0.014189037996941156 0.01039846660413013 0.007226451263342981
v 0.006317019285790593 0.007844746485428933 0.0038589488908707947
v 0.016780443988556604 0.010992258594003657 0.00766585148028881
v 0.00471764253135748 0.007367970816573588 0.005781695163684375
v 0.016781176410466392 0.010039728641534351 0.005618884830328741
v 0.019396910635048892 0.01028325415816711 0.005905110162832405
v 0.022043646905781644 0.010365084186773066 0.006092934421021157
v 0.024718514662835922 0.010302773965002454 0.006188718612887556
v 0.019396962133464424 0.011395402495903428 0.00801228942780452
v 0.022044236276537177 0.011571227623273228 0.00823655549070268
v 0.024719390135899966 0.01154257352340149 0.008346959510533991
v 0.03013411665040988 0.00984471558600708 0.006155790144526663
v 0.01418795939123807 0.010426462668692293 0.00779371727768291
v 0.016779906116216603 0.011082865287760368 0.008252402697571104
v 0.019397000280438892 0.011537236761673397 0.008612517765945182
v 0.01418743296299041 0.010343488230852294 0.007950115581467632
v 0.016779644809441496 0.011017820881594753 0.008412225169151522
v 0.019397017446577403 0.011488260814828122 0.008774421154982837
v 0.022044673059394837 0.011746952614835049 0.008844557228565586
v 0.024720044356512094 0.011736017784603758 0.008957367368811475
v 0.03013568449106052 0.011201436574825308 0.008891313975171178
v 0.02204488668245186 0.01171031435320713 0.009007348488433986
v 0.024720362883748903 0.011708111365431595 0.009119988874643492
v 0.030136016369738394 0.011182277256898687 0.009050958109645957
v 0.03013500547491499 0.011010726498018042 0.008289390004015407
v 0.03560666444146987 0.009107039884160284 0.0059095752661939005
v 0.05746123014625404 0.005992923067546507 0.0022540660975103877
v 0.04657674629186648 0.007572018506166456 0.00518406892603962
v 0.03560715272274306 0.010077661039271102 0.007966000935310524
v 0.04657674629186648 0.008101335910305485 0.007019863938924897
v 0.03560754182188264 0.010231977948761406 0.008546392846727757
v 0.04657670433019456 0.00816334000260599 0.007540172458206096
v 0.05746307264512085 0.00685650333546256 0.006100868038036167
v 0.05746221052349787 0.0065813830640637505 0.0044947225798208645
v 0.06828530445187386 0.005599479941253982 0.0019165630058801814
v 0.0682867006311394 0.005993460463049327 0.0038209618952768365
v 0.08969339415278554 0.005031262636738254 0.0013625226667976498
v 0.08900055354370551 0.005183709867642439 0.0025522927066003176
v 0.06828870716199642 0.006151414209717987 0.005187555082668827
v 0.03560773255675498 0.010213441380192978 0.008700427468606997
v 0.05746348081774766 0.006866791097639435 0.006557739569288401
v 0.04657668525670733 0.00813820686847766 0.007679290182556753
v 0.0682898057948611 0.006139329725043663 0.005577696588321135
v 0.08795886648250928 0.0052361919982785166 0.0033911647023161795
v 0.05746368299671234 0.0068385418325342395 0.006680732567531378
v 0.06829033985250366 0.006110194496456445 0.005683498652520047
v 0.003883791631155986 0.00665339501511597 0.005963438794142906
v 0.003915977902444884 0.006554058863089407 0.0059430959663334115
v 0.00405811853610355 0.006408652609997678 0.005876471321750454
v 0.004377907960930183 0.00619099407991458 0.005693693431446656
v 0.014156523423253242 0.008978251883658417 0.007399005764489319
v 0.004993466614435227 0.005815349855071705 0.005231387863681436
v 0.014155724244138135 0.00705439887174808 0.005672388823043384
v 0.0060361841207792755 0.005052914382609186 0.00410982389897202
v 0.01675019725250082 0.00752147471867054 0.006007186221300143
v 0.016750607332476353 0.009608336905040926 0.007823501004836086
v 0.019369866337499708 0.010063333989335232 0.008153963476281723
v 0.02201930150667608 0.010299867165547982 0.008363405624901565
v 0.019369893040381836 0.007869754211378699 0.006264984428430154
v 0.02201966008823608 0.008067339326659484 0.00642364150994057
v 0.02469662783623483 0.008127338795451688 0.006490374873400762
v 0.024696055631617808 0.010337878718256754 0.008460277959214668
v 0.016750267824403586 0.004981972931027978 0.003382378738840397
v 0.01936988922568439 0.005174754388548863 0.0035349177609018956
v 0.01415588350775654 0.0047429540025914485 0.0031794706901097647
v 0.006804873789705845 0.004216990194345349 0.002833390608898284
v 0.014156974511226328 0.002363736503338959 0.00026001949353236103
v 0.016750809511441034 0.002353650204870994 0.00030024753446935074
v 0.007298627246385414 0.0033318540248317152 0.0014594656922228139
v 0.007514881490970904 0.0024502252312018358 3.1518922753133796e-05
v 0.007443527098391078 0.0016137862972012695 -0.0014501356575236796
v 0.014158940034085798 0.0002260245192118454 -0.002722508082955988
v 0.007051678515631321 0.0009087764456380126 -0.0029433397260590632
v 0.016751801332777205 -1.6273571951270225e-05 -0.0028583368228517203
v 0.01936985680075609 0.0023736823732571632 0.00032470573537050906
v 0.02201922330537842 0.0024249077995031065 0.00032860626350987576
v 0.0220196372000514 0.005305576099627063 0.0036223897270316885
v 0.024696635465629724 0.00537892462529721 0.003649902040273878
v 0.019369797672945666 -0.00015938187402531057 -0.0029708792190205613
v 0.022018412682170974 -0.00018798264263860352 -0.0030534237881420234
v 0.01936973854513524 -0.0021252337511507013 -0.005899960321279207
v 0.022017624947148207 -0.0022299827204357026 -0.006061190416217499
v 0.024696032743433127 0.0025028623339216904 0.00031409637631747353
v 0.01675272830425678 -0.0018383847156144828 -0.005659981519597623
v 0.02469479105941419 -0.00011451978035318527 -0.003107365278970098
v 0.014160761552116652 -0.0013966519303892228 -0.005359371439859206
v 0.030114331722101984 0.00792411889520478 0.006401142901236445
v 0.03011362981777177 0.009950294013568173 0.008379341523485628
v 0.03558680894125921 0.009164495903429826 0.008037200355806573
v 0.03558733155480942 0.00743916642237219 0.0061034315147204254
v 0.046558721846430284 0.006329222026085768 0.0053007838859595036
v 0.04655906135450305 0.007437425966662081 0.007066017009659531
v 0.035587541363168995 0.005270611059666752 0.0033441301980527416
v 0.04655837852366007 0.004930617089813072 0.0028096176528283334
v 0.05744943891644594 0.005607930926610216 0.004576077201757511
v 0.030114461421815175 0.005387807148302115 0.0035618027948326747
v 0.08660578566872967 0.005195551642191709 0.003819624128565957
v 0.06828256549910705 0.005720636162676318 0.005226781139677228
v 0.0866776927156021 0.0052000706281546405 0.0038105778119894296
v 0.05745074354297275 0.006345647159617385 0.00613731270376866
v 0.06828067340917343 0.005170045621387953 0.0038997382585766183
v 0.08897264521718462 0.004507021641226572 0.002584208372789082
v 0.08791354787684114 0.004889882319964456 0.003415392799475253
v 0.05744754301181487 0.0046776549653712585 0.0023834923445788248
v 0.030113896846593047 0.0027165368893587727 0.0002441512164210076
v 0.03558728577844006 0.0029698621253138047 0.00014348196174724
v 0.030112536906953258 0.0002659376091908826 -0.003141699463340142
v 0.035586427471514526 0.0008366717497541171 -0.0030984028857374
v 0.030111085414574745 -0.0016769150099928132 -0.006140370660609462
v 0.035585408947296227 -0.0008675491625862244 -0.00595251779218986
v 0.04655851203807071 0.0019769519314398465 -0.0028757010872110245
v 0.024693555097441422 -0.0021713720399327285 -0.00614857178328293
v 0.046558241194551986 0.003419053716931242 -3.7443218668554035e-05
v 0.06827743854573853 0.004484626506190692 0.002033532716063935
v 0.05744618497952381 0.0036573840924786216 -0.0001037665133290849
v 0.08966598173693274 0.004098847107068815 0.0014370250192361628
v 0.08990950439254242 0.0037109238479818285 0.00011067680050108261
v 0.06827475299873598 0.003735670982412259 -8.361064294738936e-05
v 0.057446463452437424 0.00266096151593051 -0.0025627099300717937
v 0.0682744783405198 0.003004524612082865 -0.002175852402084011
v 0.046559057539805604 0.0008074262525688269 -0.00534203411680062
v 0.006286166012840766 0.0004650821012623478 -0.0043962628545327065
v 0.016752854189272526 -0.002834609881569722 -0.007676771051730313
v 0.014160993294986546 -0.0022441969983783006 -0.007255019532522167
v 0.005354588286098083 0.00047782861475763674 -0.005423339624507639
v 0.004621062021399058 0.000783298470031675 -0.005840692320722429
v 0.014160163598291864 -0.0022932397024288953 -0.007794703853810092
v 0.016752440294599547 -0.0029337362252367105 -0.008250655566140463
v 0.004241170607786338 0.0010208622702061881 -0.0059233892393231735
v 0.019369730915740346 -0.003234057103224941 -0.008009527586853027
v 0.022017483803342675 -0.0034056572147538045 -0.008226519975394475
v 0.02469329569801504 -0.0033720492534101976 -0.008335401930944508
v 0.030110675334599213 -0.0028288277539147144 -0.00828782407071349
v 0.01936975571127375 -0.0033745943718629934 -0.008609345845018157
v 0.022017808052625654 -0.0035748564510770797 -0.008841538849210795
v 0.02469377825724206 -0.003557973315433255 -0.008955710836445196
v 0.016752087435085716 -0.002867698328804791 -0.008405601900709492
v 0.019369776692109708 -0.0033251608997426907 -0.008771240650986556
v 0.014159463601310374 -0.0022089215374132554 -0.007940357585398683
v 0.004065776541228028 0.0011654549198580888 -0.005944440170346232
v 0.01675188716346976 -0.0028049718281752956 -0.008448290272488057
v 0.01936978813620205 -0.0032694934967385236 -0.008815606535967357
v 0.02201809224758544 -0.003538460422737033 -0.009007343720062178
v 0.003933414407637087 0.0013503295824553868 -0.005953315540793425
v 0.022018256279575654 -0.0034888314473725812 -0.009052536440714576
v 0.024694207410704827 -0.003531132150523114 -0.009122629598951049
v 0.02469445536603887 -0.0034864784943036686 -0.00916787477169334
v 0.030111609935473682 -0.0030034514900073583 -0.009057485056977455
v 0.030111878871643682 -0.0029660884358645445 -0.00910101361586868
v 0.030111154079128788 -0.0030196703914582568 -0.008894985621463736
v 0.035585016033459205 -0.0018836314380776126 -0.007984773061446293
v 0.04655946952712986 0.00011330942602714566 -0.007077236034850609
v 0.05744826017493487 0.0018450592440534541 -0.004684933884936959
v 0.035585267803490694 -0.002053480722687684 -0.008557154108225218
v 0.046559500044709434 5.841172577719937e-06 -0.0075624426619005924
v 0.05745105253346594 0.0013203937442415187 -0.006691182454349742
v 0.04655944663894518 2.300332037095845e-05 -0.007689653761845383
v 0.05745028959397658 0.001366996830065581 -0.00616906338429285
v 0.03558553864700942 -0.002039838649362108 -0.00870927565933488
v 0.05745092283375275 0.001301357927144739 -0.006583069637172423
v 0.0682801164633462 0.002071125367309329 -0.005246120225221029
v 0.06827680530596236 0.002409851665517715 -0.003981864164653293
v 0.08990950439254242 0.0031677652909942178 -0.0022986539501988756
v 0.06828148975442705 0.0020329016220550777 -0.0056000473774991955
v 0.08990950439254242 0.003078797486628093 -0.0031300162371535045
v 0.08990950439254242 0.003103242306285864 -0.003346202055603542
v 0.06828197040630535 0.00205297456002021 -0.005693218501614528
v 0.03558570267899963 -0.002007099723780603 -0.00874950259758589
v 0.046559404677273264 5.03275083067853e-05 -0.007722507366768883
v 0.05745106397755828 0.0013436979693626921 -0.00671888431037132
v 0.0682821458823879 0.002073473075169252 -0.005717397007706793
v 0.08990950439254242 0.003132696777365662 -0.0034044210143624465
v 0.08990950439254242 0.0031517318792066706 -0.003421062155136989
v 0.08990950439254242 0.003173639209806539 -0.003429390831756335
v 0.08795886648250928 0.0052361919982785166 0.0033911647023161795
v 0.08791354787684114 0.004889882319964456 0.003415392799475253
v 0.08900055354370551 0.005183709867642439 0.0025522927066003176
v 0.0866776927156021 0.0052000706281546405 0.0038105778119894296
v 0.08660578566872967 0.005195551642191709 0.003819624128565957
v 0.08897264521718462 0.004507021641226572 0.002584208372789082
v 0.08966598173693274 0.004098847107068815 0.0014370250192361628
v 0.08990950439254242 0.0037109238479818285 0.00011067680050108261
v 0.08990950439254242 0.004781863916548945 0.00011067678559992071
v 0.08969339415278554 0.005031262636738254 0.0013625226667976498
v 0.08990950439254242 0.003103242306285864 -0.003346202055603542
v 0.08990950439254242 0.003132696777365662 -0.0034044210143624465
v 0.08990950439254242 0.0031517318792066706 -0.003421062155136989
v 0.08990950439254242 0.003173639209806539 -0.003429390831756335
v 0.08990950439254242 0.003078797486628093 -0.0031300162371535045
v 0.08990950439254242 0.003231475029890629 -0.003415446443658099
v 0.08990950439254242 0.0031677652909942178 -0.0022986539501988756
v 0.08990950439254242 0.0034802352650947777 -0.0031421252789426424
v 0.08990950439254242 0.0033018528599240704 -0.003362920682419973
v 0.08990950439254242 0.003918470807226376 -0.0023442147891548915
v 0.08990950439254242 0.0037109238479818285 0.00011067680050108261
v 0.08990950439254242 0.004781863916548945 0.00011067678559992071
v 0.003189015063121692 0.0013503295824553868 0.006383094613941209
v 0.003185680540715996 0.001517826748461612 0.006363529507573684
v -0.00016670695739058258 -0.0020638810184392398 0.016304640590713015
v -0.00712838159086876 0.006754764877718866 0.00040616111896393456
v -0.013776594816340415 0.010078114988267273 0.007982908151231982
v -0.007284663546381354 0.007095853188902601 0.0007631610398378327
v 0.003125705390620015 0.001673364122716306 0.0063973706422987275
v -0.0006646646576913967 -0.0007674706942783702 0.015994621082884852
v -0.0016037208603599667 -0.0014298405134322706 0.018447617453363208
v 0.0029362410509477244 0.001931919189661624 0.006509601425369882
v 0.0024693490247584826 0.002367819183281411 0.0067422068937239565
v -0.002093810180932576 0.0012763053784999728 0.01516754603902326
v -0.003147126585714005 0.0007075054981585394 0.017555542826031
v -0.0010585911776760104 -0.00273220099074975 0.018782454429105977
v -0.01699685368206305 0.011269302903427203 0.011904985993312911
v -0.01848759929730326 0.011549439025131392 0.013979777046450037
v -0.01733554731692455 0.011432492799178795 0.012389074914010978
v -0.01989156436032591 0.01161223466715211 0.016135376742951735
v -0.018860989512792248 0.011659445362753873 0.014565965390637703
v -0.002635022765385131 -0.001909717173683989 0.020876555480718872
v -0.00205061183178909 -0.0031987406342623426 0.021231526429585923
v -0.0037826067813792608 -0.002159180266892713 0.0232729770270379
v -0.005037771464256879 -0.0021993940921212485 0.025638535763663484
v -0.003171116979538424 -0.0034197277262863757 0.023641617944205606
v -0.005480880520795373 3.4087443480696096e-05 0.022293336019814092
v -0.0067689541217094695 -3.95846646454351e-05 0.02464038202973029
v -0.004271321976405951 0.00027787260540900957 0.019931908600523407
v -0.004410611838978895 -0.0034193054869627315 0.026014834685955668
v -0.01571321752795396 0.01095659021920159 0.010303287995483412
v 0.0014259044609229304 0.003161728770703226 0.007101184705421704
v -0.004192639550030797 0.0036942924823694934 0.013957208342680327
v -0.005396216171986434 0.003295900501395499 0.016257735070906998
v -0.0007836699261955585 0.004704300150200069 0.007313062538361337
v -0.0030017472739229945 0.006155616098955652 0.006840901222905094
v -0.006695125420998205 0.006095463088591213 0.01251632559144178
v -0.00805445423235851 0.005933651252292282 0.01472496484124397
v -0.004073182299483835 0.006793271387421362 0.006331231417965877
v -0.006640698748338614 0.002974790952833678 0.018563898968285697
v -0.007929004568959785 0.0027700451736080434 0.020879349746598663
v -0.009256962262191859 0.002673447974348292 0.02320310321390462
v -0.010788895165765311 0.005644922047751966 0.01922655959851527
v -0.009421573132742389 0.005775346076621335 0.01695822033367045
v -0.010802215135575222 0.008269585048545913 0.013140208868450132
v -0.012276219951070089 0.008312599576956181 0.015309970629223124
v -0.012155245404613657 0.005542931343139601 0.021527300903473323
v -0.013711303408515119 0.008285021221764444 0.017537907479734383
v -0.012009478185776024 0.0027340570794762153 0.02786789263529932
v -0.009304500068099686 0.008152391820933635 0.011013124035363364
v -0.009536219096134557 0.000210611368288453 0.02929664560233136
v -0.022482489700063057 0.01122060256847246 0.020645405796277938
v -0.024856421697584397 0.010364295498075937 0.025347762358128856
v -0.022942828314457264 0.011142633013682679 0.021552212785149738
v -0.029299504718067748 0.008333850302758017 0.034981256239157155
v -0.025373629821515697 0.010178988940202083 0.026466904943633907
v -0.00780988110443942 -0.0017919201509914578 0.030291764744445615
v -0.0071792019439295696 -0.002903548140154172 0.030668643500749715
v -0.010221647748075435 -0.0019500983687630036 0.03522895217377364
v -0.010829431094509512 -0.0009669862848858332 0.03486563657424169
v -0.016597369028689135 9.454284312360433e-05 0.04421099682036855
v -0.01713053021734301 0.0008342723050600714 0.04389120310400729
v -0.012484263059401313 0.0008028627419341336 0.03391133660215706
v -0.022910124913245733 0.0013781539856324437 0.05313495506894084
v -0.023372519649563772 0.0019486480684774432 0.05285832465419027
v -0.033703466108885305 0.006973605964010476 0.04455608961019708
v -0.03808866681765943 0.006193995293130861 0.054070040409985864
v -0.034545640678915746 0.006815535869069689 0.046408506690369666
v -0.046638902972064855 0.0052000706281546405 0.07315979351396606
v -0.0390918216199454 0.006089511683737003 0.05628549461677679
v -0.02918994279269782 0.0021018062636182777 0.06200827702360412
v -0.02958271548591407 0.002558448913023703 0.06177527530355276
v -0.041996889201776355 0.003231475029890629 0.07957163616470364
v -0.041984811869659744 0.003173639209806539 0.07957860943163642
v -0.04204237565413216 0.0033018528599240704 0.07954537578747978
v -0.029970359318413076 0.008110781101183795 0.03647871190720631
v -0.01857262318134656 0.0021254478510449037 0.04305799307297686
v -0.014853545894409348 0.0030153340341355916 0.032543004627985095
v -0.024619595743342604 0.0029136034442053815 0.052136259647970196
v -0.020640219715098995 0.0036836778483051447 0.041864202580483845
v -0.014885441533436516 0.00540742279941081 0.02620476465713506
v -0.01761298644753384 0.005335167661396356 0.03094816736351369
v -0.017813425910179204 0.007879758732270148 0.024511920185860125
v -0.020429553048598725 0.007449066992758213 0.02932048936872267
v -0.01510915541887925 0.008196471603605926 0.01981972025596135
v -0.02306338038317146 0.005247872601860659 0.0404656810907178
v -0.03064490654588692 0.0033101934574729375 0.061159297033328563
v -0.042233591178351126 0.0034802352650947777 0.079434978443369
v -0.04292460073265669 0.003918470807226376 0.07903602212559147
v -0.02640841609503064 0.004041028214704645 0.051102320237288446
v -0.03216787491046036 0.0041717726781595466 0.0602775259038002
v -0.02851078931805695 0.005125777488029226 0.049888781056113274
v -0.03395628899687031 0.004980510948231487 0.05924394507467845
v -0.04505060028431984 0.004781863916548945 0.07780857455752521
v -0.025557057640896996 0.006586582019846576 0.03902652162905085
v -0.020295905123549618 0.011661523419188025 0.016826948965130706
v -0.005089868310450829 0.007338199010349933 0.005619539050940869
v -0.005889753621423077 0.007698768981394544 0.0046688430142691195
v -0.011651135998040352 0.009652960282099388 0.00965900848490131
v -0.007053796626388664 0.007776691806140601 0.0023725475007667363
v -0.007280985701205445 0.007629141216246582 0.0017826919210304354
v -0.013352809586555936 0.01039846660413013 0.00867484229283122
v -0.006500457118752689 0.007844746485428933 0.0035412246478744303
v -0.015029043911473083 0.010992258594003657 0.010699365170362962
v -0.007365916125161298 0.007367970816573588 0.0011947507233659588
v -0.01325668588661677 0.010039728641534351 0.011723483642467891
v -0.014812430131653231 0.01028325415816711 0.013845661820963695
v -0.016298458873500454 0.010365084186773066 0.016043890761433532
v -0.017718844301682912 0.010302773965002454 0.018312500869797077
v -0.016637327984444505 0.011395402495903428 0.012792116772754047
v -0.018155184654439216 0.011571227623273228 0.014972591157632054
v -0.019588374114601903 0.01154257352340149 0.01723414121469591
v -0.0203981294783806 0.00984471558600708 0.02301901545186502
v -0.01384353703448582 0.010426462668692293 0.008390274446368196
v -0.015536743902018202 0.011082865287760368 0.010405623930214714
v -0.01715715871287049 0.011537236761673397 0.012492035505449195
v -0.013978718467908546 0.010343488230852294 0.00831161919971235
v -0.01567502286976774 0.011017820881594753 0.010325486673600781
v -0.01729738126896918 0.011488260814828122 0.012411100023394517
v -0.018681948595474784 0.011746952614835049 0.014668968897422197
v -0.020117329599320666 0.011736017784603758 0.016929503291290837
v -0.022767945417356827 0.011201436574825308 0.02165261180725242
v -0.0188230370878939 0.01171031435320713 0.014587757803476986
v -0.020258322724303612 0.011708111365431595 0.01684846767342818
v -0.022906367436260622 0.011182277256898687 0.02157307536548636
v -0.022246325595828287 0.011010726498018042 0.021952986806260677
v -0.022921174184400428 0.009107039884160284 0.02788148821699976
v -0.030682694938795052 0.005992923067546507 0.048635855123799754
v -0.02777790964457516 0.007572018506166456 0.03774461162553644
v -0.024702336530963986 0.010077661039271102 0.026853698098602274
v -0.029367753470088687 0.008101335910305485 0.03682671531118675
v -0.025205165152869524 0.010231977948761406 0.026563840220454882
v -0.029818334088413945 0.00816334000260599 0.036566522427734505
v -0.03401504296694613 0.00685650333546256 0.046714044882372185
v -0.03262364733201073 0.0065813830640637505 0.04751637112287321
v -0.03580244234383523 0.005599479941253982 0.05817852296596815
v -0.037452401986413086 0.005993460463049327 0.0572275379659648
v -0.04602667454943088 0.005031262636738254 0.07699549468492162
v -0.04671062691345984 0.005183709867642439 0.07580059411547158
v -0.03863690750532056 0.006151414209717987 0.056545977417234994
v -0.025338658582672036 0.010213441380192978 0.026486987418342656
v -0.03441090937979174 0.006866791097639435 0.04648596412202721
v -0.029938802233784312 0.00813820686847766 0.036496946161002075
v -0.03897532838931461 0.006139329725043663 0.056351855093561554
v -0.04691626580872521 0.0052361919982785166 0.07447903033199754
v -0.03451752635873273 0.0068385418325342395 0.04642464286056969
v -0.0390672206361109 0.006110194496456445 0.05629941826245766
v -0.007106385091716072 0.00665339501511597 0.0003817430319906154
v -0.007104860643248889 0.006554058863089407 0.00041978838053458034
v -0.007118232588311513 0.006408652609997678 0.0005761980688069948
v -0.007119837145425079 0.00619099407991458 0.0009445327968999467
v -0.013485988303819085 0.008978251883658417 0.008560406137798626
v -0.007027248239507566 0.005815349855071705 0.0017087751246500082
v -0.01199029502599036 0.00705439887174808 0.009423021764097816
v -0.006577303721981564 0.005052914382609186 0.003172576578149011
v -0.013577474285337288 0.00752147471867054 0.0115025029877458
v -0.01515065360505441 0.009608336905040926 0.010594700362840381
v -0.01674647410779273 0.010063333989335232 0.012697814590845735
v -0.01825257197290764 0.010299867165547982 0.014887572041960562
v -0.015110582115724358 0.007869754211378699 0.0136423270029562
v -0.01657286531963953 0.008067339326659484 0.01585776308993425
v -0.01796914376730685 0.008127338795451688 0.018142720130531753
v -0.019674843768977546 0.010337878718256754 0.017157273153793895
v -0.011304359972963418 0.004981972931027978 0.012814967764134821
v -0.012746273646186967 0.005174754388548863 0.01500735735648795
v -0.009831444253589616 0.0047429540025914485 0.010669619113347073
v -0.005856225291888673 0.004216990194345349 0.004476498339605894
v -0.007303670753247282 0.002363736503338959 0.012130289653916604
v -0.00863542693146202 0.002353650204870994 0.014356503214856264
v -0.004913247818663369 0.0033318540248317152 0.00559106376501195
v -0.0037847370514847156 0.0024502252312018358 0.006492318938587094
v -0.0024659091213358186 0.0016137862972012695 0.007171351296584028
v -0.004721708521998602 0.0002260245192118454 0.013623255423070857
v -0.000976832257414649 0.0009087764456380126 0.007578602673959656
v -0.005900508207200006 -1.6273571951270225e-05 0.015936653894157438
v -0.00996613168369298 0.0023736823732571632 0.016612435176255325
v -0.011294192850593299 0.0024249077995031065 0.018904904309799964
v -0.014146900848943655 0.005305576099627063 0.017258370265529344
v -0.015509225628311252 0.00537892462529721 0.019562962507559956
v -0.007112041334355335 -0.00015938187402531057 0.01826017657226786
v -0.00836486379300061 -0.00018798264263860352 0.020595215821970214
v -0.004575353839754159 -0.0021252337511507013 0.019724667532330376
v -0.005759668146952113 -0.0022299827204357026 0.02209841833172299
v -0.012620031956230848 0.0025028623339216904 0.02123034387337741
v -0.0034746760588218184 -0.0018383847156144828 0.017338278640296467
v -0.009656338196688541 -0.00011451978035318527 0.022939999716300452
v -0.002439028855776848 -0.0013966519303892228 0.014943265671009676
v -0.020600718523037242 0.00792411889520478 0.022879204883090587
v -0.022313538657492415 0.009950294013568173 0.02188949879665336
v -0.024753823502403627 0.009164495903429826 0.02680047925452178
v -0.02307939257570446 0.00743916642237219 0.027767815955130892
v -0.02786997546010528 0.006329222026085768 0.03767064464204273
v -0.02939887949390596 0.007437425966662081 0.036788320381384576
v -0.02068987181706672 0.005270611059666752 0.029147649242105
v -0.025712390213582514 0.004930617089813072 0.03891592973537028
v -0.03268771899032741 0.005607930926610216 0.04746463238140208
v -0.018141842750118986 0.005387807148302115 0.02429898758907645
v -0.046610784837184394 0.005195551642191709 0.07309299816167236
v -0.03866780655463975 0.005720636162676318 0.05652104455472262
v -0.046638902972064855 0.0052000706281546405 0.07315979351396606
v -0.03404044122254701 0.006345647159617385 0.04668514473451513
v -0.037517610424568915 0.005170045621387953 0.05718292889402177
v -0.04672431404789901 0.004507021641226572 0.07576047112772599
v -0.04691459115654606 0.004889882319964456 0.07442766924557365
v -0.030787936719306463 0.0046776549653712585 0.048559286516647315
v -0.015268389473378496 0.0027165368893587727 0.02595732430724751
v -0.017917900936503806 0.0029698621253138047 0.03074775269640173
v -0.012335477461208888 0.0002659376091908826 0.027649072053006485
v -0.01510991740469425 0.0008366717497541171 0.032367951976848275
v -0.009737825856198645 -0.0016769150099928132 0.029147149516739468
v -0.012637672070899275 -0.0008675491625862244 0.03379412620840627
v -0.020788825068837058 0.0019769519314398465 0.04175870330789477
v -0.007021958684660379 -0.0021713720399327285 0.024459532945823037
v -0.023246693761629356 0.003419053716931242 0.04033933831127934
v -0.03589981249616514 0.004484626506190692 0.05811323060446849
v -0.028633227754658597 0.0036573840924786216 0.049801737289771886
v -0.04607749013411988 0.004098847107068815 0.07693450530214196
v -0.04505060028431984 0.0037109238479818285 0.07780857455752521
v -0.03406496591243258 0.003735670982412259 0.05916947455112176
v -0.02650385982514991 0.00266096151593051 0.051031450788121546
v -0.032252896887154936 0.003004524612082865 0.06021536159420693
v -0.01865319149877198 0.0008074262525688269 0.042992342129917205
v 0.0006641921120451727 0.0004650821012623478 0.007642110710728567
v -0.0017281486616801262 -0.002834609881569722 0.01834678355575159
v -0.0007974657199073115 -0.0022441969983783006 0.015891289512119933
v 0.002019455767229422 0.00047782861475763674 0.0073488796863638295
v 0.002747656952711286 0.000783298470031675 0.006922303051722645
v -0.0003296705342952129 -0.0022932397024288953 0.01616041260229517
v -0.0012309424269740105 -0.0029337362252367105 0.018633366516140892
v 0.003009220266221302 0.0010208622702061881 0.006634656267582861
v -0.002748411070712803 -0.003234057103224941 0.02077944282046662
v -0.0038843666967960933 -0.0034056572147538045 0.02318096080257459
v -0.0051279785684560375 -0.0033720492534101976 0.025552722237248693
v -0.007877871410708337 -0.0028288277539147144 0.030220521454928928
v -0.002228965149891765 -0.0033745943718629934 0.021079373407222324
v -0.0033519069356352515 -0.0035748564510770797 0.023488751573419453
v -0.004591015556959233 -0.003557973315433255 0.025863293922532282
v -0.0010965791269443304 -0.002867698328804791 0.018710535938141204
v -0.0020887709656053355 -0.0033251608997426907 0.021160338453182215
v -0.00020318057608065092 -0.0022089215374132554 0.016232634361706966
v 0.0031151479770173685 0.0011654549198580888 0.006493285964389861
v -0.0010595089700398547 -0.0028049718281752956 0.01873170369427357
v -0.002050355054967201 -0.0032694934967385236 0.021182532362927775
v -0.003208457622333738 -0.003538460422737033 0.02357189862631892
v 0.003189015063121692 0.0013503295824553868 0.006383094613941209
v -0.0031694010809431294 -0.0034888314473725812 0.023594638037799376
v -0.004446674558129526 -0.003531132150523114 0.025947125713623453
v -0.004407615870971604 -0.0034864784943036686 0.025969964307237525
v -0.007211793288403601 -0.0030034514900073583 0.030606162571268358
v -0.007174230916319191 -0.0029660884358645445 0.030628158116746684
v -0.0073522938405787275 -0.0030196703914582568 0.030524518509162935
v -0.01087749056029319 -0.0018836314380776126 0.03480991147393864
v -0.017150668005164738 0.00011330942602714566 0.043860304054688104
v -0.0246668579373599 0.0018450592440534541 0.05209411868527525
v -0.010381921307628939 -0.002053480722687684 0.035096322772942834
v -0.01673048289609569 5.841172577719937e-06 0.04410293025639778
v -0.022930791036663845 0.0013203937442415187 0.05309966148816292
v -0.01662028773094959 2.300332037095845e-05 0.04416649074525658
v -0.02338257900673102 0.001366996830065581 0.052837942725731946
v -0.0102503161530626 -0.002039838649362108 0.03517262053657655
v -0.02302435602829056 0.001301357927144739 0.05304549278441817
v -0.02959678599744664 0.002071125367309329 0.06175537784167018
v -0.03069000580645187 0.002409851665517715 0.06112037948997617
v -0.04296405996304653 0.0031677652909942178 0.0790132407524391
v -0.029290963610484333 0.0020329016220550777 0.06193353184183126
v -0.042244077781632416 0.003078797486628093 0.07942892070382346
v -0.04205685624564026 0.003103242306285864 0.07953701397067636
v -0.029210513548679762 0.00205297456002021 0.061980532729073445
v -0.010215560444624683 -0.002007099723780603 0.03519287658001913
v -0.016591814829206575 5.03275083067853e-05 0.04418287868548809
v -0.02290680803381573 0.0013436979693626921 0.05311352409868464
v -0.02918966241243548 0.002073473075169252 0.06199277409318027
v -0.04200643738948573 0.003132696777365662 0.07956612011219555
v -0.04199202546253167 0.0031517318792066706 0.0795744437820245
v -0.041984811869659744 0.003173639209806539 0.07957860943163642
v -0.04691626580872521 0.0052361919982785166 0.07447903033199754
v -0.04691459115654606 0.004889882319964456 0.07442766924557365
v -0.04671062691345984 0.005183709867642439 0.07580059411547158
v -0.046638902972064855 0.0052000706281546405 0.07315979351396606
v -0.046610784837184394 0.005195551642191709 0.07309299816167236
v -0.04672431404789901 0.004507021641226572 0.07576047112772599
v -0.04607749013411988 0.004098847107068815 0.07693450530214196
v -0.04505060028431984 0.0037109238479818285 0.07780857455752521
v -0.04505060028431984 0.004781863916548945 0.07780857455752521
v -0.04602667454943088 0.005031262636738254 0.07699549468492162
v -0.04205685624564026 0.003103242306285864 0.07953701397067636
v -0.04200643738948573 0.003132696777365662 0.07956612011219555
v -0.04199202546253167 0.0031517318792066706 0.0795744437820245
v -0.041984811869659744 0.003173639209806539 0.07957860943163642
v -0.042244077781632416 0.003078797486628093 0.07942892070382346
v -0.041996889201776355 0.003231475029890629 0.07957163616470364
v -0.04296405996304653 0.0031677652909942178 0.0790132407524391
v -0.042233591178351126 0.0034802352650947777 0.079434978443369
v -0.04204237565413216 0.0033018528599240704 0.07954537578747978
v -0.04292460073265669 0.003918470807226376 0.07903602212559147
v -0.04505060028431984 0.0037109238479818285 0.07780857455752521
v 0.003081899789326714 0.007293062079647694 -0.006308218778780794
v 0.003166934640625174 0.0073855251005494615 -0.006242637930786721
v 0.0034389652455106556 0.006806790675172869 -0.006097009471568715
v 0.002981414936531479 0.007095853188902601 -0.006690284093101018
v 0.0032993587630496257 0.006778868043536557 -0.006215011415039717
v 0.0032124449348400197 0.006754764877718866 -0.006376440351082424
v 0.0025959063809283256 0.007506569742071478 -0.00664483960241713
v 0.002700524458407183 0.0078000005612149925 -0.006458109208721252
v 0.0026302434263214547 0.007642531757959259 -0.006524507355643305
v 0.002602203015901472 0.0074106844607227385 -0.0068026712787674914
v 0.002648273593803818 0.007367970816573588 -0.006976446006259629
v -0.001050225188547263 0.007688674815113095 -0.007285138953050663
v -0.0023217292934732403 0.007338199010349933 -0.007217724666096215
v -0.002255398857430868 0.00734941183665766 -0.007013796662635741
v -0.0010984597727856094 0.007698768981394544 -0.007435098047545163
v 0.0002443782654249025 0.00782732094749189 -0.00727446590643166
v 0.00018343820549114424 0.007844746485428933 -0.007400173538745225
v 0.0014722117884855696 0.007776691806140601 -0.007295040953948229
v -0.0010510831378449104 0.007719272980171166 -0.0071273859548351415
v 0.00023610765863348732 0.007838830366526106 -0.007148528438596924
v -0.0010616105107051632 0.0077974060901139786 -0.006987359378817781
v -0.0022412649265532436 0.007603770140365007 -0.006680562336657814
v -0.002296068539004298 0.0078000005612149925 -0.006612720803589323
v -0.0022268203362522943 0.007443734522564749 -0.006823012199228262
v 0.0002274141121638186 0.007881688969178235 -0.007029580450159112
v 7.595439031208672e-19 0.007947859664765022 -0.006934676499728565
v 0.0015289766322614667 0.0077511710033842385 -0.007152668815838259
v 0.0020966361564848934 0.007629141216246582 -0.0071968644699454964
v 0.002602203015901472 0.0074106844607227385 -0.0068026712787674914
v 0.00152097768855268 0.007775353801011131 -0.007013718938175262
v 0.002648273593803818 0.007367970816573588 -0.006976446006259629
v 0.0025959063809283256 0.007506569742071478 -0.00664483960241713
v 0.0013737220224550178 0.00793394555582777 -0.006811375941503939
v 0.0015201663500894608 0.007836970224683604 -0.006886601775155099
v 0.0026302434263214547 0.007642531757959259 -0.006524507355643305
v 0.002700524458407183 0.0078000005612149925 -0.006458109208721252
v -0.006377413575768542 0.0002146652442849492 -0.003012509727513407
v -0.005771693980653192 0.0002716957161729046 -0.0039607514832153135
v -0.006316061319894262 1.0408341350230506e-17 -0.003017842436125462
v -0.00638133127004642 0.00022837338936239696 -0.003012169265766279
v -0.0055458586465928494 0.0006619800643632018 -0.0043484327474330176
v -0.005706551822865502 0.0008379543225613129 -0.00439198181032302
v -0.0051180031346326205 0.000694021913590949 -0.00477556775841298
v -0.004495836948312515 0.001378847783730583 -0.0054203169536182205
v -0.0035951554098659355 0.0017826093089888528 -0.006006235407961524
v -0.0032846902976922665 0.002238661157127203 -0.006222471532734142
v -0.0046447288811962695 0.0015388279692085671 -0.005471764824409031
v -0.003413946075468549 0.0023848634898923637 -0.006283256352363209
v -0.004807179202480361 0.001630867439484443 -0.005596455839853021
v -0.0018763899502306086 0.003001450204359324 -0.006743824325441405
v -0.0065337270025350724 0.00040518306630136017 -0.0030564476511243943
v -0.006738839946389963 0.000490507685594159 -0.0031406802238660714
v -0.005901530069278571 0.0009261602007170841 -0.004505512451549176
v -0.0067515362131673196 0.0004889815383945194 -0.0031469928328847763
v -0.006950358244095234 0.0004650821012623478 -0.003245848094614451
v -0.006074846079402729 0.0009087764456380126 -0.004635262709482002
v -0.00497761797705526 0.0016137862972012695 -0.005721215519851053
v -0.003542749573178794 0.002480072139281475 -0.006410229033717574
v -0.0021648040846036776 0.003382498663391381 -0.006940847726523147
v -0.002385379189303455 0.0033318540248317152 -0.0070505293380254686
v -0.0037301446779047787 0.0024502252312018358 -0.0065238378762413896
v -0.0020685425787192457 0.003285338319421044 -0.006817968692366394
v -0.0019634514787569834 0.003150410801797121 -0.006750470482068116
v -1.9068333430639362e-16 0.004219524107124395 -0.007000000332482159
v -0.0006200217303085204 0.004190639218057124 -0.007073448993960285
v 0.0008829334201566896 0.005040503264465979 -0.007023500299266072
v 0.003300564445861409 0.006271814644208673 -0.006173028285451632
v 0.0032993587630496257 0.006778868043536557 -0.006215011415039717
v 0.0034209379390513772 0.006522327732889632 -0.006107142261661813
v 0.0019710632306749187 0.005344371095823974 -0.006716763815428073
v 0.002364164226290183 0.005813708581495214 -0.006648897963663358
v 0.002909047503360934 0.005903732103379744 -0.006366902653791029
v 0.0030188404563449844 0.0062145865531115785 -0.006360110108149797
v 0.0034389652455106556 0.006806790675172869 -0.006097009471568715
v 0.0005411199588301746 0.005052914382609186 -0.0072824004771210316
v -0.0009486486766311156 0.004216990194345349 -0.007309889186922769
v 0.002033781386653749 0.005815349855071705 -0.006940162988331444
v 0.0027419291844948956 0.00619099407991458 -0.006638226347555898
v 0.003188882979222596 0.006554058863089407 -0.006362884346867992
v 0.003222593460560086 0.00665339501511597 -0.0063451817665288734
v 0.003060114052207963 0.006408652609997678 -0.006452668973324915
v -0.003356517235918316 0.007056305743634306 -0.006185509021823243
v -0.002296068539004298 0.0078000005612149925 -0.006612720803589323
v -0.002243920194394816 0.007613277320076828 -0.006677275497970203
v -0.003347045818995059 0.006901232570375171 -0.006325771632245125
v -0.0022412649265532436 0.007603770140365007 -0.006680562336657814
v -0.003424439354470371 0.007217739448048821 -0.006105179599825428
v -0.004330367293999271 0.006396517103745003 -0.005541403556812152
v -0.004397738665607442 0.006534326863708584 -0.005446090480080434
v -0.004329405990242674 0.006255064784556896 -0.005672220022681362
v -0.0058611228865732 0.0047633745548614215 -0.00400141925744002
v -0.0022268203362522943 0.007443734522564749 -0.006823012199228262
v -0.002255398857430868 0.00734941183665766 -0.007013796662635741
v -0.003446416303298644 0.006793271387421362 -0.006693095048282138
v -0.002258612501611218 0.00734886871910867 -0.007023676729022987
v -0.0023217292934732403 0.007338199010349933 -0.007217724666096215
v -0.003391575974384664 0.006803001250096641 -0.006505155872332802
v -0.004382357805501891 0.006157241160067994 -0.005829539099062309
v -0.004423520775138912 0.006155616098955652 -0.006020040321184361
v -0.0059414627989889945 0.004704300150200069 -0.004335209098733639
v -0.005887485306953766 0.004983661411485374 -0.0037864922891474306
v -0.0067810257317799105 0.003164974362974693 -0.0019724035007809976
v -0.006766180836665636 0.0033365399038079446 -0.0017941018003031495
v -0.006862758485600973 0.003161728770703226 -0.002315722813924642
v -0.006984643791072831 0.002336924902334031 -0.0009094876482932529
v -0.006998682831351466 0.001656902511140354 -0.00013580953229804134
v -0.006993934009867364 0.0019615382887781113 -0.00029136614395275026
v -0.0070190242286494176 0.0018759990629516055 -0.00044681247210822533
v -0.006959625097867905 0.0024680305699534277 -0.0007507503985318062
v -0.0070302504063982085 0.0013353210129787851 -0.00027403835763778125
v -0.0069993432508469455 0.0013180572420553455 -9.592561134342658e-05
v -0.007073596813486349 0.002367819183281411 -0.001232584296596978
v -0.007105600694553571 0.001931919189661624 -0.0007119415144520025
v -0.007103818754008728 0.001517826748461612 -0.00042288445454752646
v -0.007103137830514472 0.001673364122716306 -0.0004917450482761453
v -0.006961891981825674 0.00038799743707093257 -0.001806462016077301
v -0.006738839946389963 0.000490507685594159 -0.0031406802238660714
v -0.0065337270025350724 0.00040518306630136017 -0.0030564476511243943
v -0.00683190187479088 0.00021583657991854945 -0.001742805682945145
v -0.00638133127004642 0.00022837338936239696 -0.003012169265766279
v -0.006316061319894262 1.0408341350230506e-17 -0.003017842436125462
v -0.007155677181612252 0.0004816448023206403 -0.0018717790539010681
v -0.006950358244095234 0.0004650821012623478 -0.003245848094614451
v -0.006792011106752371 0.0 -0.0016936913341081272
v -0.007374044291746096 0.00047782861475763674 -0.0019255397042283046
v -0.007005327080629453 0.0008709193285711889 -0.0004107698695261612
v -0.0069993432508469455 0.0013180572420553455 -9.592561134342658e-05
v -0.0070302504063982085 0.0013353210129787851 -0.00027403835763778125
v -0.006993584965050981 0.0008056756044639776 -0.0002996254407622821
v -0.0069834621885386805 0.0005448622366301462 -0.0008025384330465068
v -0.007064620353556816 0.0006755969249228402 -0.0008976193496757975
v -0.007052096701838928 0.0009469245525944511 -0.0005101723913278344
v -0.007130315165637113 0.0010118821147885038 -0.0005968182966464494
v -0.007180924279826806 0.0011654549198580888 -0.0005488456748343334
v -0.0072503908740076395 0.0010208622702061881 -0.000711266849445745
v -0.007197727545242838 0.0007709544667216725 -0.0009744837150896593
v -0.006965675208018551 0.00041642107557270103 -0.0006923702092011264
v -0.006792011106752371 0.0 -0.0016936913341081272
v -0.00683190187479088 0.00021583657991854945 -0.001742805682945145
v -0.006961891981825674 0.00038799743707093257 -0.001806462016077301
v -0.007155677181612252 0.0004816448023206403 -0.0018717790539010681
v -0.007374044291746096 0.00047782861475763674 -0.0019255397042283046
v -0.007368718974110344 0.000783298470031675 -0.0010816108502095106
v 0.003922127909984918 0.007293062079647694 0.005823112764375971
v 0.003822815838235988 0.0073855251005494615 0.005863964836171076
v 0.0035606824658762637 0.006806790675172869 0.00602673606887788
v 0.0043032486098498746 0.007095853188902601 0.005927123351286423
v 0.0037326785906838245 0.006778868043536557 0.0059648344965712585
v 0.00391593665602874 0.006754764877718866 0.005970279023502223
v 0.0044566466540926775 0.007506569742071478 0.005570540692748094
v 0.0042426240075135735 0.0078000005612149925 0.005567777421285058
v 0.004335267272869703 0.007642531757959259 0.005540111328052044
v 0.004590184429753008 0.0074106844607227385 0.005654909402504904
v 0.00471764253135748 0.007367970816573588 0.005781695163684375
v 0.006834227886559074 0.007688674815113095 0.0027330478535829428
v 0.007411597603924069 0.007338199010349933 0.0015981857343646405
v 0.007201825483975077 0.00734941183665766 0.0015536654733465383
v 0.006988213394208687 0.007698768981394544 0.0027662547948574534
v 0.006177683170011106 0.00782732094749189 0.003848870698634904
v 0.006317019285790593 0.007844746485428933 0.0038589488908707947
v 0.0055815847186937995 0.007776691806140601 0.004922493214762902
v 0.0066980388961732085 0.007719272980171166 0.002653428203728825
v 0.006072753717853152 0.007838830366526106 0.0037787396318425537
v 0.0065820358541643365 0.0077974060901139786 0.002574298027240851
v 0.006906169265708528 0.007603770140365007 0.0013992887207900373
v 0.006874818174741892 0.0078000005612149925 0.0013179066807154916
v 0.00702231202101139 0.007443734522564749 0.0014830232370963148
v 0.005974088475740047 0.007881688969178235 0.0037117368553751806
v 0.006491894553496136 0.007909817117639495 0.002529137969935341
v 0.005894126695208668 0.007950459381075026 0.003648101979916163
v 0.005429904718813605 0.0077511710033842385 0.004900467151705001
v 0.005184349306301961 0.007629141216246582 0.005414172429705766
v 0.004590184429753008 0.0074106844607227385 0.005654909402504904
v 0.00531356979812686 0.007775353801011131 0.00482406496072868
v 0.0044566466540926775 0.007506569742071478 0.005570540692748094
v 0.005143990284151856 0.007929280657687499 0.004677393181758971
v 0.005203889140298901 0.007836970224683604 0.004759803521214023
v 0.004335267272869703 0.007642531757959259 0.005540111328052044
v 0.0042426240075135735 0.0078000005612149925 0.005567777421285058
v 0.006538782430326462 0.0006619800643632018 -0.002628637915533527
v 0.005771559035731011 0.0 -0.003960948416971005
v 0.0057976162803158315 0.00021466545290121583 -0.004016747188618497
v 0.006656843978445071 0.0008379543225613129 -0.0027460280769014966
v 0.005799280442077004 0.00022837338936239696 -0.004020310116033821
v 0.0070610517040953225 0.0015388279692085671 -0.001286570848538643
v 0.006942050786730436 0.001378847783730583 -0.0011833506192554522
v 0.005913824839149651 0.00040518306630136017 -0.004130149560643004
v 0.006529178929504109 0.00047192158556357 -0.0025238522297856003
v 0.0069192174383253535 0.0012161956411096964 -0.001060394933521877
v 0.006989437435251933 0.0020955468219452378 0.00038440396227371054
v 0.0070311635495995395 0.002238661157127203 0.0002666105158600357
v 0.007148432594323573 0.0023848634898923637 0.00018506423517901036
v 0.0069388054328775595 0.003285338319421044 0.0016175740533473648
v 0.0068278044128958215 0.003150410801797121 0.0016748362383028903
v 0.00725026260480599 0.001630867439484443 -0.0013649116210737167
v 0.006089328578259556 0.000490507685594159 -0.00426566668744105
v 0.006852652875227183 0.0009261602007170841 -0.0028581186698414807
v 0.006101143649926699 0.0004889815085921956 -0.004273505890694251
v 0.006286166012840766 0.0004650821012623478 -0.0043962628545327065
v 0.007051678515631321 0.0009087764456380126 -0.0029433397260590632
v 0.007443527098391078 0.0016137862972012695 -0.0014501356575236796
v 0.007322795738896881 0.002480072139281475 0.0001370032345756559
v 0.007093352177889034 0.003382498663391381 0.0015956484837253287
v 0.007298627246385414 0.0033318540248317152 0.0014594656922228139
v 0.007514881490970904 0.0024502252312018358 3.1518922753133796e-05
v 0.006271567165711811 0.003945417114734895 0.0031092518852761375
v 0.00677122768138777 0.003020605469169907 0.0017749590524685638
v 0.0064357975201920214 0.004190639218057124 0.002999770068552593
v 0.005641063004447333 0.005040503264465979 0.004276393139824308
v 0.0035606824658762637 0.006806790675172869 0.00602673606887788
v 0.0036250995927304686 0.006394687002644894 0.005988210008850969
v 0.0037326785906838245 0.006778868043536557 0.0059648344965712585
v 0.00386231106983298 0.006076319506291561 0.005838026800881468
v 0.004440683575789306 0.005622586517363692 0.005411130685329113
v 0.003998596619747968 0.0062145865531115785 0.005794447697249072
v 0.004576032379062511 0.005813708581495214 0.00537187554125268
v 0.005490310452883895 0.004815065612614466 0.004342406479141414
v 0.006804873789705845 0.004216990194345349 0.002833390608898284
v 0.0060361841207792755 0.005052914382609186 0.00410982389897202
v 0.004993466614435227 0.005815349855071705 0.005231387863681436
v 0.004377907960930183 0.00619099407991458 0.005693693431446656
v 0.003915977902444884 0.006554058863089407 0.0059430959663334115
v 0.003883791631155986 0.00665339501511597 0.005963438794142906
v 0.00405811853610355 0.006408652609997678 0.005876471321750454
v 0.0070350664619248104 0.007056305743634306 0.00018592520941252376
v 0.006874818174741892 0.0078000005612149925 0.0013179066807154916
v 0.006904650539287516 0.007613277320076828 0.0013953457541415748
v 0.007151801925843471 0.006901232570375171 0.0002642590827096371
v 0.006906169265708528 0.007603770140365007 0.0013992887207900373
v 0.006999460552793435 0.007217739448048821 8.693844492906749e-05
v 0.0069641798466194005 0.006396517103745003 -0.0009795061815109224
v 0.006915321678557795 0.006534326863708584 -0.0010855081596979066
v 0.00707698998686529 0.006255064784556896 -0.0009132656888817883
v 0.0063958919702009065 0.0047633745548614215 -0.003075171616704897
v 0.00702231202101139 0.007443734522564749 0.0014830232370963148
v 0.007201825483975077 0.00734941183665766 0.0015536654733465383
v 0.007519598364363889 0.006793271387421362 0.00036186354090929004
v 0.00721198879164775 0.00734886871910867 0.0015558224463341208
v 0.007411597603924069 0.007338199010349933 0.0015981857343646405
v 0.007329418053664549 0.006803001250096641 0.000315386876542801
v 0.0072397078138078386 0.006157241160067994 -0.0008804637611877636
v 0.007425268049061906 0.006155616098955652 -0.0008208611401393229
v 0.006725132784789201 0.004704300150200069 -0.0029778532012091075
v 0.006222941217357281 0.004983661411485374 -0.0032054654690238937
v 0.005098664525926 0.003164974362974693 -0.004886338466036366
v 0.004936828370930846 0.0033365399038079446 -0.004962633368646996
v 0.0054368541438873375 0.003161728770703226 -0.004785461653078471
v 0.004279961312448621 0.002336924902334031 -0.0055941350732938155
v 0.0036169559289372932 0.001656902511140354 -0.005993132399068901
v 0.003749297320110867 0.0019615382887781113 -0.005911241335303796
v 0.0038964631023999385 0.0018759990629516055 -0.005855247298830746
v 0.004129981237118163 0.0024680305699534277 -0.005651836663711496
v 0.003752449452294887 0.0013353210129787851 -0.005951356216817305
v 0.0035827454838156803 0.0013180572420553455 -0.00601364593458914
v 0.0046042477887278666 0.002367819183281411 -0.005509622358708388
v 0.004169359882024437 0.001931919189661624 -0.00579766014933647
v 0.003918137974874142 0.001517826748461612 -0.005940645023223834
v 0.003977432678313048 0.001673364122716306 -0.005905625623824906
v 0.005045387984546623 0.00038799743707093257 -0.005125944381042524
v 0.006089328578259556 0.000490507685594159 -0.00426566668744105
v 0.005913824839149651 0.00040518306630136017 -0.004130149560643004
v 0.004925265069295193 0.00021583657991854945 -0.005045197726511463
v 0.005799280442077004 0.00022837338936239696 -0.004020310116033821
v 0.005771559035731011 0.0 -0.003960948416971005
v 0.005198847063948575 0.0004816448023206403 -0.00526110864832674
v 0.006286166012840766 0.0004650821012623478 -0.0043962628545327065
v 0.004862785093488198 0.0 -0.005035208464409802
v 0.005354588286098083 0.00047782861475763674 -0.005423339624507639
v 0.0038584007665314057 0.0008709193285711889 -0.005861406127858626
v 0.0035827454838156803 0.0013180572420553455 -0.00601364593458914
v 0.003752449452294887 0.0013353210129787851 -0.005951356216817305
v 0.003756275593834041 0.0008056756044639776 -0.005906809610544961
v 0.004186749657172917 0.0005448622366301462 -0.005646586686350319
v 0.004309671606675947 0.0006755969249228402 -0.005669331343039763
v 0.003967870662325429 0.0009469245525944511 -0.005852208892314359
v 0.004082017138770655 0.0010118821147885038 -0.005876624863322688
v 0.004065776541228028 0.0011654549198580888 -0.005944440170346232
v 0.004241170607786338 0.0010208622702061881 -0.0059233892393231735
v 0.00444279119612867 0.0007709544667216725 -0.005746172701059649
v 0.004082447722744964 0.00041642107557270103 -0.00568626621551771
v 0.004862785093488198 0.0 -0.005035208464409802
v 0.004925265069295193 0.00021583657991854945 -0.005045197726511463
v 0.005045387984546623 0.00038799743707093257 -0.005125944381042524
v 0.005198847063948575 0.0004816448023206403 -0.00526110864832674
v 0.005354588286098083 0.00047782861475763674 -0.005423339624507639
v 0.004621062021399058 0.000783298470031675 -0.005840692320722429
v -0.007004027699311632 0.007293062079647694 0.0004851058951955284
v -0.0069897502404425715 0.0073855251005494615 0.0003786731244179685
v -0.006999647472968329 0.006806790675172869 7.027341759199661e-05
v -0.007284663546381354 0.007095853188902601 0.0007631610398378327
v -0.00703203711531486 0.006778868043536557 0.00025017730589866824
v -0.00712838159086876 0.006754764877718866 0.00040616111896393456
v -0.007052553035021003 0.007506569742071478 0.0010742989096690359
v -0.006943148942757937 0.0078000005612149925 0.000890331608622251
v -0.0069655106991911575 0.007642531757959259 0.0009843959679866135
v -0.00719238744565448 0.0074106844607227385 0.001147761637843997
v -0.007365916125161298 0.007367970816573588 0.0011947507233659588
v -0.005784003055639697 0.007688674815113095 0.00455209133788631
v -0.005089868310450829 0.007338199010349933 0.005619539050940869
v -0.004946426626544209 0.00734941183665766 0.005460130950870612
v -0.005889753621423077 0.007698768981394544 0.0046688430142691195
v -0.006422061271523227 0.00782732094749189 0.0034255952077967555
v -0.006500457118752689 0.007844746485428933 0.0035412246478744303
v -0.007053796626388664 0.007776691806140601 0.0023725475007667363
v -0.005646955758328298 0.007719272980171166 0.004473957751106317
v -0.006308861078463401 0.007838830366526106 0.0033697890451729606
v -0.005520425581877764 0.0077974060901139786 0.00441306135157693
v -0.004664903862318104 0.007603770140365007 0.0052812736158677764
v -0.004578749874156185 0.0078000005612149925 0.005294813884455241
v -0.004795491923177686 0.007443734522564749 0.005339989438969128
v -0.006201502617706189 0.007881688969178235 0.0033178438332025217
v -0.00543624522280739 0.007909817117639495 0.004357576577213029
v -0.006106412223937929 0.007950459381075026 0.0032804123529242557
v -0.006958881231865777 0.0077511710033842385 0.002252201902551848
v -0.007280985701205445 0.007629141216246582 0.0017826919210304354
v -0.00719238744565448 0.0074106844607227385 0.001147761637843997
v -0.006834547367470245 0.007775353801011131 0.0021896539774465817
v -0.007365916125161298 0.007367970816573588 0.0011947507233659588
v -0.007052553035021003 0.007506569742071478 0.0010742989096690359
v -0.006622736768573112 0.007929280657687499 0.0021161294988567003
v -0.006724055609597657 0.007836970224683604 0.0021267982539410757
v -0.0069655106991911575 0.007642531757959259 0.0009843959679866135
v -0.006943148942757937 0.0078000005612149925 0.000890331608622251
v -0.0009929240221522029 0.0006619800643632018 0.006977070662966545
v 0.0005445025225818412 0.0 0.006978790614677877
v 0.0005797966994062348 0.00021466533369192062 0.0070292571545504945
v -0.0009502917979516828 0.0008379543225613129 0.007138009887224517
v 0.0005820505299461778 0.00022837338936239696 0.00703247962021869
v -0.002416322822899053 0.0015388279692085671 0.006758335434529084
v -0.002446213838417921 0.001378847783730583 0.006603667572873673
v 0.0006199022229900694 0.00040518306630136017 0.007186597211767398
v -0.001078869274838204 0.00047192158556357 0.006916360706774871
v -0.0025412796750713673 0.0012161956411096964 0.006522415470930909
v -0.0038276223570189727 0.0020955468219452378 0.005860828678032615
v -0.003746473251907273 0.002238661157127203 0.005955860897664811
v -0.003734486757273614 0.0023848634898923637 0.006098192504614408
v -0.004870262854158314 0.003285338319421044 0.00520039487743762
v -0.004864352934138838 0.003150410801797121 0.005075634243765226
v -0.0024430831639070394 0.001630867439484443 0.006961367460926737
v 0.0006495111893164637 0.000490507685594159 0.007406346672888531
v -0.0009511231635764977 0.0009261602007170841 0.007363631121390657
v 0.0006503924440313252 0.0004889815085921956 0.007420498246741847
v 0.0006641921120451727 0.0004650821012623478 0.007642110710728567
v -0.000976832257414649 0.0009087764456380126 0.007578602673959656
v -0.0024659091213358186 0.0016137862972012695 0.007171351296584028
v -0.0037800461657180873 0.002480072139281475 0.006273225605426813
v -0.0049285480932853565 0.003382498663391381 0.005345198885169933
v -0.004913247818663369 0.0033318540248317152 0.00559106376501195
v -0.0037847370514847156 0.0024502252312018358 0.006492318938587094
v -0.005828474798474648 0.003945417114734895 0.003876710837438929
v -0.004922773595025243 0.003020605469169907 0.004976575610977918
v -0.005815775670674206 0.004190639218057124 0.004073679163826283
v -0.006523996663022613 0.005040503264465979 0.0027471073978603544
v -0.006987035129534802 0.006076319506291561 0.0004258460306731486
v -0.007017437314511543 0.0062145865531115785 0.0005656625301100199
v -0.0069984916196419444 0.006394687002644894 0.00014532350693968916
v -0.006505789588946154 0.004815065612614466 0.0025835453306891076
v -0.006940196843771285 0.005813708581495214 0.0012770225416199738
v -0.006906518310524912 0.005622586517363692 0.0011401793306219793
v -0.00703203711531486 0.006778868043536557 0.00025017730589866824
v -0.006999647472968329 0.006806790675172869 7.027341759199661e-05
v -0.006577303721981564 0.005052914382609186 0.003172576578149011
v -0.005856225291888673 0.004216990194345349 0.004476498339605894
v -0.007027248239507566 0.005815349855071705 0.0017087751246500082
v -0.007119837145425079 0.00619099407991458 0.0009445327968999467
v -0.007104860643248889 0.006554058863089407 0.00041978838053458034
v -0.007106385091716072 0.00665339501511597 0.0003817430319906154
v -0.007118232588311513 0.006408652609997678 0.0005761980688069948
v -0.0036785492260064945 0.007056305743634306 0.0059995835292886435
v -0.004578749874156185 0.0078000005612149925 0.005294813884455241
v -0.004660729629636928 0.007613277320076828 0.005281929743828628
v -0.003804755868429821 0.006901232570375171 0.006061512281314574
v -0.004664903862318104 0.007603770140365007 0.0052812736158677764
v -0.003575021198323064 0.007217739448048821 0.006018241214501008
v -0.0026338125526201295 0.006396517103745003 0.006520909619113779
v -0.0025175832513689433 0.006534326863708584 0.0065315984013597506
v -0.002747583519785435 0.006255064784556896 0.006585485771167798
v -0.0005347692028370016 0.0047633745548614215 0.007076590874144917
v -0.004795491923177686 0.007443734522564749 0.005339989438969128
v -0.004946426626544209 0.00734941183665766 0.005460130950870612
v -0.004073182299483835 0.006793271387421362 0.006331231417965877
v -0.0049533760516179415 0.00734886871910867 0.005467853805851686
v -0.005089868310450829 0.007338199010349933 0.005619539050940869
v -0.003937842079279885 0.006803001250096641 0.006189768608359791
v -0.0028573497698873573 0.006157241160067994 0.006710002741040777
v -0.0030017472739229945 0.006155616098955652 0.006840901222905094
v -0.0007836699261955585 0.004704300150200069 0.007313062538361337
v -0.00033545599981048627 0.004983661411485374 0.006991957996589915
v 0.0016823612058539106 0.003164974362974693 0.006858742086026659
v 0.0018293527041533808 0.0033365399038079446 0.006756735645787326
v 0.0014259044609229304 0.003161728770703226 0.007101184705421704
v 0.0027046824786242096 0.002336924902334031 0.006503622840796364
v 0.0033817269024141727 0.001656902511140354 0.006128941827058809
v 0.0032446364513379067 0.0019615382887781113 0.006202607449454223
v 0.003122561126249479 0.0018759990629516055 0.006302059472915733
v 0.0028296436223311516 0.0024680305699534277 0.006402587241057245
v 0.0032778009541033215 0.0013353210129787851 0.0062253945446527625
v 0.003416597528612675 0.0013180572420553455 0.0061095717470982525
v 0.0024693490247584826 0.002367819183281411 0.0067422068937239565
v 0.0029362410509477244 0.001931919189661624 0.006509601425369882
v 0.003185680540715996 0.001517826748461612 0.006363529507573684
v 0.003125705390620015 0.001673364122716306 0.0063973706422987275
v 0.001916503997279051 0.00038799743707093257 0.00693240627791053
v 0.0006495111893164637 0.000490507685594159 0.007406346672888531
v 0.0006199022229900694 0.00040518306630136017 0.007186597211767398
v 0.0019066369247049825 0.00021583657991854945 0.006788003290247313
v 0.0005820505299461778 0.00022837338936239696 0.00703247962021869
v 0.0005445025225818412 0.0 0.006978790614677877
v 0.0019568303560822675 0.0004816448023206403 0.007132887702227808
v 0.0006641921120451727 0.0004650821012623478 0.007642110710728567
v 0.0019292257748455832 0.0 0.006728899798517929
v 0.002019455767229422 0.00047782861475763674 0.0073488796863638295
v 0.003146926552516638 0.0008709193285711889 0.006272176086791759
v 0.003416597528612675 0.0013180572420553455 0.0061095717470982525
v 0.0032778009541033215 0.0013353210129787851 0.0062253945446527625
v 0.0032373091327983494 0.0008056756044639776 0.006206435021504919
v 0.0027967125313657637 0.0005448622366301462 0.006449125119396826
v 0.0027549492237180506 0.0006755969249228402 0.006566950633110913
v 0.0030842262779320895 0.0009469245525944511 0.006362381283642193
v 0.003048297788447868 0.0010118821147885038 0.00647344333878308
v 0.0031151479770173685 0.0011654549198580888 0.006493285964389861
v 0.003009220266221302 0.0010208622702061881 0.006634656267582861
v 0.002754936110695577 0.0007709544667216725 0.006720656714172546
v 0.002883227246854997 0.00041642107557270103 0.006378636663137427
v 0.0019292257748455832 0.0 0.006728899798517929
v 0.0019066369247049825 0.00021583657991854945 0.006788003290247313
v 0.001916503997279051 0.00038799743707093257 0.00693240627791053
v 0.0019568303560822675 0.0004816448023206403 0.007132887702227808
v 0.002747656952711286 0.000783298470031675 0.006922303051722645
f 1 2 3
f 3 4 5
f 4 3 2
f 1 3 6
f 6 7 8
f 6 3 7
f 9 10 5
f 11 9 5
f 5 10 12
f 12 7 3
f 5 12 3
f 7 12 13
f 5 4 11
f 9 14 15
f 10 16 17
f 10 9 15
f 15 16 10
f 18 19 20
f 21 22 19
f 12 10 23
f 8 24 25
f 24 7 13
f 13 23 26
f 23 13 12
f 17 23 10
f 23 17 27
f 7 24 8
f 24 13 26
f 25 24 28
f 23 29 26
f 29 23 27
f 24 26 28
f 17 30 27
f 30 17 31
f 31 32 30
f 33 32 34
f 20 34 18
f 32 33 30
f 35 34 20
f 30 36 37
f 36 30 33
f 36 35 38
f 35 36 33
f 39 38 35
f 33 34 35
f 20 22 39
f 30 37 27
f 31 17 16
f 40 21 19
f 21 41 42
f 41 21 40
f 41 43 42
f 43 41 44
f 43 44 45
f 42 43 46
f 21 42 47
f 22 47 48
f 22 21 47
f 43 49 46
f 46 47 42
f 45 50 51
f 46 49 52
f 49 43 45
f 47 46 53
f 44 54 45
f 22 20 19
f 50 54 55
f 54 50 45
f 55 56 57
f 56 55 54
f 55 57 58
f 50 55 59
f 51 59 60
f 51 50 59
f 61 58 57
f 58 59 55
f 58 62 63
f 61 62 58
f 59 58 64
f 51 49 45
f 49 51 65
f 39 48 66
f 39 22 48
f 53 52 67
f 53 46 52
f 52 49 65
f 52 65 68
f 47 53 48
f 48 53 67
f 69 39 66
f 52 68 67
f 68 65 70
f 48 67 66
f 65 71 70
f 39 69 38
f 60 64 72
f 60 59 64
f 63 73 74
f 73 63 62
f 74 73 75
f 74 64 58
f 65 51 60
f 64 74 72
f 71 60 72
f 76 75 77
f 76 72 74
f 75 76 74
f 60 71 65
f 58 63 74
f 39 35 20
f 57 56 61
f 9 11 14
f 78 16 15
f 16 78 31
f 18 34 79
f 32 79 34
f 40 19 80
f 18 80 19
f 81 82 83
f 84 81 85
f 86 84 87
f 88 89 90
f 85 81 83
f 85 87 84
f 87 91 86
f 92 93 94
f 95 96 97
f 98 97 93
f 94 91 92
f 97 98 95
f 96 95 88
f 98 93 92
f 88 90 96
f 86 91 94
f 99 100 101
f 101 102 99
f 103 104 105
f 106 105 107
f 106 108 102
f 108 106 107
f 102 108 99
f 105 104 107
f 109 56 54
f 110 111 112
f 113 114 111
f 109 54 115
f 116 114 113
f 103 117 104
f 117 103 118
f 114 119 118
f 119 114 116
f 119 120 121
f 120 119 116
f 118 119 117
f 112 115 54
f 122 54 44
f 123 44 124
f 122 44 123
f 41 40 125
f 125 124 41
f 41 124 44
f 126 127 121
f 126 121 120
f 122 110 54
f 127 128 121
f 111 110 113
f 110 112 54
f 129 130 131
f 130 132 133
f 134 135 131
f 136 11 4
f 137 138 139
f 140 138 141
f 134 138 140
f 142 143 144
f 144 145 142
f 143 146 144
f 146 143 133
f 132 130 129
f 129 131 135
f 133 132 146
f 134 140 135
f 139 147 148
f 149 4 150
f 151 152 153
f 154 4 153
f 4 149 136
f 155 156 157
f 156 155 158
f 157 156 159
f 158 155 151
f 155 152 151
f 137 139 148
f 160 141 161
f 160 140 141
f 160 161 162
f 141 138 137
f 152 154 153
f 162 163 160
f 154 150 4
f 147 150 148
f 150 147 149
f 164 165 166
f 167 168 169
f 169 168 165
f 170 90 89
f 166 90 170
f 164 166 170
f 164 169 165
f 167 171 168
f 172 173 174
f 175 176 172
f 176 83 82
f 177 171 167
f 172 174 175
f 176 175 83
f 174 173 177
f 173 171 177
f 178 179 180
f 179 181 182
f 183 184 180
f 185 186 187
f 188 189 190
f 183 189 188
f 191 192 193
f 193 194 191
f 192 195 193
f 195 192 182
f 181 179 178
f 178 180 184
f 182 181 195
f 183 188 184
f 189 196 197
f 187 198 199
f 198 200 199
f 201 187 202
f 187 199 185
f 203 204 205
f 206 202 207
f 205 207 203
f 207 202 203
f 206 201 202
f 197 196 208
f 209 210 190
f 210 188 190
f 190 189 197
f 201 198 187
f 211 212 210
f 209 211 210
f 208 200 198
f 200 208 196
f 213 214 215
f 215 216 213
f 217 218 219
f 214 217 219
f 216 220 221
f 222 223 224
f 224 223 225
f 222 224 221
f 217 214 213
f 213 216 221
f 220 222 221
f 218 217 226
f 227 228 229
f 230 229 228
f 230 231 232
f 233 232 231
f 227 234 226
f 235 233 231
f 231 230 228
f 236 235 237
f 236 233 235
f 238 237 235
f 228 227 226
f 234 218 226
f 239 225 240
f 241 239 242
f 243 244 241
f 245 246 244
f 240 242 239
f 241 247 243
f 244 243 248
f 249 246 245
f 244 248 245
f 247 241 242
f 246 249 250
f 251 252 253
f 254 252 255
f 238 254 256
f 254 238 252
f 238 256 237
f 253 257 258
f 257 259 258
f 260 253 258
f 251 255 252
f 253 260 251
f 250 259 257
f 257 246 250
f 239 224 225
f 261 262 263
f 263 264 265
f 264 266 267
f 262 268 269
f 270 271 268
f 261 263 265
f 268 262 261
f 268 271 269
f 265 264 267
f 272 273 274
f 275 276 277
f 277 276 273
f 274 278 272
f 276 275 279
f 274 273 276
f 280 279 281
f 279 275 281
f 279 280 282
f 267 278 274
f 267 266 278
f 271 270 283
f 284 285 270
f 283 270 285
f 284 286 287
f 286 288 289
f 285 284 290
f 286 289 287
f 288 291 289
f 292 293 288
f 293 291 288
f 294 293 292
f 290 284 287
f 295 296 297
f 298 296 282
f 296 298 299
f 280 298 282
f 300 301 295
f 300 302 301
f 295 303 300
f 299 297 296
f 297 303 295
f 302 292 301
f 302 294 292
f 2 1 151
f 304 204 305
f 306 304 307
f 305 204 308
f 304 305 309
f 204 304 306
f 306 307 73
f 305 310 309
f 309 307 304
f 308 311 312
f 309 310 313
f 310 305 308
f 307 309 314
f 204 203 308
f 6 315 1
f 312 310 308
f 311 203 202
f 316 317 202
f 202 317 311
f 316 202 187
f 311 317 318
f 312 318 319
f 312 311 318
f 320 321 316
f 320 316 187
f 316 321 322
f 322 318 317
f 316 322 317
f 318 322 323
f 187 324 320
f 311 308 203
f 310 312 325
f 326 75 327
f 327 75 73
f 327 73 307
f 326 327 314
f 314 327 307
f 314 328 326
f 328 314 329
f 75 326 77
f 314 313 329
f 8 25 330
f 313 325 331
f 313 310 325
f 318 323 319
f 319 325 312
f 322 332 323
f 319 323 333
f 309 313 314
f 325 319 331
f 331 319 333
f 334 332 335
f 334 333 323
f 335 332 336
f 332 334 323
f 337 338 321
f 313 331 329
f 321 332 322
f 324 337 320
f 339 6 8
f 324 186 340
f 186 324 187
f 341 342 340
f 324 340 343
f 337 343 344
f 337 324 343
f 345 346 347
f 342 346 343
f 340 342 343
f 343 346 348
f 349 350 351
f 337 321 320
f 352 353 354
f 354 159 156
f 355 156 158
f 315 158 151
f 349 356 350
f 349 352 356
f 352 357 356
f 355 354 156
f 315 355 158
f 358 354 355
f 354 357 352
f 339 355 315
f 1 315 151
f 349 353 352
f 350 356 359
f 338 344 360
f 338 337 344
f 348 345 361
f 348 344 343
f 345 350 361
f 348 361 362
f 345 348 346
f 344 348 362
f 336 338 360
f 361 363 362
f 362 360 344
f 363 359 364
f 363 361 359
f 359 361 350
f 338 336 332
f 365 364 359
f 357 358 366
f 339 330 358
f 339 358 355
f 358 330 366
f 366 365 357
f 357 354 358
f 365 366 367
f 364 365 368
f 366 369 367
f 367 368 365
f 8 330 339
f 369 366 330
f 315 6 339
f 359 356 365
f 357 365 356
f 369 330 25
f 338 332 321
f 340 186 341
f 342 347 346
f 350 345 351
f 354 353 159
f 370 371 372
f 373 374 375
f 376 377 372
f 378 372 377
f 377 379 380
f 377 381 382
f 377 376 379
f 372 371 376
f 383 372 378
f 384 385 386
f 385 387 388
f 383 389 390
f 389 383 378
f 391 392 393
f 391 390 389
f 391 394 395
f 391 393 390
f 396 394 389
f 397 393 392
f 382 396 378
f 374 384 398
f 399 381 377
f 378 377 382
f 381 400 401
f 399 402 381
f 396 389 378
f 402 403 400
f 404 405 400
f 404 400 403
f 400 405 401
f 382 381 401
f 403 406 404
f 400 381 402
f 382 401 407
f 407 408 396
f 396 382 407
f 392 391 395
f 409 394 408
f 396 408 394
f 391 389 394
f 410 407 411
f 405 412 413
f 410 414 408
f 408 407 410
f 408 414 409
f 409 395 394
f 413 415 411
f 407 401 411
f 405 411 401
f 395 409 416
f 417 412 404
f 377 380 399
f 392 395 418
f 419 420 421
f 420 422 423
f 397 424 425
f 397 392 424
f 426 425 427
f 427 425 424
f 428 426 429
f 418 430 424
f 431 428 432
f 433 434 435
f 434 436 437
f 438 431 439
f 440 441 438
f 442 440 438
f 438 439 442
f 426 427 429
f 422 433 443
f 444 427 430
f 418 416 445
f 429 444 446
f 429 427 444
f 445 447 430
f 427 424 430
f 409 448 416
f 416 418 395
f 416 449 445
f 449 416 448
f 448 450 451
f 430 447 444
f 452 450 414
f 445 430 418
f 392 418 424
f 453 445 449
f 432 446 454
f 432 429 446
f 439 454 455
f 454 439 432
f 455 454 456
f 439 455 442
f 457 458 446
f 432 439 431
f 453 459 447
f 453 447 445
f 454 458 456
f 446 458 454
f 460 457 459
f 461 456 458
f 457 447 459
f 446 444 457
f 447 457 444
f 451 462 449
f 429 432 428
f 448 409 414
f 415 452 410
f 387 419 463
f 464 465 417
f 412 405 404
f 417 406 464
f 465 466 417
f 467 468 469
f 467 466 470
f 466 467 469
f 466 469 471
f 470 466 465
f 468 472 469
f 417 466 473
f 411 405 413
f 412 473 474
f 414 410 452
f 415 475 476
f 474 475 413
f 410 411 415
f 471 477 473
f 471 473 466
f 475 415 413
f 478 474 477
f 479 475 478
f 476 452 415
f 474 473 477
f 474 413 412
f 412 417 473
f 452 476 480
f 481 482 469
f 450 448 414
f 471 469 482
f 481 472 375
f 471 483 477
f 471 482 483
f 484 485 481
f 481 469 472
f 482 481 485
f 398 484 374
f 483 482 486
f 482 485 486
f 398 485 484
f 386 485 398
f 484 375 374
f 484 481 375
f 477 483 487
f 478 487 488
f 478 477 487
f 479 488 489
f 488 479 478
f 490 491 487
f 479 476 475
f 486 386 388
f 386 486 485
f 388 463 490
f 388 490 486
f 490 463 491
f 491 488 487
f 386 385 388
f 490 487 483
f 486 490 483
f 488 491 492
f 398 384 386
f 478 475 474
f 476 479 493
f 480 494 450
f 450 452 480
f 495 453 462
f 496 451 494
f 450 494 451
f 453 449 462
f 480 497 494
f 497 480 493
f 494 498 496
f 498 494 497
f 497 499 500
f 498 501 496
f 489 499 493
f 496 462 451
f 476 493 480
f 462 496 502
f 495 503 459
f 459 453 495
f 460 461 458
f 503 461 460
f 459 503 460
f 460 458 457
f 495 504 503
f 504 495 502
f 505 504 506
f 504 505 503
f 507 502 501
f 504 507 506
f 503 505 461
f 495 462 502
f 502 496 501
f 448 451 449
f 492 508 489
f 489 488 492
f 509 498 500
f 499 422 500
f 489 508 499
f 498 497 500
f 492 420 508
f 463 419 491
f 508 422 499
f 420 423 508
f 443 510 422
f 500 422 510
f 420 492 421
f 419 421 492
f 493 479 489
f 433 509 500
f 501 509 511
f 498 509 501
f 507 511 512
f 511 507 501
f 436 512 511
f 507 512 506
f 511 509 434
f 507 504 502
f 435 513 433
f 433 513 509
f 437 514 434
f 434 509 513
f 435 434 513
f 436 511 514
f 433 510 443
f 511 434 514
f 500 510 433
f 436 514 437
f 422 508 423
f 497 493 499
f 492 491 419
f 388 387 463
f 406 417 404
f 515 516 374
f 374 373 515
f 516 517 374
f 517 518 519
f 519 520 521
f 520 519 518
f 521 520 522
f 519 521 523
f 517 519 374
f 374 519 524
f 385 384 525
f 524 384 374
f 526 387 385
f 525 384 524
f 524 527 525
f 527 524 523
f 526 528 529
f 528 525 527
f 526 525 528
f 526 530 387
f 531 532 523
f 525 526 385
f 524 519 523
f 387 530 419
f 533 531 521
f 534 533 521
f 523 521 531
f 533 535 536
f 534 537 533
f 532 527 523
f 538 539 535
f 538 535 537
f 535 539 540
f 533 536 531
f 539 541 540
f 537 535 533
f 542 535 540
f 532 543 544
f 543 531 536
f 545 546 528
f 528 527 545
f 529 528 546
f 529 530 526
f 531 543 532
f 527 532 545
f 536 547 543
f 547 536 542
f 543 548 544
f 548 543 547
f 547 549 550
f 551 545 544
f 552 549 542
f 544 545 532
f 536 535 542
f 553 544 548
f 554 552 540
f 521 522 534
f 530 529 555
f 419 556 420
f 556 530 555
f 557 422 420
f 420 556 557
f 556 558 557
f 558 556 555
f 557 559 560
f 559 557 558
f 558 561 562
f 560 559 563
f 564 561 555
f 557 560 422
f 419 530 556
f 422 560 433
f 565 434 566
f 565 567 434
f 434 433 568
f 563 569 568
f 568 433 560
f 570 571 569
f 571 565 566
f 566 569 571
f 568 569 566
f 566 434 568
f 560 563 568
f 562 572 559
f 551 573 546
f 551 546 545
f 559 558 562
f 574 564 573
f 546 573 564
f 558 555 561
f 551 575 573
f 575 551 553
f 573 576 574
f 576 573 575
f 575 577 578
f 574 576 579
f 580 577 553
f 574 561 564
f 551 544 553
f 561 574 581
f 582 563 572
f 562 581 583
f 569 582 584
f 569 563 582
f 584 582 585
f 569 584 570
f 583 586 572
f 559 572 563
f 579 587 581
f 579 581 574
f 582 586 585
f 572 586 582
f 588 583 587
f 588 585 586
f 583 581 587
f 572 562 583
f 562 561 581
f 578 589 576
f 555 529 564
f 564 529 546
f 550 580 548
f 541 590 554
f 542 540 552
f 591 554 592
f 554 590 593
f 549 547 542
f 593 594 592
f 595 596 592
f 595 592 594
f 592 596 591
f 552 554 591
f 594 597 595
f 592 554 593
f 552 591 598
f 548 547 550
f 549 598 599
f 575 553 577
f 580 600 601
f 599 600 550
f 553 548 580
f 591 602 598
f 598 549 552
f 599 603 604
f 603 598 602
f 599 598 603
f 600 580 550
f 605 606 596
f 599 550 549
f 596 602 591
f 577 580 601
f 607 605 595
f 576 575 578
f 605 596 595
f 607 597 608
f 606 602 596
f 605 609 610
f 607 609 605
f 606 611 602
f 608 612 372
f 609 372 383
f 609 607 372
f 605 610 606
f 372 607 608
f 610 609 383
f 611 603 602
f 606 610 613
f 603 614 604
f 614 603 611
f 615 611 613
f 604 614 616
f 606 613 611
f 604 600 599
f 613 390 393
f 390 613 610
f 615 393 397
f 393 615 613
f 614 615 617
f 615 614 611
f 610 383 390
f 600 604 618
f 607 595 597
f 617 615 397
f 578 619 620
f 619 577 601
f 587 579 621
f 579 589 621
f 577 619 578
f 576 589 579
f 601 622 619
f 622 601 618
f 619 623 620
f 623 619 622
f 624 623 625
f 626 589 620
f 622 627 625
f 620 589 578
f 601 600 618
f 628 620 623
f 626 629 621
f 626 621 589
f 588 630 631
f 588 587 630
f 629 631 630
f 588 631 585
f 621 629 630
f 630 587 621
f 626 632 629
f 632 626 628
f 633 632 634
f 632 633 629
f 635 634 632
f 635 628 624
f 629 633 631
f 626 620 628
f 618 616 627
f 588 586 583
f 617 636 616
f 617 616 614
f 625 623 622
f 637 627 636
f 616 636 627
f 627 622 618
f 636 425 426
f 425 636 617
f 637 426 428
f 426 637 636
f 625 637 638
f 637 625 627
f 617 397 425
f 638 637 428
f 624 638 639
f 638 624 625
f 635 639 640
f 639 635 624
f 640 639 641
f 635 640 634
f 638 431 639
f 635 632 628
f 438 641 639
f 642 641 438
f 438 639 431
f 638 428 431
f 624 628 623
f 618 604 616
f 541 554 540
f 643 644 645
f 644 646 647
f 646 644 643
f 644 648 645
f 649 650 651
f 652 645 648
f 652 649 651
f 652 648 649
f 653 654 655
f 653 655 656
f 657 653 658
f 659 657 660
f 658 653 656
f 661 660 657
f 662 659 660
f 650 662 651
f 650 659 662
f 657 658 661
f 663 664 665
f 666 667 668
f 669 670 665
f 671 665 670
f 670 672 673
f 670 674 675
f 670 669 672
f 665 664 669
f 676 665 671
f 677 678 679
f 678 680 681
f 676 682 683
f 682 676 671
f 684 685 686
f 684 683 682
f 684 687 688
f 684 686 683
f 689 687 682
f 690 686 685
f 675 689 671
f 667 677 691
f 692 674 670
f 671 670 675
f 674 693 694
f 692 695 674
f 689 682 671
f 695 696 693
f 697 698 693
f 697 693 696
f 693 698 694
f 675 674 694
f 696 699 697
f 693 674 695
f 675 694 700
f 700 701 689
f 689 675 700
f 685 684 688
f 702 687 701
f 689 701 687
f 684 682 687
f 703 700 704
f 698 705 706
f 703 707 701
f 701 700 703
f 701 707 702
f 702 688 687
f 706 708 704
f 700 694 704
f 698 704 694
f 688 702 709
f 710 705 697
f 670 673 692
f 685 688 711
f 712 713 714
f 713 715 716
f 690 717 718
f 690 685 717
f 719 718 720
f 720 718 717
f 721 719 722
f 711 723 717
f 724 721 725
f 726 727 728
f 727 729 730
f 731 724 732
f 733 734 731
f 735 733 731
f 731 732 735
f 719 720 722
f 715 726 736
f 737 720 723
f 711 709 738
f 722 737 739
f 722 720 737
f 738 740 723
f 720 717 723
f 702 741 709
f 709 711 688
f 709 742 738
f 742 709 741
f 741 743 744
f 723 740 737
f 745 743 707
f 738 723 711
f 685 711 717
f 746 738 742
f 725 739 747
f 725 722 739
f 732 747 748
f 747 732 725
f 748 747 749
f 732 748 735
f 750 751 739
f 725 732 724
f 746 752 740
f 746 740 738
f 747 751 749
f 739 751 747
f 753 750 752
f 754 749 751
f 750 740 752
f 739 737 750
f 740 750 737
f 744 755 742
f 722 725 721
f 741 702 707
f 708 745 703
f 680 712 756
f 757 758 710
f 705 698 697
f 710 699 757
f 758 759 710
f 760 761 762
f 760 759 763
f 759 760 762
f 759 762 764
f 763 759 758
f 761 765 762
f 710 759 766
f 704 698 706
f 705 766 767
f 707 703 745
f 708 768 769
f 767 768 706
f 703 704 708
f 764 770 766
f 764 766 759
f 768 708 706
f 771 767 770
f 772 768 771
f 769 745 708
f 767 766 770
f 767 706 705
f 705 710 766
f 745 769 773
f 774 775 762
f 743 741 707
f 764 762 775
f 774 765 668
f 764 776 770
f 764 775 776
f 777 778 774
f 774 762 765
f 775 774 778
f 691 777 667
f 776 775 779
f 775 778 779
f 691 778 777
f 679 778 691
f 777 668 667
f 777 774 668
f 770 776 780
f 771 780 781
f 771 770 780
f 772 781 782
f 781 772 771
f 783 784 780
f 772 769 768
f 779 679 681
f 679 779 778
f 681 756 783
f 681 783 779
f 783 756 784
f 784 781 780
f 679 678 681
f 783 780 776
f 779 783 776
f 781 784 785
f 691 677 679
f 771 768 767
f 769 772 786
f 773 787 743
f 743 745 773
f 788 746 755
f 789 744 787
f 743 787 744
f 746 742 755
f 773 790 787
f 790 773 786
f 787 791 789
f 791 787 790
f 790 792 793
f 791 794 789
f 782 792 786
f 789 755 744
f 769 786 773
f 755 789 795
f 788 796 752
f 752 746 788
f 753 754 751
f 796 754 753
f 752 796 753
f 753 751 750
f 788 797 796
f 797 788 795
f 798 797 799
f 797 798 796
f 800 795 794
f 797 800 799
f 796 798 754
f 788 755 795
f 795 789 794
f 741 744 742
f 785 801 782
f 782 781 785
f 802 791 793
f 792 715 793
f 782 801 792
f 791 790 793
f 785 713 801
f 756 712 784
f 801 715 792
f 713 716 801
f 736 803 715
f 793 715 803
f 713 785 714
f 712 714 785
f 786 772 782
f 726 802 793
f 794 802 804
f 791 802 794
f 800 804 805
f 804 800 794
f 729 805 804
f 800 805 799
f 804 802 727
f 800 797 795
f 728 806 726
f 726 806 802
f 730 807 727
f 727 802 806
f 728 727 806
f 729 804 807
f 726 803 736
f 804 727 807
f 793 803 726
f 729 807 730
f 715 801 716
f 790 786 792
f 785 784 712
f 681 680 756
f 699 710 697
f 808 809 667
f 667 666 808
f 809 810 667
f 810 811 812
f 812 813 814
f 813 812 811
f 814 813 815
f 812 814 816
f 810 812 667
f 667 812 817
f 678 677 818
f 817 677 667
f 819 680 678
f 818 677 817
f 817 820 818
f 820 817 816
f 819 821 822
f 821 818 820
f 819 818 821
f 819 823 680
f 824 825 816
f 818 819 678
f 817 812 816
f 680 823 712
f 826 824 814
f 827 826 814
f 816 814 824
f 826 828 829
f 827 830 826
f 825 820 816
f 831 832 828
f 831 828 830
f 828 832 833
f 826 829 824
f 832 834 833
f 830 828 826
f 835 828 833
f 825 836 837
f 836 824 829
f 838 839 821
f 821 820 838
f 822 821 839
f 822 823 819
f 824 836 825
f 820 825 838
f 829 840 836
f 840 829 835
f 836 841 837
f 841 836 840
f 840 842 843
f 844 838 837
f 845 842 835
f 837 838 825
f 829 828 835
f 846 837 841
f 847 845 833
f 814 815 827
f 823 822 848
f 712 849 713
f 849 823 848
f 850 715 713
f 713 849 850
f 849 851 850
f 851 849 848
f 850 852 853
f 852 850 851
f 851 854 855
f 853 852 856
f 857 854 848
f 850 853 715
f 712 823 849
f 715 853 726
f 858 727 859
f 858 860 727
f 727 726 861
f 856 862 861
f 861 726 853
f 863 864 862
f 864 858 859
f 859 862 864
f 861 862 859
f 859 727 861
f 853 856 861
f 855 865 852
f 844 866 839
f 844 839 838
f 852 851 855
f 867 857 866
f 839 866 857
f 851 848 854
f 844 868 866
f 868 844 846
f 866 869 867
f 869 866 868
f 868 870 871
f 867 869 872
f 873 870 846
f 867 854 857
f 844 837 846
f 854 867 874
f 875 856 865
f 855 874 876
f 862 875 877
f 862 856 875
f 877 875 878
f 862 877 863
f 876 879 865
f 852 865 856
f 872 880 874
f 872 874 867
f 875 879 878
f 865 879 875
f 881 876 880
f 881 878 879
f 876 874 880
f 865 855 876
f 855 854 874
f 871 882 869
f 848 822 857
f 857 822 839
f 843 873 841
f 834 883 847
f 835 833 845
f 884 847 885
f 847 883 886
f 842 840 835
f 886 887 885
f 888 889 885
f 888 885 887
f 885 889 884
f 845 847 884
f 887 890 888
f 885 847 886
f 845 884 891
f 841 840 843
f 842 891 892
f 868 846 870
f 873 893 894
f 892 893 843
f 846 841 873
f 884 895 891
f 891 842 845
f 892 896 897
f 896 891 895
f 892 891 896
f 893 873 843
f 898 899 889
f 892 843 842
f 889 895 884
f 870 873 894
f 900 898 888
f 869 868 871
f 898 889 888
f 900 890 901
f 899 895 889
f 898 902 903
f 900 902 898
f 899 904 895
f 901 905 665
f 902 665 676
f 902 900 665
f 898 903 899
f 665 900 901
f 903 902 676
f 904 896 895
f 899 903 906
f 896 907 897
f 907 896 904
f 908 904 906
f 897 907 909
f 899 906 904
f 897 893 892
f 906 683 686
f 683 906 903
f 908 686 690
f 686 908 906
f 907 908 910
f 908 907 904
f 903 676 683
f 893 897 911
f 900 888 890
f 910 908 690
f 871 912 913
f 912 870 894
f 880 872 914
f 872 882 914
f 870 912 871
f 869 882 872
f 894 915 912
f 915 894 911
f 912 916 913
f 916 912 915
f 917 916 918
f 919 882 913
f 915 920 918
f 913 882 871
f 894 893 911
f 921 913 916
f 919 922 914
f 919 914 882
f 881 923 924
f 881 880 923
f 922 924 923
f 881 924 878
f 914 922 923
f 923 880 914
f 919 925 922
f 925 919 921
f 926 925 927
f 925 926 922
f 928 927 925
f 928 921 917
f 922 926 924
f 919 913 921
f 911 909 920
f 881 879 876
f 910 929 909
f 910 909 907
f 918 916 915
f 930 920 929
f 909 929 920
f 920 915 911
f 929 718 719
f 718 929 910
f 930 719 721
f 719 930 929
f 918 930 931
f 930 918 920
f 910 690 718
f 931 930 721
f 917 931 932
f 931 917 918
f 928 932 933
f 932 928 917
f 933 932 934
f 928 933 927
f 931 724 932
f 928 925 921
f 731 934 932
f 935 934 731
f 731 932 724
f 931 721 724
f 917 921 916
f 911 897 909
f 834 847 833
f 936 937 938
f 937 939 940
f 939 937 936
f 937 941 938
f 942 943 944
f 945 938 941
f 945 942 944
f 945 941 942
f 946 947 948
f 946 948 949
f 950 946 951
f 952 950 953
f 951 946 949
f 954 953 950
f 955 952 953
f 956 955 957
f 956 952 955
f 950 951 954
f 958 959 960
f 961 962 963
f 964 965 960
f 966 960 965
f 965 967 968
f 965 969 970
f 965 964 967
f 960 959 964
f 971 960 966
f 972 973 974
f 973 975 976
f 971 977 978
f 977 971 966
f 979 980 981
f 979 978 977
f 979 982 983
f 979 981 978
f 984 982 977
f 985 981 980
f 970 984 966
f 962 972 986
f 987 969 965
f 966 965 970
f 969 988 989
f 987 990 969
f 984 977 966
f 990 991 988
f 992 993 988
f 992 988 991
f 988 993 989
f 970 969 989
f 991 994 992
f 988 969 990
f 970 989 995
f 995 996 984
f 984 970 995
f 980 979 983
f 997 982 996
f 984 996 982
f 979 977 982
f 998 995 999
f 993 1000 1001
f 998 1002 996
f 996 995 998
f 996 1002 997
f 997 983 982
f 1001 1003 999
f 995 989 999
f 993 999 989
f 983 997 1004
f 1005 1000 992
f 965 968 987
f 980 983 1006
f 1007 1008 1009
f 1008 1010 1011
f 985 1012 1013
f 985 980 1012
f 1014 1013 1015
f 1015 1013 1012
f 1016 1014 1017
f 1006 1018 1012
f 1019 1016 1020
f 1021 1022 1023
f 1022 1024 1025
f 1026 1019 1027
f 1028 1029 1026
f 1030 1028 1026
f 1026 1027 1030
f 1014 1015 1017
f 1010 1021 1031
f 1032 1015 1018
f 1006 1004 1033
f 1017 1032 1034
f 1017 1015 1032
f 1033 1035 1018
f 1015 1012 1018
f 997 1036 1004
f 1004 1006 983
f 1004 1037 1033
f 1037 1004 1036
f 1036 1038 1039
f 1018 1035 1032
f 1040 1038 1002
f 1033 1018 1006
f 980 1006 1012
f 1041 1033 1037
f 1020 1034 1042
f 1020 1017 1034
f 1027 1042 1043
f 1042 1027 1020
f 1043 1042 1044
f 1027 1043 1030
f 1045 1046 1034
f 1020 1027 1019
f 1041 1047 1035
f 1041 1035 1033
f 1042 1046 1044
f 1034 1046 1042
f 1048 1045 1047
f 1049 1044 1046
f 1045 1035 1047
f 1034 1032 1045
f 1035 1045 1032
f 1039 1050 1037
f 1017 1020 1016
f 1036 997 1002
f 1003 1040 998
f 975 1007 1051
f 1052 1053 1005
f 1000 993 992
f 1005 994 1052
f 1053 1054 1005
f 1055 1056 1057
f 1055 1054 1058
f 1054 1055 1057
f 1054 1057 1059
f 1058 1054 1053
f 1056 1060 1057
f 1005 1054 1061
f 999 993 1001
f 1000 1061 1062
f 1002 998 1040
f 1003 1063 1064
f 1062 1063 1001
f 998 999 1003
f 1059 1065 1061
f 1059 1061 1054
f 1063 1003 1001
f 1066 1062 1065
f 1067 1063 1066
f 1064 1040 1003
f 1062 1061 1065
f 1062 1001 1000
f 1000 1005 1061
f 1040 1064 1068
f 1069 1070 1057
f 1038 1036 1002
f 1059 1057 1070
f 1069 1060 963
f 1059 1071 1065
f 1059 1070 1071
f 1072 1073 1069
f 1069 1057 1060
f 1070 1069 1073
f 986 1072 962
f 1071 1070 1074
f 1070 1073 1074
f 986 1073 1072
f 974 1073 986
f 1072 963 962
f 1072 1069 963
f 1065 1071 1075
f 1066 1075 1076
f 1066 1065 1075
f 1067 1076 1077
f 1076 1067 1066
f 1078 1079 1075
f 1067 1064 1063
f 1074 974 976
f 974 1074 1073
f 976 1051 1078
f 976 1078 1074
f 1078 1051 1079
f 1079 1076 1075
f 974 973 976
f 1078 1075 1071
f 1074 1078 1071
f 1076 1079 1080
f 986 972 974
f 1066 1063 1062
f 1064 1067 1081
f 1068 1082 1038
f 1038 1040 1068
f 1083 1041 1050
f 1084 1039 1082
f 1038 1082 1039
f 1041 1037 1050
f 1068 1085 1082
f 1085 1068 1081
f 1082 1086 1084
f 1086 1082 1085
f 1085 1087 1088
f 1086 1089 1084
f 1077 1087 1081
f 1084 1050 1039
f 1064 1081 1068
f 1050 1084 1090
f 1083 1091 1047
f 1047 1041 1083
f 1048 1049 1046
f 1091 1049 1048
f 1047 1091 1048
f 1048 1046 1045
f 1083 1092 1091
f 1092 1083 1090
f 1093 1092 1094
f 1092 1093 1091
f 1095 1090 1089
f 1092 1095 1094
f 1091 1093 1049
f 1083 1050 1090
f 1090 1084 1089
f 1036 1039 1037
f 1080 1096 1077
f 1077 1076 1080
f 1097 1086 1088
f 1087 1010 1088
f 1077 1096 1087
f 1086 1085 1088
f 1080 1008 1096
f 1051 1007 1079
f 1096 1010 1087
f 1008 1011 1096
f 1031 1098 1010
f 1088 1010 1098
f 1008 1080 1009
f 1007 1009 1080
f 1081 1067 1077
f 1021 1097 1088
f 1089 1097 1099
f 1086 1097 1089
f 1095 1099 1100
f 1099 1095 1089
f 1024 1100 1099
f 1095 1100 1094
f 1099 1097 1022
f 1095 1092 1090
f 1023 1101 1021
f 1021 1101 1097
f 1025 1102 1022
f 1022 1097 1101
f 1023 1022 1101
f 1024 1099 1102
f 1021 1098 1031
f 1099 1022 1102
f 1088 1098 1021
f 1024 1102 1025
f 1010 1096 1011
f 1085 1081 1087
f 1080 1079 1007
f 976 975 1051
f 994 1005 992
f 1103 1104 962
f 962 961 1103
f 1104 1105 962
f 1105 1106 1107
f 1107 1108 1109
f 1108 1107 1106
f 1109 1108 1110
f 1107 1109 1111
f 1105 1107 962
f 962 1107 1112
f 973 972 1113
f 1112 972 962
f 1114 975 973
f 1113 972 1112
f 1112 1115 1113
f 1115 1112 1111
f 1114 1116 1117
f 1116 1113 1115
f 1114 1113 1116
f 1114 1118 975
f 1119 1120 1111
f 1113 1114 973
f 1112 1107 1111
f 975 1118 1007
f 1121 1119 1109
f 1122 1121 1109
f 1111 1109 1119
f 1121 1123 1124
f 1122 1125 1121
f 1120 1115 1111
f 1126 1127 1123
f 1126 1123 1125
f 1123 1127 1128
f 1121 1124 1119
f 1127 1129 1128
f 1125 1123 1121
f 1130 1123 1128
f 1120 1131 1132
f 1131 1119 1124
f 1133 1134 1116
f 1116 1115 1133
f 1117 1116 1134
f 1117 1118 1114
f 1119 1131 1120
f 1115 1120 1133
f 1124 1135 1131
f 1135 1124 1130
f 1131 1136 1132
f 1136 1131 1135
f 1135 1137 1138
f 1139 1133 1132
f 1140 1137 1130
f 1132 1133 1120
f 1124 1123 1130
f 1141 1132 1136
f 1142 1140 1128
f 1109 1110 1122
f 1118 1117 1143
f 1007 1144 1008
f 1144 1118 1143
f 1145 1010 1008
f 1008 1144 1145
f 1144 1146 1145
f 1146 1144 1143
f 1145 1147 1148
f 1147 1145 1146
f 1146 1149 1150
f 1148 1147 1151
f 1152 1149 1143
f 1145 1148 1010
f 1007 1118 1144
f 1010 1148 1021
f 1153 1022 1154
f 1153 1155 1022
f 1022 1021 1156
f 1151 1157 1156
f 1156 1021 1148
f 1158 1159 1157
f 1159 1153 1154
f 1154 1157 1159
f 1156 1157 1154
f 1154 1022 1156
f 1148 1151 1156
f 1150 1160 1147
f 1139 1161 1134
f 1139 1134 1133
f 1147 1146 1150
f 1162 1152 1161
f 1134 1161 1152
f 1146 1143 1149
f 1139 1163 1161
f 1163 1139 1141
f 1161 1164 1162
f 1164 1161 1163
f 1163 1165 1166
f 1162 1164 1167
f 1168 1165 1141
f 1162 1149 1152
f 1139 1132 1141
f 1149 1162 1169
f 1170 1151 1160
f 1150 1169 1171
f 1157 1170 1172
f 1157 1151 1170
f 1172 1170 1173
f 1157 1172 1158
f 1171 1174 1160
f 1147 1160 1151
f 1167 1175 1169
f 1167 1169 1162
f 1170 1174 1173
f 1160 1174 1170
f 1176 1171 1175
f 1176 1173 1174
f 1171 1169 1175
f 1160 1150 1171
f 1150 1149 1169
f 1166 1177 1164
f 1143 1117 1152
f 1152 1117 1134
f 1138 1168 1136
f 1129 1178 1142
f 1130 1128 1140
f 1179 1142 1180
f 1142 1178 1181
f 1137 1135 1130
f 1181 1182 1180
f 1183 1184 1180
f 1183 1180 1182
f 1180 1184 1179
f 1140 1142 1179
f 1182 1185 1183
f 1180 1142 1181
f 1140 1179 1186
f 1136 1135 1138
f 1137 1186 1187
f 1163 1141 1165
f 1168 1188 1189
f 1187 1188 1138
f 1141 1136 1168
f 1179 1190 1186
f 1186 1137 1140
f 1187 1191 1192
f 1191 1186 1190
f 1187 1186 1191
f 1188 1168 1138
f 1193 1194 1184
f 1187 1138 1137
f 1184 1190 1179
f 1165 1168 1189
f 1195 1193 1183
f 1164 1163 1166
f 1193 1184 1183
f 1195 1185 1196
f 1194 1190 1184
f 1193 1197 1198
f 1195 1197 1193
f 1194 1199 1190
f 1196 1200 960
f 1197 960 971
f 1197 1195 960
f 1193 1198 1194
f 960 1195 1196
f 1198 1197 971
f 1199 1191 1190
f 1194 1198 1201
f 1191 1202 1192
f 1202 1191 1199
f 1203 1199 1201
f 1192 1202 1204
f 1194 1201 1199
f 1192 1188 1187
f 1201 978 981
f 978 1201 1198
f 1203 981 985
f 981 1203 1201
f 1202 1203 1205
f 1203 1202 1199
f 1198 971 978
f 1188 1192 1206
f 1195 1183 1185
f 1205 1203 985
f 1166 1207 1208
f 1207 1165 1189
f 1175 1167 1209
f 1167 1177 1209
f 1165 1207 1166
f 1164 1177 1167
f 1189 1210 1207
f 1210 1189 1206
f 1207 1211 1208
f 1211 1207 1210
f 1212 1211 1213
f 1214 1177 1208
f 1210 1215 1213
f 1208 1177 1166
f 1189 1188 1206
f 1216 1208 1211
f 1214 1217 1209
f 1214 1209 1177
f 1176 1218 1219
f 1176 1175 1218
f 1217 1219 1218
f 1176 1219 1173
f 1209 1217 1218
f 1218 1175 1209
f 1214 1220 1217
f 1220 1214 1216
f 1221 1220 1222
f 1220 1221 1217
f 1223 1222 1220
f 1223 1216 1212
f 1217 1221 1219
f 1214 1208 1216
f 1206 1204 1215
f 1176 1174 1171
f 1205 1224 1204
f 1205 1204 1202
f 1213 1211 1210
f 1225 1215 1224
f 1204 1224 1215
f 1215 1210 1206
f 1224 1013 1014
f 1013 1224 1205
f 1225 1014 1016
f 1014 1225 1224
f 1213 1225 1226
f 1225 1213 1215
f 1205 985 1013
f 1226 1225 1016
f 1212 1226 1227
f 1226 1212 1213
f 1223 1227 1228
f 1227 1223 1212
f 1228 1227 1229
f 1223 1228 1222
f 1226 1019 1227
f 1223 1220 1216
f 1026 1229 1227
f 1230 1229 1026
f 1026 1227 1019
f 1226 1016 1019
f 1212 1216 1211
f 1206 1192 1204
f 1129 1142 1128
f 1231 1232 1233
f 1232 1234 1235
f 1234 1232 1231
f 1232 1236 1233
f 1237 1238 1239
f 1240 1233 1236
f 1240 1237 1239
f 1240 1236 1237
f 1241 1242 1243
f 1241 1243 1244
f 1245 1241 1246
f 1247 1245 1248
f 1246 1241 1244
f 1249 1248 1245
f 1250 1247 1248
f 1251 1250 1239
f 1251 1247 1250
f 1245 1246 1249
f 1252 1253 1254
f 1255 1256 1257
f 1254 1256 1252
f 1252 1256 1258
f 1252 1259 1253
f 1258 1260 1252
f 1256 1261 1258
f 1262 1261 1255
f 1261 1256 1255
f 1259 1252 1260
f 1263 1264 1265
f 1266 1264 1263
f 1267 1268 1263
f 1266 1263 1268
f 1269 1268 1267
f 1270 1263 1265
f 1271 1267 1263
f 1272 1273 1274
f 1275 1273 1270
f 1270 1276 1271
f 1276 1272 1277
f 1274 1277 1272
f 1273 1272 1270
f 1270 1265 1275
f 1271 1263 1270
f 1278 1279 1269
f 1280 1279 1278
f 1278 1267 1281
f 1279 1280 1282
f 1281 1280 1278
f 1283 1280 1281
f 1284 1285 1276
f 1281 1271 1285
f 1277 1284 1276
f 1270 1272 1276
f 1285 1286 1281
f 1283 1281 1286
f 1284 1287 1285
f 1286 1285 1287
f 1271 1276 1285
f 1271 1281 1267
f 1269 1267 1278
f 1288 1289 1290
f 1291 1292 1288
f 1289 1288 1292
f 1293 1292 1291
f 1292 1294 1289
f 1295 1296 1294
f 1297 1296 1295
f 1295 1292 1298
f 1292 1293 1298
f 1299 1297 1295
f 1298 1299 1295
f 1300 1298 1293
f 1297 1301 1296
f 1294 1292 1295
f 1302 1293 1291
f 1303 1293 1302
f 1304 1303 1305
f 1306 1307 1305
f 1304 1305 1307
f 1308 1304 1307
f 1293 1303 1304
f 1300 1309 1298
f 1293 1304 1300
f 1310 1309 1311
f 1312 1309 1300
f 1308 1312 1300
f 1311 1309 1312
f 1313 1299 1310
f 1304 1308 1300
f 1299 1298 1309
f 1313 1314 1297
f 1314 1315 1301
f 1313 1316 1314
f 1315 1314 1316
f 1310 1316 1313
f 1313 1297 1299
f 1316 1317 1315
f 1299 1309 1310
f 1318 1319 1320
f 1321 1322 1323
f 1317 1322 1321
f 1323 1324 1318
f 1319 1325 1320
f 1315 1317 1321
f 1326 1317 1316
f 1327 1316 1310
f 1328 1322 1317
f 1327 1326 1316
f 1311 1327 1310
f 1328 1317 1326
f 1322 1328 1329
f 1329 1324 1322
f 1330 1319 1324
f 1318 1324 1319
f 1331 1319 1330
f 1332 1330 1324
f 1319 1331 373
f 1329 1332 1324
f 1324 1323 1322
f 1314 1301 1297
f 1333 1334 1335
f 1336 1333 1337
f 1335 1337 1333
f 1333 1338 1334
f 1339 1340 1338
f 1336 1341 1333
f 1341 1339 1333
f 1341 1342 1339
f 1338 1333 1339
f 1343 1336 1337
f 1344 1336 1343
f 1345 1346 1347
f 1346 1348 1344
f 1348 1349 1336
f 1348 1336 1344
f 1345 1350 1348
f 1349 1348 1350
f 1351 1349 1350
f 1342 1341 1349
f 1346 1345 1348
f 1336 1349 1341
f 1340 1339 1352
f 1353 1354 1352
f 1355 1353 1342
f 1352 1342 1353
f 1353 1356 1354
f 1349 1351 1342
f 1357 1358 1359
f 1360 1356 1359
f 1354 1356 1360
f 1360 1359 1358
f 1361 1362 1357
f 1363 1356 1353
f 1355 1342 1351
f 1356 1363 1364
f 1363 1353 1355
f 1365 1361 1359
f 1357 1359 1361
f 1359 1366 1365
f 1361 1365 612
f 1364 1366 1359
f 1359 1356 1364
f 1352 1339 1342
f 1367 1368 1369
f 1370 1371 1372
f 1369 1371 1367
f 1373 1374 1368
f 1368 1367 1373
f 1372 1375 1370
f 1367 1371 1370
f 1376 1374 1373
f 1377 1378 1379
f 1378 1377 1380
f 1381 1377 1382
f 1383 1377 1379
f 1384 612 1385
f 1386 1387 1384
f 1383 1387 1382
f 1385 1386 1384
f 1379 612 1384
f 1384 1383 1379
f 1388 1380 1377
f 1377 1383 1382
f 1389 1388 1381
f 1381 1390 1389
f 1382 1390 1381
f 1391 1390 1382
f 1387 1383 1384
f 1392 1382 1387
f 1393 1392 1394
f 1387 1394 1392
f 1392 1391 1382
f 1386 1394 1387
f 1381 1388 1377
f 1395 1396 1397
f 1398 1399 1400
f 1397 1399 1395
f 1395 1399 1401
f 1395 1402 1396
f 1401 1403 1395
f 1399 1404 1401
f 1405 1404 1398
f 1404 1399 1398
f 1402 1395 1403
f 1406 1407 1408
f 1409 1407 1406
f 1410 1411 1406
f 1409 1406 1411
f 1412 1411 1410
f 1413 1406 1408
f 1414 1410 1406
f 1415 1416 1417
f 1418 1416 1413
f 1416 1415 1413
f 1419 1414 1413
f 1420 1421 1419
f 1419 1415 1420
f 1417 1420 1415
f 1413 1408 1418
f 1414 1406 1413
f 1422 1423 1412
f 1424 1423 1422
f 1422 1410 1425
f 1423 1424 765
f 1425 1424 1422
f 1426 1424 1425
f 1427 1428 1419
f 1425 1414 1428
f 1421 1427 1419
f 1413 1415 1419
f 1428 1429 1425
f 1426 1425 1429
f 1427 1430 1428
f 1429 1428 1430
f 1414 1419 1428
f 1414 1425 1410
f 1412 1410 1422
f 1431 1432 1433
f 1434 1431 1435
f 1433 1435 1431
f 1436 1437 1431
f 1438 1434 1435
f 1431 1439 1432
f 1440 1439 1437
f 1441 1440 1442
f 1437 1443 1442
f 1440 1437 1442
f 1436 1443 1437
f 1436 1431 1434
f 1444 1445 1442
f 1439 1431 1437
f 1446 1436 1434
f 1447 1434 1438
f 1448 1447 1449
f 1450 1451 1449
f 1448 1449 1451
f 1452 1448 1451
f 1434 1447 1448
f 1446 1453 1436
f 1434 1448 1446
f 1454 1453 1455
f 1456 1453 1446
f 1452 1456 1446
f 1455 1453 1456
f 1444 1443 1454
f 1448 1452 1446
f 1443 1436 1453
f 1445 1441 1442
f 1445 1457 1458
f 1444 1459 1445
f 1457 1445 1459
f 1454 1459 1444
f 1442 1443 1444
f 1460 1457 1459
f 1441 1445 1458
f 1461 1462 1463
f 1464 1465 1466
f 1464 1466 1462
f 1467 1465 1468
f 1468 1457 1460
f 1463 1462 1466
f 1469 1459 1454
f 1470 1460 1459
f 1468 1460 1467
f 1467 1460 1471
f 1459 1469 1470
f 1471 1460 1470
f 1471 1472 1467
f 1455 1469 1454
f 1466 1473 1463
f 1473 1474 1463
f 1475 1473 1466
f 1472 1475 1466
f 1474 666 1463
f 1467 1472 1466
f 1466 1465 1467
f 1443 1453 1454
f 1476 1477 1478
f 1479 1476 1480
f 1478 1480 1476
f 1476 1481 1477
f 1482 1483 1481
f 1479 1484 1476
f 1484 1482 1476
f 1484 1485 1482
f 1481 1476 1482
f 1486 1479 1480
f 1487 1479 1486
f 1488 1489 1490
f 1489 1491 1487
f 1491 1492 1479
f 1491 1479 1487
f 1488 1493 1491
f 1492 1491 1493
f 1494 1492 1493
f 1485 1484 1492
f 1489 1488 1491
f 1479 1492 1484
f 1483 1482 1495
f 1496 1497 1495
f 1498 1496 1485
f 1495 1485 1496
f 1496 1499 1497
f 1492 1494 1485
f 1500 1501 1502
f 1503 1499 1502
f 1497 1499 1503
f 1503 1502 1501
f 1504 1505 1500
f 1506 1499 1496
f 1498 1485 1494
f 1499 1506 1507
f 1506 1496 1498
f 1508 1504 1502
f 1500 1502 1504
f 1502 1509 1508
f 1504 1508 905
f 1507 1509 1502
f 1502 1499 1507
f 1495 1482 1485
f 1510 1511 1512
f 1513 1514 1515
f 1512 1514 1510
f 1516 1517 1511
f 1511 1510 1516
f 1515 1518 1513
f 1510 1514 1513
f 1519 1517 1516
f 1520 1521 1522
f 1521 1520 1523
f 1524 1520 1525
f 1526 1520 1522
f 1527 905 1528
f 1529 1530 1527
f 1526 1530 1525
f 1528 1529 1527
f 1522 905 1527
f 1527 1526 1522
f 1531 1523 1520
f 1520 1526 1525
f 1532 1531 1524
f 1524 1533 1532
f 1525 1533 1524
f 1534 1533 1525
f 1530 1526 1527
f 1535 1525 1530
f 1536 1535 1537
f 1530 1537 1535
f 1535 1534 1525
f 1529 1537 1530
f 1524 1531 1520
f 1538 1539 1540
f 1541 1542 1543
f 1540 1542 1538
f 1538 1542 1544
f 1538 1545 1539
f 1544 1546 1538
f 1542 1547 1544
f 1548 1547 1541
f 1547 1542 1541
f 1545 1538 1546
f 1549 1550 1551
f 1552 1550 1549
f 1553 1554 1549
f 1552 1549 1554
f 1555 1554 1553
f 1556 1549 1551
f 1557 1553 1549
f 1558 1559 1560
f 1561 1559 1556
f 1559 1558 1556
f 1562 1557 1556
f 1563 1564 1562
f 1562 1558 1563
f 1560 1563 1558
f 1556 1551 1561
f 1557 1549 1556
f 1565 1566 1555
f 1567 1566 1565
f 1565 1553 1568
f 1566 1567 1569
f 1568 1567 1565
f 1570 1567 1568
f 1571 1572 1562
f 1568 1557 1572
f 1564 1571 1562
f 1556 1558 1562
f 1572 1573 1568
f 1570 1568 1573
f 1571 1574 1572
f 1573 1572 1574
f 1557 1562 1572
f 1557 1568 1553
f 1555 1553 1565
f 1575 1576 1577
f 1578 1575 1579
f 1577 1579 1575
f 1580 1581 1575
f 1582 1578 1579
f 1575 1583 1576
f 1584 1583 1581
f 1585 1584 1586
f 1581 1587 1586
f 1584 1581 1586
f 1580 1587 1581
f 1580 1575 1578
f 1588 1589 1586
f 1583 1575 1581
f 1590 1580 1578
f 1591 1578 1582
f 1592 1591 1593
f 1594 1595 1593
f 1592 1593 1595
f 1596 1592 1595
f 1578 1591 1592
f 1590 1597 1580
f 1578 1592 1590
f 1598 1597 1599
f 1600 1597 1590
f 1596 1600 1590
f 1599 1597 1600
f 1588 1587 1598
f 1592 1596 1590
f 1587 1580 1597
f 1589 1585 1586
f 1589 1601 1602
f 1588 1603 1589
f 1601 1589 1603
f 1598 1603 1588
f 1586 1587 1588
f 1603 1604 1601
f 1585 1589 1602
f 1605 1606 1607
f 1608 1609 1610
f 1604 1609 1608
f 1610 1606 1605
f 1611 1612 1607
f 1601 1604 1608
f 1613 1604 1603
f 1614 1603 1598
f 1615 1609 1604
f 1614 1613 1603
f 1599 1614 1598
f 1615 1604 1613
f 1609 1615 1616
f 1616 1606 1609
f 1617 1611 1606
f 1607 1606 1611
f 1618 1611 1617
f 1619 1617 1606
f 1611 1618 961
f 1616 1619 1606
f 1606 1610 1609
f 1587 1597 1598
f 1620 1621 1622
f 1623 1620 1624
f 1622 1624 1620
f 1620 1625 1621
f 1626 1627 1625
f 1623 1628 1620
f 1628 1626 1620
f 1628 1629 1626
f 1625 1620 1626
f 1630 1623 1624
f 1631 1623 1630
f 1632 1633 1634
f 1633 1635 1631
f 1635 1636 1623
f 1635 1623 1631
f 1632 1637 1635
f 1636 1635 1637
f 1638 1636 1637
f 1629 1628 1636
f 1633 1632 1635
f 1623 1636 1628
f 1627 1626 1639
f 1640 1641 1639
f 1642 1640 1629
f 1639 1629 1640
f 1640 1643 1641
f 1636 1638 1629
f 1644 1645 1646
f 1647 1643 1646
f 1641 1643 1647
f 1647 1646 1645
f 1648 1649 1644
f 1650 1643 1640
f 1642 1629 1638
f 1643 1650 1651
f 1650 1640 1642
f 1652 1648 1646
f 1644 1646 1648
f 1646 1653 1652
f 1648 1652 1200
f 1651 1653 1646
f 1646 1643 1651
f 1639 1626 1629
f 1654 1655 1656
f 1657 1658 1659
f 1656 1658 1654
f 1660 1661 1655
f 1655 1654 1660
f 1659 1662 1657
f 1654 1658 1657
f 1663 1661 1660
f 1664 1665 1666
f 1665 1664 1667
f 1668 1664 1669
f 1670 1664 1666
f 1671 1200 1672
f 1673 1674 1671
f 1670 1674 1669
f 1672 1673 1671
f 1666 1200 1671
f 1671 1670 1666
f 1675 1667 1664
f 1664 1670 1669
f 1676 1675 1668
f 1668 1677 1676
f 1669 1677 1668
f 1678 1677 1669
f 1674 1670 1671
f 1679 1669 1674
f 1663 1679 1680
f 1674 1680 1679
f 1679 1678 1669
f 1673 1680 1674
f 1668 1675 1664
