v 2.2641301210095003e-33 0.007876537220276314 0.006984776351809108
v 0.0 0.0078000005612149925 0.007000000332482159
v 0.001362662260882344 0.007876537220276314 0.006850565758886595
v 0.0022389238944138523 0.0078000005612149925 0.0066322863867940285
v 0.0026729582625635573 0.007876537220276314 0.006453091927904331
v 4.183566913850241e-33 0.007941421885986344 0.006941421838488893
v 0.0013542042421776923 0.007941421885986344 0.006808044280121328
v 5.466093753774026e-33 0.007984776399306559 0.006876537172778863
v 0.0038805338795364075 0.007876537220276314 0.005807629384276536
v 0.0038564471646014564 0.007941421885986344 0.00577158097024133
v 0.0042426240075135735 0.007800001038052173 0.005567777421285058
v 0.002656367189693004 0.007941421885986344 0.00641303760471279
v 0.002631536847174515 0.007984776399306559 0.006353092018522022
v 0.004693307145832715 0.007864640609451246 0.005122585539940605
v 0.004918648953410876 0.007896960633569372 0.004899989360849788
v 0.004908326382119799 0.007941421885986344 0.004908326382119799
v 0.004862446062252612 0.007984776399306559 0.004862446062252612
v 0.006491894553496136 0.007909817117639495 0.002529137969935341
v 0.006850565758886595 0.007876537220276314 0.001362662260882344
v 0.006808044280121328 0.007941421885986344 0.0013542042421776923
v 0.006984776351809108 0.007876537220276314 4.276941927862895e-19
v 0.006941421838488893 0.007941421885986344 4.250394855243843e-19
v 0.0038203992274034315 0.007984776399306559 0.005717631611599772
v 0.0013415457647469181 0.007984776399306559 0.0067444060668020445
v 0.0 0.00800000037997961 0.006800000513717541
v 0.002602247361759291 0.00800000037997961 0.006282381356136346
v 0.00480832647273749 0.00800000037997961 0.00480832647273749
v 0.001326614204475024 0.00800000037997961 0.00666934045044365
v 0.0037778777486381643 0.00800000037997961 0.005653993398280488
v 0.005717631611599772 0.007984776399306559 0.0038203992274034315
v 0.005519058489680262 0.007939870257799853 0.004162747580837567
v 0.005894126695208668 0.007950459381075026 0.003648101979916163
v 0.006353092018522022 0.007984776399306559 0.002631536847174515
v 0.00641303760471279 0.007941421885986344 0.002656367189693004
v 0.0067444060668020445 0.007984776399306559 0.0013415457647469181
v 0.006282381356136346 0.00800000037997961 0.002602247361759291
v 0.005653993398280488 0.00800000037997961 0.0037778777486381643
v 0.00666934045044365 0.00800000037997961 0.001326614204475024
v 0.006876537172778863 0.007984776399306559 4.210664508267994e-19
v 0.006874818651579073 0.007800001038052173 0.0013179066807154916
v 0.006919682354576684 0.0078000005612149925 -0.0010573560501683094
v 0.006850565758886595 0.007876537220276314 -0.001362662260882344
v 0.006453091927904331 0.007876537220276314 -0.0026729582625635573
v 0.0061675279685705076 0.0078000005612149925 -0.003310830988783736
v 0.005807629384276536 0.007876537220276314 -0.0038805338795364075
v 0.00641303760471279 0.007941421885986344 -0.002656367189693004
v 0.006808044280121328 0.007941421885986344 -0.0013542042421776923
v 0.0067444060668020445 0.007984776399306559 -0.0013415457647469181
v 0.00577158097024133 0.007941421885986344 -0.0038564471646014564
v 0.004938982721313934 0.007876537220276314 -0.004938982721313934
v 0.004908326382119799 0.007941421885986344 -0.004908326382119799
v 0.005717631611599772 0.007984776399306559 -0.0038203992274034315
v 0.006353092018522022 0.007984776399306559 -0.002631536847174515
v 0.004704989656763581 0.0078000005612149925 -0.00518296027959414
v 0.0038805338795364075 0.007876537220276314 -0.005807629384276536
v 0.002700524458407183 0.007800001038052173 -0.006458109208721252
v 0.0026729582625635573 0.007876537220276314 -0.006453091927904331
v 0.002656367189693004 0.007941421885986344 -0.00641303760471279
v 0.0038564471646014564 0.007941421885986344 -0.00577158097024133
v 0.0038203992274034315 0.007984776399306559 -0.005717631611599772
v 0.002037123300035748 0.007866973296939972 -0.0066347425751125955
v 0.0013737220224550178 0.00793394555582777 -0.006811375941503939
v 0.0013542042421776923 0.007941421885986344 -0.006808044280121328
v 0.002631536847174515 0.007984776399306559 -0.006353092018522022
v 0.004862446062252612 0.007984776399306559 -0.004862446062252612
v 0.00666934045044365 0.00800000037997961 -0.001326614204475024
v 0.006282381356136346 0.00800000037997961 -0.002602247361759291
v 0.005653993398280488 0.00800000037997961 -0.0037778777486381643
v 0.006800000513717541 0.00800000037997961 4.1637992318616166e-19
v 0.00480832647273749 0.00800000037997961 -0.00480832647273749
v 0.0037778777486381643 0.00800000037997961 -0.005653993398280488
v 0.002602247361759291 0.00800000037997961 -0.006282381356136346
v 7.595439031208672e-19 0.007947859664765022 -0.006934676499728565
v 0.0013415457647469181 0.007984776399306559 -0.0067444060668020445
v 8.416028707616793e-19 0.007986510179296136 -0.006872208921688272
v 0.001326614204475024 0.00800000037997961 -0.00666934045044365
v 8.450063551845223e-19 0.00800000037997961 -0.006800000513717541
v 0.005143990284151856 0.007929280657687499 0.004677393181758971
v 0.006193010624352402 0.00793013801093867 0.003088619855716457
v 0.0066833566025376046 0.007854908839427244 0.0019235223253254163
v -0.0009567086554990514 0.00800000037997961 0.002309698929818943
v 3.061617144533026e-19 0.00800000037997961 0.0025000001187436283
v 3.061617144533026e-19 -9.663546547951204e-32 0.0025000001187436283
v -0.0017677670364790732 0.00800000037997961 0.0017677670364790732
v -0.0009567086554990514 -6.097790003435301e-32 0.002309698929818943
v -0.002309698929818943 0.00800000037997961 0.0009567086554990514
v -0.0017677670364790732 -1.6037007255409012e-32 0.0017677670364790732
v -0.0009567086554990514 1.1758115832580545e-31 -0.002309698929818943
v -1.1832914140348414e-31 9.663546547951204e-32 -0.0025000001187436283
v -1.1832914140348414e-31 0.00800000037997961 -0.0025000001187436283
v -0.002309698929818943 3.134537800220273e-32 0.0009567086554990514
v -0.0025000001187436283 7.395571337717758e-32 -4.59242545210173e-19
v -0.002309698929818943 0.00800000037997961 -0.0009567086554990514
v -0.0025000001187436283 0.00800000037997961 -4.59242545210173e-19
v -0.0017677670364790732 1.2062617408313368e-31 -0.0017677670364790732
v -0.0009567086554990514 0.00800000037997961 -0.002309698929818943
v -0.0017677670364790732 0.00800000037997961 -0.0017677670364790732
v -0.002309698929818943 1.053069654659897e-31 -0.0009567086554990514
v -0.0052302034001242 3.3455672505574903e-31 -0.004652415973388779
v -0.006316061319894262 1.0408341350230506e-17 -0.003017842436125462
v -0.005771693980653192 0.0002716957161729046 -0.0039607514832153135
v -0.0051180031346326205 0.000694021913590949 -0.00477556775841298
v -1.9068333430639362e-16 0.004219524107124395 -0.007000000332482159
v -1.2128736993857124e-31 2.7040057703530554e-31 -0.007000000332482159
v -0.0018763899502306086 0.003001450204359324 -0.006743824325441405
v -0.0035951554098659355 0.0017826093089888528 -0.006006235407961524
v -0.001943002077837569 3.1742531257135882e-31 -0.006724934897359147
v -0.00373330324739074 3.3932479819378843e-31 -0.005921355528746841
v 0.003166934640625174 0.0073855251005494615 -0.006242637930786721
v 0.004129981237118163 0.0024680305699534277 -0.005651836663711496
v 0.003300564445861409 0.006271814644208673 -0.006173028285451632
v 0.0034209379390513772 0.006522327732889632 -0.006107142261661813
v 0.003749297320110867 0.0019615382887781113 -0.005911241335303796
v 0.002909047503360934 0.005903732103379744 -0.006366902653791029
v 0.003438965483929246 0.00680679115201005 -0.006097009471568715
v 0.0036169559289372932 0.001656902511140354 -0.005993132399068901
v 0.0013357232251408335 2.2609381026236534e-31 -0.006871378748156409
v 0.0019710632306749187 0.005344371095823974 -0.006716763815428073
v 0.002622359877210434 1.7329959019199972e-31 -0.006490241358990123
v 0.0035827454838156803 0.0013180573612646407 -0.006013646411426321
v 0.003812627735029911 1.141367889384781e-31 -0.005870593826659276
v 0.004936828370930846 0.0033365399038079446 -0.004962633368646996
v 0.006222941217357281 0.004983661411485374 -0.0032054654690238937
v 0.006915321678557795 0.006534326863708584 -0.0010855081596979066
v 0.006999460552793435 0.007217739448048821 8.693844492906749e-05
v 0.003756275593834041 0.0008056756044639776 -0.005906809610544961
v 0.004082447722744964 0.00041642107557270103 -0.00568626621551771
v 0.004862785093488198 0.0 -0.005035208464409802
v 0.006587392166216843 -2.8639378894262558e-31 0.0023677562407735386
v 0.00677122768138777 0.003020605469169907 0.0017749590524685638
v 0.006271567165711811 0.003945417114734895 0.0031092518852761375
v 0.006958893152795298 -2.351406740128329e-31 0.000757504976012513
v 0.006989437435251933 0.0020955468219452378 0.00038440396227371054
v 0.005490310452883895 0.004815065612614466 0.004342406479141414
v 0.005848755637450631 -3.216852772176864e-31 0.0038460451999197676
v 0.003822815838235988 0.0073855251005494615 0.005863964836171076
v 0.0033817269024141727 0.001656902511140354 0.006128941827058809
v 0.004440683575789306 0.005622586517363692 0.005411130685329113
v 0.00386231106983298 0.006076319506291561 0.005838026800881468
v 0.004784149873993948 -3.390482587147638e-31 0.005109981779576334
v 0.003416597528612675 0.0013180573612646407 0.0061095717470982525
v 0.006529178929504109 0.00047192158556357 -0.0025238522297856003
v 0.0069192174383253535 0.0012161956411096964 -0.001060394933521877
v 0.006539283109366356 -9.690599846423732e-32 -0.0024975546592616304
v 0.005771559035731011 0.0 -0.003960948416971005
v 0.006942552896281873 -1.707824598204391e-31 -0.000894964379857463
v 0.0036250995927304686 0.006394687002644894 0.005988210008850969
v 0.0032446364513379067 0.0019615382887781113 0.006202607449454223
v 0.0035606824658762637 0.00680679115201005 0.006026736545715061
v 0.0028296436223311516 0.0024680305699534277 0.006402587241057245
v -0.0012411556833413773 0.0078000005612149925 0.0068890884810532405
v -0.00033545599981048627 0.004983661411485374 0.006991957996589915
v 0.0018293527041533808 0.0033365399038079446 0.006756735645787326
v -0.0025175832513689433 0.006534326863708584 0.0065315984013597506
v -0.0035673887039877616 0.0078000005612149925 0.0060227687835331944
v -0.003575021198323064 0.007217739448048821 0.006018241214501008
v -0.0024429801670759754 0.0078000005612149925 0.00655986673995218
v -0.004578749874156185 0.007800001038052173 0.0052948143612924214
v 0.0034529084415159395 -3.375150258132125e-31 0.00608912353827179
v 0.0032373091327983494 0.0008056756044639776 0.006206435021504919
v 0.002883227246854997 0.00041642107557270103 0.006378636663137427
v 0.0019292257748455832 0.0 0.006728899798517929
v 0.0017677670364790732 1.6037007255409012e-32 -0.0017677670364790732
v 0.0017677670364790732 0.00800000037997961 -0.0017677670364790732
v 0.0009567086554990514 0.00800000037997961 -0.002309698929818943
v 0.0025000001187436283 -7.395571337717758e-32 1.530808572266513e-19
v 0.002309698929818943 0.00800000037997961 -0.0009567086554990514
v 0.002309698929818943 -3.134537800220273e-32 -0.0009567086554990514
v 0.0009567086554990514 6.097790003435301e-32 -0.002309698929818943
v 0.0025000001187436283 0.00800000037997961 1.530808572266513e-19
v 0.0017677670364790732 0.00800000037997961 0.0017677670364790732
v 0.002309698929818943 0.00800000037997961 0.0009567086554990514
v 0.0017677670364790732 -1.2062617408313368e-31 0.0017677670364790732
v 0.0009567086554990514 -1.1758115832580545e-31 0.002309698929818943
v 0.0009567086554990514 0.00800000037997961 0.002309698929818943
v 0.002309698929818943 -1.053069654659897e-31 0.0009567086554990514
v -0.005344233289878708 -1.6659816917819257e-32 0.004520971036115207
v -0.004922773595025243 0.003020605469169907 0.004976575610977918
v -0.005828474798474648 0.003945417114734895 0.003876710837438929
v -0.0041354648646979575 -9.597559370097414e-32 0.0056478255093461716
v -0.0038276223570189727 0.0020955468219452378 0.005860828678032615
v -0.006505789588946154 0.004815065612614466 0.0025835453306891076
v -0.00625515061524945 6.35844597634227e-32 0.0031421484055459137
v -0.0069897502404425715 0.0073855251005494615 0.0003786731244179685
v -0.006943148942757937 0.007800001038052173 0.0008903316682268986
v -0.006841070023267115 0.0078000005612149925 -0.0014831606854136953
v -0.006817448939839266 1.402849725165255e-31 0.0015882042208671676
v -0.006906518310524912 0.005622586517363692 0.0011401793306219793
v -0.0069993432508469455 0.0013180573612646407 -9.592561879400753e-05
v -0.001078869274838204 0.00047192158556357 0.006916360706774871
v -0.0025412796750713673 0.0012161956411096964 0.006522415470930909
v -0.0011066958237825747 -2.344376854756171e-31 0.006911962837455876
v 0.0005445025225818412 0.0 0.006978790614677877
v -0.002696214565548055 -1.6994234506466977e-31 0.006459909745916148
v -0.006987035129534802 0.006076319506291561 0.0004258460306731486
v -0.006998682831351466 0.001656902511140354 -0.00013580953229804134
v -0.006959625097867905 0.0024680305699534277 -0.0007507503985318062
v -0.006999647472968329 0.00680679115201005 7.027341759199661e-05
v -0.0069984916196419444 0.006394687002644894 0.00014532350693968916
v -0.006766180836665636 0.0033365399038079446 -0.0017941018003031495
v -0.005951027675999698 0.0078000005612149925 -0.0036858205161773017
v -0.00437553808014135 0.0078000005612149925 -0.00546394278729434
v -0.0022960687774228883 0.007800001038052173 -0.006612720803589323
v -0.003424439354470371 0.007217739448048821 -0.006105179599825428
v -0.005887485306953766 0.004983661411485374 -0.0037864922891474306
v -0.004397738665607442 0.006534326863708584 -0.005446090480080434
v -0.006993934009867364 0.0019615382887781113 -0.00029136614395275026
v -0.006993584965050981 0.0008056756044639776 -0.0002996254407622821
v -0.0069997900472854035 2.091669796960348e-31 -5.4255491836955726e-05
v -0.006965675208018551 0.00041642107557270103 -0.0006923702092011264
v -0.006792011106752371 0.0 -0.0016936913341081272
v -0.0037778777486381643 0.00800000037997961 -0.005653993398280488
v -0.00480832647273749 0.00800000037997961 -0.00480832647273749
v -0.005653993398280488 0.00800000037997961 -0.0037778777486381643
v -0.001326614204475024 0.00800000037997961 -0.00666934045044365
v -0.002602247361759291 0.00800000037997961 -0.006282381356136346
v -0.006282381356136346 0.00800000037997961 -0.002602247361759291
v -0.00666934045044365 0.00800000037997961 -0.001326614204475024
v -0.006800000513717541 0.00800000037997961 -1.249139769558485e-18
v -0.00666934045044365 0.00800000037997961 0.001326614204475024
v -0.006282381356136346 0.00800000037997961 0.002602247361759291
v -0.005653993398280488 0.00800000037997961 0.0037778777486381643
v -0.0037778777486381643 0.00800000037997961 0.005653993398280488
v -0.001326614204475024 0.00800000037997961 0.00666934045044365
v -0.00480832647273749 0.00800000037997961 0.00480832647273749
v -0.002602247361759291 0.00800000037997961 0.006282381356136346
v -0.001362662260882344 0.007876537220276314 -0.006850565758886595
v -0.0026729582625635573 0.007876537220276314 -0.006453091927904331
v -0.001148034269502149 0.007873930351408598 -0.006773698651658944
v -0.0013542042421776923 0.007941421885986344 -0.006808044280121328
v -0.0038805338795364075 0.007876537220276314 -0.005807629384276536
v -0.002656367189693004 0.007941421885986344 -0.00641303760471279
v -0.0038564471646014564 0.007941421885986344 -0.00577158097024133
v -0.004938982721313934 0.007876537220276314 -0.004938982721313934
v -0.004908326382119799 0.007941421885986344 -0.004908326382119799
v -0.0038203992274034315 0.007984776399306559 -0.005717631611599772
v -0.002631536847174515 0.007984776399306559 -0.006353092018522022
v -0.001362662260882344 0.007876537220276314 0.006850565758886595
v -0.006453091927904331 0.007876537220276314 -0.0026729582625635573
v -0.005807629384276536 0.007876537220276314 -0.0038805338795364075
v -0.00577158097024133 0.007941421885986344 -0.0038564471646014564
v -0.005717631611599772 0.007984776399306559 -0.0038203992274034315
v -0.006850565758886595 0.007876537220276314 -0.001362662260882344
v -0.006808044280121328 0.007941421885986344 -0.0013542042421776923
v -0.00641303760471279 0.007941421885986344 -0.002656367189693004
v -0.006353092018522022 0.007984776399306559 -0.002631536847174515
v -0.006984776351809108 0.007876537220276314 -1.2830826048286494e-18
v -0.004862446062252612 0.007984776399306559 -0.004862446062252612
v -0.0013415457647469181 0.007984776399306559 -0.0067444060668020445
v -0.0013415457647469181 0.007984776399306559 0.0067444060668020445
v -0.0067444060668020445 0.007984776399306559 -0.0013415457647469181
v -0.006941421838488893 0.007941421885986344 -1.2751184830429338e-18
v -0.006876537172778863 0.007984776399306559 -1.2631993524803982e-18
v -0.0013542042421776923 0.007941421885986344 0.006808044280121328
v -0.006850565758886595 0.007876537220276314 0.001362662260882344
v -0.006782943094084115 0.007864640609451246 0.0015032305239371518
v -0.006622736768573112 0.007929280657687499 0.0021161294988567003
v -0.006808044280121328 0.007941421885986344 0.0013542042421776923
v -0.0067444060668020445 0.007984776399306559 0.0013415457647469181
v -0.006106412223937929 0.007950459381075026 0.0032804123529242557
v -0.00641303760471279 0.007941421885986344 0.002656367189693004
v -0.006364574734674111 0.007939870257799853 0.002698270925890478
v -0.006353092018522022 0.007984776399306559 0.002631536847174515
v -0.00543624522280739 0.007909817117639495 0.004357576577213029
v -0.00577158097024133 0.007941421885986344 0.0038564471646014564
v -0.0057713287233726596 0.00793013801093867 0.0038189944650686425
v -0.004938982721313934 0.007876537220276314 0.004938982721313934
v -0.005007497548481787 0.007854908839427244 0.0048261949924155445
v -0.0038805338795364075 0.007876537220276314 0.005807629384276536
v -0.0026729582625635573 0.007876537220276314 0.006453091927904331
v -0.004908326382119799 0.007941421885986344 0.004908326382119799
v -0.0038564471646014564 0.007941421885986344 0.00577158097024133
v -0.002656367189693004 0.007941421885986344 0.00641303760471279
v -0.004862446062252612 0.007984776399306559 0.004862446062252612
v -0.005717631611599772 0.007984776399306559 0.0038203992274034315
v -0.0038203992274034315 0.007984776399306559 0.005717631611599772
v -0.002631536847174515 0.007984776399306559 0.006353092018522022
v -0.007122429709177369 0.0013503295824553868 -0.00042977913275243224
v -0.007103818754008728 0.001517826748461612 -0.00042288445454752646
v -0.014036878298857025 -0.0020638810184392398 -0.00829669228860297
v 0.0032124449348400197 0.006754764877718866 -0.006376440351082424
v -2.5103840306676733e-05 0.010078114988267273 -0.015922334473616462
v 0.002981414936531479 0.007095853188902601 -0.006690284093101018
v -0.007103137830514472 0.001673364122716306 -0.0004917450482761453
v -0.013519416497545511 -0.0007674706942783702 -0.00857292692849343
v -0.015174245601414227 -0.0014298405134322706 -0.01061267140251232
v -0.007105600694553571 0.001931919189661624 -0.0007119415144520025
v -0.007073596813486349 0.002367819183281411 -0.001232584296596978
v -0.012088574983661338 0.0012763053784999728 -0.009397065608995336
v -0.013629982642018312 0.0007075054981585394 -0.011503263066212077
v -0.015736786636129096 -0.00273220099074975 -0.010307993424784057
v -0.0018115926649339698 0.011269302903427203 -0.020672200231144355
v -0.002863042013733774 0.011549439025131392 -0.023000619073427764
v -0.00206147918955929 0.011432492799178795 -0.02120756250022504
v -0.004027864170652873 0.01161223466715211 -0.025294287929319426
v -0.003184002073839398 0.011659445362753873 -0.023617077995530256
v -0.01676211627467339 -0.001909717173683989 -0.01272027457573821
v -0.017361735214896923 -0.0031987406342623426 -0.012391645066415768
v -0.01826368609391893 -0.002159180266892713 -0.014912321798995487
v -0.019684737186805856 -0.0021993940921212485 -0.01718210683417265
v -0.018888684216256113 -0.0034197277262863757 -0.014567077374943449
v -0.016566155266830584 3.4087443480696096e-05 -0.015893249312933233
v -0.01795472039626045 -3.95846646454351e-05 -0.018182276635706485
v -0.015125878098811718 0.00027787260540900957 -0.013665028267462187
v -0.02032420254921008 -0.0034193054869627315 -0.01682711871916709
v -0.0010662998467509538 0.01095659021920159 -0.018759690222092118
v -0.006862758485600973 0.003161728770703226 -0.002315722813924642
v -0.009990976808164076 0.0036942924823694934 -0.0106095366748854
v -0.011381503645755964 0.003295900501395499 -0.01280212844620321
v -0.0059414627989889945 0.004704300150200069 -0.004335209098733639
v -0.004423520775138912 0.006155616098955652 -0.006020040321184361
v -0.007491893170482045 0.006095463088591213 -0.012056311226330552
v -0.008724966463607986 0.005933651252292282 -0.014337844575969538
v -0.003446416303298644 0.006793271387421362 -0.006693095048282138
v -0.01275645888836996 0.002974790952833678 -0.015032963513099684
v -0.014117544844741703 0.0027700451736080434 -0.017306393491687277
v -0.0154659965231696 0.002673447974348292 -0.01961831567486194
v -0.011256241379369314 0.005644922047751966 -0.01895673651135854
v -0.009975463387322248 0.005775346076621335 -0.016638432339355358
v -0.00597864751602617 0.008269585048545913 -0.015925097268242316
v -0.007120713095326303 0.008312599576956181 -0.018286503706697044
v -0.012565566659759608 0.005542931343139601 -0.02129040246998004
v -0.008332622923854505 0.008285021221764444 -0.02064329054654368
v -0.018129563239037694 0.0027340570794762153 -0.024334460460634366
v -0.004885394805255461 0.008152391820933635 -0.013564494777274505
v -0.020603529955055544 0.000210611368288453 -0.02290693201148275
v -0.006638200598348132 0.01122060256847246 -0.02979310940154689
v -0.00952359530860869 0.010364295498075937 -0.03420017404873743
v -0.007193349703085439 0.011142633013682679 -0.030645177389405642
v -0.015644904879750787 0.008333850302758017 -0.042864744315018743
v -0.010234198102675451 0.010178988940202083 -0.03520765853262553
v -0.022328497993530094 -0.0017919201509914578 -0.021909438220207855
v -0.022970223564171555 -0.002903548140154172 -0.02155169398629697
v -0.0253983452462736 -0.0019500983687630036 -0.026466681783833268
v -0.024779811128760043 -0.0009669862848858332 -0.02681137975247605
v -0.02998916196212842 9.454284312360433e-05 -0.036479242150151414
v -0.029445630518465382 0.0008342723050600714 -0.03678107627093308
v -0.023125945235996648 0.0008028627419341336 -0.02776735628408855
v -0.03456115886812938 0.0013781539856324437 -0.04640822821745605
v -0.03409039087091559 0.0019486480684774432 -0.04667035896721128
v -0.021734973032477845 0.006973605964010476 -0.05146610122990891
v -0.027781697639139846 0.006193995293130861 -0.06002077387744498
v -0.022918126241140424 0.006815535869069689 -0.053121657033641245
v -0.04003878974353725 0.0052000706281546405 -0.0769703710875369
v -0.029198758558497406 0.006089511683737003 -0.061997256362680275
v -0.039105771968508396 0.0021018062636182777 -0.05628336983029891
v -0.03870760147840491 0.002558448913023703 -0.056507021726908135
v -0.04791261519076606 0.003231475029890629 -0.07615619258206863
v -0.04792469633758012 0.003173639209806539 -0.07614921931513585
v -0.04786712492371281 0.0033018528599240704 -0.07618245295929249
v -0.01660631258685319 0.008110781101183795 -0.04419444866284428
v -0.028003005404168002 0.0021254478510449037 -0.03761335933048393
v -0.02075629714370808 0.0030153340341355916 -0.0291350512037869
v -0.032841527591382924 0.0029136034442053815 -0.04738932643910454
v -0.025935351649953864 0.0036836778483051447 -0.038807058270238226
v -0.015251271018585921 0.00540742279941081 -0.025993552488899896
v -0.017995406051879437 0.005335167661396356 -0.030727376489989577
v -0.012321232427268125 0.007879758732270148 -0.027682837847456954
v -0.015177512889777423 0.007449066992758213 -0.03235275803691762
v -0.009609802702534864 0.008196471603605926 -0.0229947711422418
v -0.023512616320646718 0.005247872601860659 -0.04020631599661151
v -0.037643052935409926 0.0033101934574729375 -0.05711891445616679
v -0.04767591321419129 0.0034802352650947777 -0.07629285030340327
v -0.04698489984518828 0.003918470807226376 -0.0766918066211808
v -0.03105170015956893 0.004041028214704645 -0.04842151871835565
v -0.03611793308147648 0.0041717726781595466 -0.05799695862628962
v -0.028949555818389427 0.005125777488029226 -0.04963545844276274
v -0.034328618726469085 0.004980510948231487 -0.05902897924415562
v -0.044858904108222575 0.004781863916548945 -0.07791925418924706
v -0.02101943115889182 0.006586582019846576 -0.04164632232111165
v -0.004424612732283062 0.011661523419188025 -0.02599024514621351
v -0.0023217292934732403 0.007338199010349933 -0.0072177251429333955
v -0.0010984597727856094 0.007698768981394544 -0.007435098047545163
v -0.0025393790020684925 0.009652960282099388 -0.014919684165067837
v 0.0014722117884855696 0.007776691806140601 -0.007295040953948229
v 0.0020966361564848934 0.007629141216246582 -0.0071968644699454964
v -0.0008362287680131059 0.01039846660413013 -0.0159012935561742
v 0.00018343820549114424 0.007844746485428933 -0.007400173538745225
v -0.0017513996002463394 0.010992258594003657 -0.01836521617381459
v 0.002648273593803818 0.007367971293410769 -0.006976446006259629
v -0.0035244917159425737 0.010039728641534351 -0.01734236799595945
v -0.004584479549721299 0.01028325415816711 -0.01975077150695892
v -0.005745187078606828 0.010365084186773066 -0.022136824705617508
v -0.006999669407478648 0.010302773965002454 -0.024501219959521814
v -0.0027596343874385088 0.011395402495903428 -0.020804406200558567
v -0.0038890518605165514 0.011571227623273228 -0.023209147602009095
v -0.0051310164981352435 0.01154257352340149 -0.025581099771555538
v -0.009735987172029281 0.00984471558600708 -0.02917480416588014
v -0.00034442250576386876 0.010426462668692293 -0.016183991247213925
v -0.0012431630486634676 0.011082865287760368 -0.018658026627785818
v -0.0022398406138940397 0.011537236761673397 -0.02110455422506874
v -0.0002087143460702441 0.010343488230852294 -0.01626173478117998
v -0.0011046218204644603 0.011017820881594753 -0.018737711842752303
v -0.0020996376081197643 0.011488260814828122 -0.021185521178377353
v -0.0033627256560130048 0.011746952614835049 -0.023513526125987783
v -0.004602714757191428 0.011736017784603758 -0.025886870660102312
v -0.007367738596866513 0.011201436574825308 -0.030543925782423598
v -0.0032218507866509094 0.01171031435320713 -0.023595107245585334
v -0.004462039205770929 0.011708111365431595 -0.025968457501746034
v -0.007229648456640592 0.011182277256898687 -0.03062403442880668
v -0.007888681309598244 0.011010726498018042 -0.030242375856601722
v -0.012685490257069443 0.009107039884160284 -0.03379106300635648
v -0.02677853711480771 0.005992923067546507 -0.050889917883449876
v -0.01879883855464004 0.007572018506166456 -0.042928678644227336
v -0.010904817145453438 0.010077661039271102 -0.03481969998758716
v -0.01720899282177779 0.008101335910305485 -0.04384657877327447
v -0.010402377622687475 0.010231977948761406 -0.03511023497453136
v -0.01675837214912934 0.00816334000260599 -0.04410669536277778
v -0.02344802967817472 0.00685650333546256 -0.05281491339724553
v -0.024838561284138416 0.0065813830640637505 -0.0520110956100428
v -0.03248285829334119 0.005599479941253982 -0.06009508799840635
v -0.030834302459423757 0.005993460463049327 -0.061048502960683315
v -0.04366671578865722 0.005031262636738254 -0.07835802068957953
v -0.04228992663024567 0.005183709867642439 -0.07835288610681612
v -0.02965179965667586 0.006151414209717987 -0.061733534884089725
v -0.010269074927757305 0.010213441380192978 -0.03518741393327529
v -0.023052571437955915 0.006866791097639435 -0.05304370369131561
v -0.016637881115574293 0.00813820686847766 -0.04417623729723319
v -0.029314475498197767 0.006139329725043663 -0.06192955311239423
v -0.04104259685908662 0.0052361919982785166 -0.07787018955068614
v -0.02294615663797961 0.0068385418325342395 -0.053105375904938246
v -0.029223113494346586 0.006110194496456445 -0.061982916914977704
v 0.003222593460560086 0.00665339501511597 -0.0063451817665288734
v 0.003188882979222596 0.006554058863089407 -0.006362884346867992
v 0.003060114052207963 0.006408652609997678 -0.006452668973324915
v 0.0027419291844948956 0.00619099407991458 -0.006638226347555898
v -0.0006705348810155665 0.008978251883658417 -0.015959412379125126
v 0.002033781386653749 0.005815349855071705 -0.006940162988331444
v -0.002165429218147774 0.00705439887174808 -0.015095411063978381
v 0.0005411199588301746 0.005052914382609186 -0.0072824004771210316
v -0.003172722728744942 0.00752147471867054 -0.017509690162720304
v -0.0015999525353289912 0.009608336905040926 -0.018418200414002106
v -0.0026233936602185204 0.010063333989335232 -0.02085177902080182
v -0.003766729295349852 0.010299867165547982 -0.023250977666862127
v -0.004259310447820297 0.007869754211378699 -0.019907311431386354
v -0.005446792861247829 0.008067339326659484 -0.022281405553549183
v -0.006727484545765161 0.008127338795451688 -0.024633094050258153
v -0.005021211862640262 0.010337878718256754 -0.025617551113008563
v -0.005445907851440168 0.004981972931027978 -0.01619734650297522
v -0.0066236160563346025 0.005174754388548863 -0.018542275355808435
v -0.004324439254166923 0.0047429540025914485 -0.013849090280294019
v -0.0009486486766311156 0.004216990194345349 -0.007309889186922769
v -0.006853303757979046 0.002363736503338959 -0.012390308968635022
v -0.008115382579979014 0.002353650204870994 -0.014656750421500053
v -0.002385379189303455 0.0033318540248317152 -0.0070505293380254686
v -0.0037301446779047787 0.0024502252312018358 -0.0065238378762413896
v -0.00497761797705526 0.0016137862972012695 -0.005721215519851053
v -0.009437231512087196 0.0002260245192118454 -0.01090074781695205
v -0.006074846079402729 0.0009087764456380126 -0.004635262709482002
v -0.0108512931255772 -1.6273571951270225e-05 -0.013078317309724308
v -0.009403725117063111 0.0023736823732571632 -0.01693714222292808
v -0.010725030454785123 0.0024249077995031065 -0.019233509977263363
v -0.007872737304782107 0.005305576099627063 -0.020880761184653984
v -0.009187409837318472 0.00537892462529721 -0.023212865024671014
v -0.012257754908078788 -0.00015938187402531057 -0.015289296876410119
v -0.013653548889170364 -0.00018798264263860352 -0.017541792749083962
v -0.014794385659055442 -0.0021252337511507013 -0.013824705780539626
v -0.016257958230707636 -0.0022299827204357026 -0.016037228392342673
v -0.012076000787202279 0.0025028623339216904 -0.021544440339101856
v -0.01327805105334201 -0.0018383847156144828 -0.011678296643861663
v -0.015038452862725649 -0.00011451978035318527 -0.019832634914167535
v -0.011721732696339804 -0.0013966519303892228 -0.009583893277476108
v -0.009513614152739103 0.00792411889520478 -0.02928034730748985
v -0.007800092590790897 0.009950294013568173 -0.03026884032013899
v -0.010832983531506857 0.009164495903429826 -0.03483767865665399
v -0.012507938025430598 0.00743916642237219 -0.0338712479466885
v -0.01868874829367373 0.006329222026085768 -0.042971429958513774
v -0.017160179953248367 0.007437425966662081 -0.04385433786788129
v -0.014897668592427915 0.005270611059666752 -0.032491780870669285
v -0.020845988310077557 0.004930617089813072 -0.04172554595768707
v -0.02476171992611853 0.005607930926610216 -0.052040709106322414
v -0.01197261962537055 0.005387807148302115 -0.027860789668653352
v -0.03999500083154528 0.005195551642191709 -0.07691262419758704
v -0.029614757037118578 0.005720636162676318 -0.06174782474072549
v -0.023410302320425735 0.006345647159617385 -0.05282245886879533
v -0.03076306489195324 0.005170045621387953 -0.061082667391016976
v -0.04224833498398306 0.004507021641226572 -0.07834467687791058
v -0.04099895672029508 0.004889882319964456 -0.0778430670518393
v -0.02665960629250841 0.0046776549653712585 -0.05094277814597037
v -0.01484550737321455 0.0027165368893587727 -0.026201474480587184
v -0.01766938293458753 0.0029698621253138047 -0.030891234911468723
v -0.01777706039941873 0.0002659376091908826 -0.024507373066503524
v -0.020476510066820275 0.0008366717497541171 -0.029269547899017923
v -0.0203732595583761 -0.0016769150099928132 -0.023006779809804367
v -0.02294773592272259 -0.0008675491625862244 -0.02784160746254205
v -0.02576968696923365 0.0019769519314398465 -0.038883005081706834
v -0.017671597366455405 -0.0021713720399327285 -0.018310959732028564
v -0.02331154743292263 0.003419053716931242 -0.040301897055838865
v -0.03237762986427084 0.004484626506190692 -0.06014676189002088
v -0.02881295722486521 0.0036573840924786216 -0.04969796988982367
v -0.04358849160281286 0.004098847107068815 -0.07837153234793615
v -0.044858904108222575 0.0037109238479818285 -0.07791925418924706
v -0.034209783271605954 0.003735670982412259 -0.0590858640124825
v -0.030942603627287513 0.00266096151593051 -0.04846874085804975
v -0.03602158145336487 0.003004524612082865 -0.058039507761611375
v -0.027905866041033622 0.0008074262525688269 -0.037650308489953765
v -0.006950358720932415 0.0004650821310646716 -0.003245848333033041
v -0.015024705646801695 -0.002834609881569722 -0.010670012027184095
v -0.01336352793270712 -0.0022441969983783006 -0.008636270933272128
v -0.007374044291746096 0.00047782861475763674 -0.0019255398234375998
v -0.007368718974110344 0.000783298470031675 -0.0010816108502095106
v -0.013830493630240803 -0.0022932397024288953 -0.00836570970215944
v -0.01552149750999765 -0.0029337362252367105 -0.010382710950000429
v -0.0072503908740076395 0.0010208622702061881 -0.000711266849445745
v -0.016621319606608953 -0.003234057103224941 -0.012769915233613593
v -0.0181331166297094 -0.0034056572147538045 -0.014954440827180115
v -0.019565318083233363 -0.0033720492534101976 -0.017217322213652908
v -0.022232802493379333 -0.0028288277539147144 -0.0219326983378898
v -0.017140789846126214 -0.0033745943718629934 -0.012470027562204167
v -0.018665902070664764 -0.0035748564510770797 -0.014647211770534296
v -0.02010276317712001 -0.003557973315433255 -0.016907584039761447
v -0.015655508784978567 -0.002867698328804791 -0.01030493308375735
v -0.017281006680178734 -0.0033251608997426907 -0.01238909875587002
v -0.013956283278549475 -0.0022089215374132554 -0.008292276776308283
v -0.007180924279826806 0.0011654549198580888 -0.0005488456748343334
v -0.015692376882127657 -0.0028049718281752956 -0.010283413421785514
v -0.01731943403490921 -0.0032694934967385236 -0.012366925826960418
v -0.018809634148414522 -0.003538460422737033 -0.014564554906256744
v -0.018848854960213934 -0.0034888314473725812 -0.014542100643410438
v -0.0202475328525753 -0.003531132150523114 -0.016824496114672405
v -0.020286839495067266 -0.0034864784943036686 -0.016802088581869823
v -0.022899817600744443 -0.0030034514900073583 -0.021548676560616542
v -0.02293764795532449 -0.0029660884358645445 -0.021527146408226727
v -0.02275886071538724 -0.0030196703914582568 -0.0216295328876992
v -0.02470752261214293 -0.0018836314380776126 -0.026825139366166706
v -0.029408801521965122 0.00011330942602714566 -0.036783067543000314
v -0.03278140033022625 0.0018450592440534541 -0.04740918575401265
v -0.025203345542187394 -0.002053480722687684 -0.026539168664717616
v -0.029829017148613746 5.841172577719937e-06 -0.03654048711766
v -0.034520261496802096 0.0013203937442415187 -0.04640847998748754
v -0.02993915890799559 2.300332037095845e-05 -0.036476835076062475
v -0.034067708679896835 0.001366996830065581 -0.046668878864601915
v -0.02533522344762118 -0.002039838649362108 -0.026463343923567306
v -0.03442656871281091 0.001301357927144739 -0.04646242362408293
v -0.03868333237324828 0.002071125367309329 -0.05650925713961197
v -0.03758679759216177 0.002409851665517715 -0.05713851437164852
v -0.046945444429495886 0.0031677652909942178 -0.07671458799433317
v -0.03899052995864016 0.0020329016220550777 -0.0563334835106577
v -0.04766542279621255 0.003078797486628093 -0.07629890804294881
v -0.047852648146902155 0.003103242306285864 -0.0761908147760959
v -0.03907145876497431 0.00205297456002021 -0.05628731422745892
v -0.02537014318804931 -0.002007099723780603 -0.026443372075084515
v -0.02996758984806669 5.03275083067853e-05 -0.036460374656579475
v -0.03454425594374255 0.0013436979693626921 -0.0463946402651505
v -0.039092485377301145 0.002073473075169252 -0.05627537422445039
v -0.04790306700305669 0.003132696777365662 -0.07616170100518183
v -0.04791747893001075 0.0031517318792066706 -0.07615338496474777
v 0.003933414407637087 0.0013503295824553868 -0.005953315540793425
v 0.003918137974874142 0.001517826748461612 -0.005940645023223834
v 0.014203585345654579 -0.0020638810184392398 -0.008007947348435684
v 0.00391593665602874 0.006754764877718866 0.005970279023502223
v 0.013801698386563532 0.010078114988267273 0.00793942679922166
v 0.0043032486098498746 0.007095853188902601 0.005927123351286423
v 0.003977432678313048 0.001673364122716306 -0.005905625623824906
v 0.014184080797609022 -0.0007674706942783702 -0.007421694154391423
v 0.0167779663425649 -0.0014298405134322706 -0.007834946050850888
v 0.004169359882024437 0.001931919189661624 -0.00579766014933647
v 0.0046042477887278666 0.002367819183281411 -0.005509622358708388
v 0.014182385164593914 0.0012763053784999728 -0.005770479953190744
v 0.01677710994298809 0.0007075054981585394 -0.006052279759818924
v 0.016795378529060878 -0.00273220099074975 -0.008474460050647559
v 0.018808447777508563 0.011269302903427203 0.008767215191505806
v 0.021350642264711395 0.011549439025131392 0.009020842980652088
v 0.01939702698332102 0.011432492799178795 0.008818487586214063
v 0.023919429007815962 0.01161223466715211 0.009158912140042053
v 0.022044991586631646 0.011659445362753873 0.009051112604892553
v 0.019397137609546977 -0.001909717173683989 -0.008156280904980662
v 0.019412346808267422 -0.0031987406342623426 -0.008839881363170154
v 0.02204629239846101 -0.002159180266892713 -0.008360654274368051
v 0.024722508651062736 -0.0021993940921212485 -0.008456429883165195
v 0.022059800242120176 -0.0034197277262863757 -0.009074541522936519
v 0.022047036264463138 3.4087443480696096e-05 -0.006400086706880859
v 0.024723674041132737 -3.95846646454351e-05 -0.0064581049171866245
v 0.01939720055205485 0.00027787260540900957 -0.006266880809898401
v 0.024734814865026156 -0.0034193054869627315 -0.009187715966788579
v 0.016779517017077028 0.01095659021920159 0.008456402226608706
v 0.0054368541438873375 0.003161728770703226 -0.004785461653078471
v 0.014183616358194873 0.0036942924823694934 -0.003347671667794927
v 0.01677772029457958 0.003295900501395499 -0.0034556071015409695
v 0.006725132784789201 0.004704300150200069 -0.0029778532012091075
v 0.007425268049061906 0.006155616098955652 -0.0008208611401393229
v 0.014187018114643069 0.006095463088591213 -0.0004600140372856658
v 0.016779421649640858 0.005933651252292282 -0.0003871203546814035
v 0.007519598364363889 0.006793271387421362 0.00036186354090929004
v 0.019397158590382935 0.002974790952833678 -0.0035309356936046032
v 0.02204654989053867 0.0027700451736080434 -0.003572955301237024
v 0.02472295878536146 0.002673447974348292 -0.003584787777461268
v 0.022045136545134625 0.005644922047751966 -0.00026982222288933835
v 0.019397036520064637 0.005775346076621335 -0.00031978906719874745
v 0.01678086169792703 0.008269585048545913 0.002784887922955004
v 0.019396933523233573 0.008312599576956181 0.0029765330774739196
v 0.024720811110698904 0.005542931343139601 -0.00023689864210954883
v 0.02204392537869526 0.008285021221764444 0.003105382828390707
v 0.03013904333216244 0.0027340570794762153 -0.0035334333667579043
v 0.014189894396517966 0.008152391820933635 0.0025513712187483217
v 0.0301397490511901 0.000210611368288453 -0.006389714544522973
v 0.02912069077524837 0.01122060256847246 0.009147704558943315
v 0.03438001795986745 0.010364295498075937 0.008852411690608575
v 0.03013617658703116 0.011142633013682679 0.009092965557930266
v 0.04494440673679545 0.008333850302758017 0.007883486645350046
v 0.03560782792419115 0.010178988940202083 0.008740754542665985
v 0.030138379574806695 -0.0017919201509914578 -0.00838232652423776
v 0.030149425031263943 -0.002903548140154172 -0.009116950468127105
v 0.03561999299434904 -0.0019500983687630036 -0.008762270389940374
v 0.03560924317694392 -0.0009669862848858332 -0.008054255868091276
v 0.046586530990817554 9.454284312360433e-05 -0.00773175514705432
v 0.046576162643157115 0.0008342723050600714 -0.007110125879399853
v 0.03561020829539796 0.0008028627419341336 -0.006143978887556967
v 0.05747128568872384 0.0013781539856324437 -0.00672672828199633
v 0.05746291242782808 0.0019486480684774432 -0.006187965686978991
v 0.055438437234014426 0.006973605964010476 0.006910013050223374
v 0.06587036445679928 0.006193995293130861 0.0059507310832732085
v 0.05746376692005617 0.006815535869069689 0.006713149389597217
v 0.086677700344997 0.0052000706281546405 0.00381057805040802
v 0.06829057636374536 0.006089511683737003 0.0057117617459034875
v 0.06829571857590366 0.0021018062636182777 -0.0057249071933052065
v 0.06829031696431898 0.002558448913023703 -0.005268255007156164
v 0.08990950439254242 0.003231475029890629 -0.003415446443658099
v 0.08990951202193731 0.003173639209806539 -0.003429390831756335
v 0.08990950439254242 0.0033018528599240704 -0.003362920682419973
v 0.04657667381261499 0.008110781101183795 0.007715735325126427
v 0.04657562858551456 0.0021254478510449037 -0.005444634219330113
v 0.035609842084443066 0.0030153340341355916 -0.0034079550931283287
v 0.05746112333472553 0.0029136034442053815 -0.004746933685702837
v 0.04657557136505286 0.0036836778483051447 -0.003057145740757161
v 0.030136712552022438 0.00540742279941081 -0.00021121184040960236
v 0.03560839249941328 0.005335167661396356 -0.00022078997945439854
v 0.03013465833744733 0.007879758732270148 0.0031709190921083708
v 0.035607064984701786 0.007449066992758213 0.003032266760846225
v 0.024718957167739752 0.008196471603605926 0.0031750525552105835
v 0.0465759986111669 0.005247872601860659 -0.00025936625639691804
v 0.06828795948129684 0.0033101934574729375 -0.004040381146650229
v 0.08990950439254242 0.0034802352650947777 -0.0031421252789426424
v 0.08990950439254242 0.003918470807226376 -0.0023442147891548915
v 0.05746011625459957 0.004041028214704645 -0.002680801995769977
v 0.06828580799193684 0.0041717726781595466 -0.002280567754347762
v 0.05746034513644638 0.005125777488029226 -0.00025332145105990897
v 0.0682849077233394 0.004980510948231487 -0.0002149651003658954
v 0.08990951202193731 0.004781863916548945 0.00011067679305050166
v 0.04657649070713754 0.006586582019846576 0.002619800215223622
v 0.0247205173789955 0.011661523419188025 0.009163295227408441
v 0.007411597603924069 0.007338199010349933 0.0015981858535739357
v 0.006988213394208687 0.007698768981394544 0.0027662547948574534
v 0.014190514284853073 0.009652960282099388 0.005260675203329346
v 0.0055815847186937995 0.007776691806140601 0.004922493214762902
v 0.005184349306301961 0.007629141216246582 0.005414172429705766
v 0.014189037996941156 0.01039846660413013 0.007226451263342981
v 0.006317019285790593 0.007844746485428933 0.0038589488908707947
v 0.016780443988556604 0.010992258594003657 0.00766585148028881
v 0.00471764253135748 0.007367970816573588 0.005781695163684375
v 0.016781176410466392 0.010039728641534351 0.005618884830328741
v 0.019396910635048892 0.01028325415816711 0.005905110162832405
v 0.022043646905781644 0.010365084186773066 0.006092934421021157
v 0.024718514662835922 0.010302773965002454 0.006188718612887556
v 0.019396962133464424 0.011395402495903428 0.00801228942780452
v 0.022044236276537177 0.011571227623273228 0.00823655549070268
v 0.024719390135899966 0.01154257352340149 0.008346959510533991
v 0.03013411665040988 0.00984471558600708 0.006155790144526663
v 0.01418795939123807 0.010426462668692293 0.00779371727768291
v 0.016779906116216603 0.011082865287760368 0.008252402697571104
v 0.019397000280438892 0.011537236761673397 0.008612517765945182
v 0.01418743296299041 0.010343488230852294 0.007950115581467632
v 0.016779644809441496 0.011017820881594753 0.008412225169151522
v 0.019397017446577403 0.011488260814828122 0.008774421154982837
v 0.022044673059394837 0.011746952614835049 0.008844557228565586
v 0.024720044356512094 0.011736017784603758 0.008957367368811475
v 0.03013568449106052 0.011201436574825308 0.008891313975171178
v 0.02204488668245186 0.01171031435320713 0.009007348488433986
v 0.024720362883748903 0.011708111365431595 0.009119988874643492
v 0.030136016369738394 0.011182277256898687 0.009050958109645957
v 0.03013500547491499 0.011010726498018042 0.008289390004015407
v 0.03560666444146987 0.009107039884160284 0.0059095752661939005
v 0.05746123014625404 0.005992923067546507 0.0022540660975103877
v 0.04657674629186648 0.007572018506166456 0.00518406892603962
v 0.03560715272274306 0.010077661039271102 0.007966000935310524
v 0.04657674629186648 0.008101335910305485 0.007019863938924897
v 0.03560754182188264 0.010231977948761406 0.008546392846727757
v 0.04657670433019456 0.00816334000260599 0.007540172458206096
v 0.05746307264512085 0.00685650333546256 0.006100868038036167
v 0.05746221052349787 0.0065813830640637505 0.0044947225798208645
v 0.06828530445187386 0.005599479941253982 0.0019165630058801814
v 0.0682867006311394 0.005993460463049327 0.0038209618952768365
v 0.08969339415278554 0.005031262636738254 0.0013625226667976498
v 0.08900055354370551 0.005183709867642439 0.0025522927066003176
v 0.06828870716199642 0.006151414209717987 0.005187555082668827
v 0.03560773255675498 0.010213441380192978 0.008700427468606997
v 0.05746348081774766 0.006866791097639435 0.006557739569288401
v 0.04657668525670733 0.00813820686847766 0.007679290182556753
v 0.0682898057948611 0.006139329725043663 0.005577696588321135
v 0.08795886648250928 0.0052361919982785166 0.0033911647023161795
v 0.05746368299671234 0.0068385418325342395 0.006680732567531378
v 0.06829033985250366 0.006110194496456445 0.005683498652520047
v 0.003883791631155986 0.00665339501511597 0.005963438794142906
v 0.003915977902444884 0.006554058863089407 0.0059430959663334115
v 0.00405811853610355 0.006408652609997678 0.005876471321750454
v 0.004377907960930183 0.00619099407991458 0.005693693431446656
v 0.014156523423253242 0.008978251883658417 0.007399005764489319
v 0.004993466614435227 0.005815349855071705 0.005231387863681436
v 0.014155724244138135 0.00705439887174808 0.005672388823043384
v 0.0060361841207792755 0.005052914382609186 0.00410982389897202
v 0.01675019725250082 0.00752147471867054 0.006007186221300143
v 0.016750607332476353 0.009608336905040926 0.007823501004836086
v 0.019369866337499708 0.010063333989335232 0.008153963476281723
v 0.02201930150667608 0.010299867165547982 0.008363405624901565
v 0.019369893040381836 0.007869754211378699 0.006264984428430154
v 0.02201966008823608 0.008067339326659484 0.00642364150994057
v 0.02469662783623483 0.008127338795451688 0.006490374873400762
v 0.024696055631617808 0.010337878718256754 0.008460277959214668
v 0.016750267824403586 0.004981972931027978 0.003382378738840397
v 0.01936988922568439 0.005174754388548863 0.0035349177609018956
v 0.01415588350775654 0.0047429540025914485 0.0031794706901097647
v 0.006804873789705845 0.004216990194345349 0.002833390608898284
v 0.014156974511226328 0.002363736503338959 0.00026001949353236103
v 0.016750809511441034 0.002353650204870994 0.00030024753446935074
v 0.007298627246385414 0.0033318540248317152 0.0014594656922228139
v 0.007514881490970904 0.0024502252312018358 3.1518922753133796e-05
v 0.007443527098391078 0.0016137862972012695 -0.0014501356575236796
v 0.014158940034085798 0.0002260245192118454 -0.002722508082955988
v 0.007051678515631321 0.0009087764456380126 -0.0029433397260590632
v 0.016751801332777205 -1.6273571951270225e-05 -0.0028583368228517203
v 0.01936985680075609 0.0023736823732571632 0.00032470573537050906
v 0.02201922330537842 0.0024249077995031065 0.00032860626350987576
v 0.0220196372000514 0.005305576099627063 0.0036223897270316885
v 0.024696635465629724 0.00537892462529721 0.003649902040273878
v 0.019369797672945666 -0.00015938187402531057 -0.0029708792190205613
v 0.022018412682170974 -0.00018798264263860352 -0.0030534237881420234
v 0.01936973854513524 -0.0021252337511507013 -0.005899960321279207
v 0.022017624947148207 -0.0022299827204357026 -0.006061190416217499
v 0.024696032743433127 0.0025028623339216904 0.00031409637631747353
v 0.01675272830425678 -0.0018383847156144828 -0.005659981519597623
v 0.02469479105941419 -0.00011451978035318527 -0.003107365278970098
v 0.014160761552116652 -0.0013966519303892228 -0.005359371439859206
v 0.030114331722101984 0.00792411889520478 0.006401142901236445
v 0.03011362981777177 0.009950294013568173 0.008379341523485628
v 0.03558680894125921 0.009164495903429826 0.008037200355806573
v 0.03558733155480942 0.00743916642237219 0.0061034315147204254
v 0.046558721846430284 0.006329222026085768 0.0053007838859595036
v 0.04655906135450305 0.007437425966662081 0.007066017009659531
v 0.035587541363168995 0.005270611059666752 0.0033441301980527416
v 0.04655837852366007 0.004930617089813072 0.0028096176528283334
v 0.05744943891644594 0.005607930926610216 0.004576077201757511
v 0.030114461421815175 0.005387807148302115 0.0035618027948326747
v 0.08660578566872967 0.005195551642191709 0.003819624128565957
v 0.06828256549910705 0.005720636162676318 0.005226781139677228
v 0.05745074354297275 0.006345647159617385 0.00613731270376866
v 0.06828067340917343 0.005170045621387953 0.0038997382585766183
v 0.08897264521718462 0.004507021641226572 0.002584208372789082
v 0.08791354787684114 0.004889882319964456 0.003415392799475253
v 0.05744754301181487 0.0046776549653712585 0.0023834923445788248
v 0.030113896846593047 0.0027165368893587727 0.0002441512164210076
v 0.03558728577844006 0.0029698621253138047 0.00014348196174724
v 0.030112536906953258 0.0002659376091908826 -0.003141699463340142
v 0.035586427471514526 0.0008366717497541171 -0.0030984028857374
v 0.030111085414574745 -0.0016769150099928132 -0.006140370660609462
v 0.035585408947296227 -0.0008675491625862244 -0.00595251779218986
v 0.04655851203807071 0.0019769519314398465 -0.0028757010872110245
v 0.024693555097441422 -0.0021713720399327285 -0.00614857178328293
v 0.046558241194551986 0.003419053716931242 -3.7443218668554035e-05
v 0.06827743854573853 0.004484626506190692 0.002033532716063935
v 0.05744618497952381 0.0036573840924786216 -0.0001037665133290849
v 0.08966598173693274 0.004098847107068815 0.0014370250192361628
v 0.08990951202193731 0.0037109238479818285 0.00011067680050108261
v 0.06827475299873598 0.003735670982412259 -8.361064294738936e-05
v 0.057446463452437424 0.00266096151593051 -0.0025627099300717937
v 0.0682744783405198 0.003004524612082865 -0.002175852402084011
v 0.046559057539805604 0.0008074262525688269 -0.00534203411680062
v 0.006286166489677947 0.0004650821310646716 -0.0043962628545327065
v 0.016752854189272526 -0.002834609881569722 -0.007676771051730313
v 0.014160993294986546 -0.0022441969983783006 -0.007255019532522167
v 0.005354588762935264 0.00047782861475763674 -0.005423339624507639
v 0.004621062021399058 0.000783298470031675 -0.005840692320722429
v 0.014160163598291864 -0.0022932397024288953 -0.007794703853810092
v 0.016752440294599547 -0.0029337362252367105 -0.008250655566140463
v 0.004241170607786338 0.0010208622702061881 -0.0059233892393231735
v 0.019369730915740346 -0.003234057103224941 -0.008009527586853027
v 0.022017483803342675 -0.0034056572147538045 -0.008226519975394475
v 0.02469329569801504 -0.0033720492534101976 -0.008335401930944508
v 0.030110675334599213 -0.0028288277539147144 -0.00828782407071349
v 0.01936975571127375 -0.0033745943718629934 -0.008609345845018157
v 0.022017808052625654 -0.0035748564510770797 -0.008841538849210795
v 0.02469377825724206 -0.003557973315433255 -0.008955710836445196
v 0.016752087435085716 -0.002867698328804791 -0.008405601900709492
v 0.019369776692109708 -0.0033251608997426907 -0.008771240650986556
v 0.014159463601310374 -0.0022089215374132554 -0.007940357585398683
v 0.004065776541228028 0.0011654549198580888 -0.005944440170346232
v 0.01675188716346976 -0.0028049718281752956 -0.008448290272488057
v 0.01936978813620205 -0.0032694934967385236 -0.008815606535967357
v 0.02201809224758544 -0.003538460422737033 -0.009007343720062178
v 0.022018256279575654 -0.0034888314473725812 -0.009052536440714576
v 0.024694207410704827 -0.003531132150523114 -0.009122629598951049
v 0.02469445536603887 -0.0034864784943036686 -0.00916787477169334
v 0.030111609935473682 -0.0030034514900073583 -0.009057485056977455
v 0.030111878871643682 -0.0029660884358645445 -0.00910101361586868
v 0.030111154079128788 -0.0030196703914582568 -0.008894985621463736
v 0.035585016033459205 -0.0018836314380776126 -0.007984773061446293
v 0.04655946952712986 0.00011330942602714566 -0.007077236034850609
v 0.05744826017493487 0.0018450592440534541 -0.004684933884936959
v 0.035585267803490694 -0.002053480722687684 -0.008557154108225218
v 0.046559500044709434 5.841172577719937e-06 -0.0075624426619005924
v 0.05745105253346594 0.0013203937442415187 -0.006691182454349742
v 0.04655944663894518 2.300332037095845e-05 -0.007689653761845383
v 0.05745028959397658 0.001366996830065581 -0.00616906338429285
v 0.03558553864700942 -0.002039838649362108 -0.00870927565933488
v 0.05745092283375275 0.001301357927144739 -0.006583069637172423
v 0.0682801164633462 0.002071125367309329 -0.005246120225221029
v 0.06827680530596236 0.002409851665517715 -0.003981864164653293
v 0.08990950439254242 0.0031677652909942178 -0.0022986539501988756
v 0.06828148975442705 0.0020329016220550777 -0.0056000473774991955
v 0.08990950439254242 0.003078797486628093 -0.0031300162371535045
v 0.08990950439254242 0.003103242306285864 -0.003346202055603542
v 0.06828197040630535 0.00205297456002021 -0.005693218501614528
v 0.03558570267899963 -0.002007099723780603 -0.00874950259758589
v 0.046559404677273264 5.03275083067853e-05 -0.007722507366768883
v 0.05745106397755828 0.0013436979693626921 -0.00671888431037132
v 0.0682821458823879 0.002073473075169252 -0.005717397007706793
v 0.08990950439254242 0.003132696777365662 -0.0034044210143624465
v 0.08990950439254242 0.0031517318792066706 -0.003421062155136989
v 0.003189015063121692 0.0013503295824553868 0.006383094613941209
v 0.003185680540715996 0.001517826748461612 0.006363529507573684
v -0.00016670695739058258 -0.0020638810184392398 0.016304640590713015
v -0.00712838159086876 0.006754764877718866 0.00040616111896393456
v -0.013776594816340415 0.010078114988267273 0.007982908151231982
v -0.007284663546381354 0.007095853188902601 0.0007631610398378327
v 0.003125705390620015 0.001673364122716306 0.0063973706422987275
v -0.0006646646576913967 -0.0007674706942783702 0.015994621082884852
v -0.0016037208603599667 -0.0014298405134322706 0.018447617453363208
v 0.0029362410509477244 0.001931919189661624 0.006509601425369882
v 0.0024693490247584826 0.002367819183281411 0.0067422068937239565
v -0.002093810180932576 0.0012763053784999728 0.01516754603902326
v -0.003147126585714005 0.0007075054981585394 0.017555542826031
v -0.0010585911776760104 -0.00273220099074975 0.018782454429105977
v -0.01699685368206305 0.011269302903427203 0.011904985993312911
v -0.01848759929730326 0.011549439025131392 0.013979777046450037
v -0.01733554731692455 0.011432492799178795 0.012389074914010978
v -0.01989156436032591 0.01161223466715211 0.016135376742951735
v -0.018860989512792248 0.011659445362753873 0.014565965390637703
v -0.002635022765385131 -0.001909717173683989 0.020876555480718872
v -0.00205061183178909 -0.0031987406342623426 0.021231526429585923
v -0.0037826067813792608 -0.002159180266892713 0.0232729770270379
v -0.005037771464256879 -0.0021993940921212485 0.025638535763663484
v -0.003171116979538424 -0.0034197277262863757 0.023641617944205606
v -0.005480880520795373 3.4087443480696096e-05 0.022293336019814092
v -0.0067689541217094695 -3.95846646454351e-05 0.02464038202973029
v -0.004271321976405951 0.00027787260540900957 0.019931908600523407
v -0.004410611838978895 -0.0034193054869627315 0.026014834685955668
v -0.01571321752795396 0.01095659021920159 0.010303287995483412
v 0.0014259044609229304 0.003161728770703226 0.007101184705421704
v -0.004192639550030797 0.0036942924823694934 0.013957208342680327
v -0.005396216171986434 0.003295900501395499 0.016257735070906998
v -0.0007836699261955585 0.004704300150200069 0.007313062538361337
v -0.0030017472739229945 0.006155616098955652 0.006840901222905094
v -0.006695125420998205 0.006095463088591213 0.01251632559144178
v -0.00805445423235851 0.005933651252292282 0.01472496484124397
v -0.004073182299483835 0.006793271387421362 0.006331231417965877
v -0.006640698748338614 0.002974790952833678 0.018563898968285697
v -0.007929004568959785 0.0027700451736080434 0.020879349746598663
v -0.009256962262191859 0.002673447974348292 0.02320310321390462
v -0.010788895165765311 0.005644922047751966 0.01922655959851527
v -0.009421573132742389 0.005775346076621335 0.01695822033367045
v -0.010802215135575222 0.008269585048545913 0.013140208868450132
v -0.012276219951070089 0.008312599576956181 0.015309970629223124
v -0.012155245404613657 0.005542931343139601 0.021527300903473323
v -0.013711303408515119 0.008285021221764444 0.017537907479734383
v -0.012009478185776024 0.0027340570794762153 0.02786789263529932
v -0.009304500068099686 0.008152391820933635 0.011013124035363364
v -0.009536219096134557 0.000210611368288453 0.02929664560233136
v -0.022482489700063057 0.01122060256847246 0.020645405796277938
v -0.024856421697584397 0.010364295498075937 0.025347762358128856
v -0.022942828314457264 0.011142633013682679 0.021552212785149738
v -0.029299504718067748 0.008333850302758017 0.034981256239157155
v -0.025373629821515697 0.010178988940202083 0.026466904943633907
v -0.00780988110443942 -0.0017919201509914578 0.030291764744445615
v -0.0071792019439295696 -0.002903548140154172 0.030668643500749715
v -0.010221647748075435 -0.0019500983687630036 0.03522895217377364
v -0.010829431094509512 -0.0009669862848858332 0.03486563657424169
v -0.016597369028689135 9.454284312360433e-05 0.04421099682036855
v -0.01713053021734301 0.0008342723050600714 0.04389120310400729
v -0.012484263059401313 0.0008028627419341336 0.03391133660215706
v -0.022910124913245733 0.0013781539856324437 0.05313495506894084
v -0.023372519649563772 0.0019486480684774432 0.05285832465419027
v -0.033703466108885305 0.006973605964010476 0.04455608961019708
v -0.03808866681765943 0.006193995293130861 0.054070040409985864
v -0.034545640678915746 0.006815535869069689 0.046408506690369666
v -0.046638902972064855 0.0052000706281546405 0.07315979351396606
v -0.0390918216199454 0.006089511683737003 0.05628549461677679
v -0.02918994279269782 0.0021018062636182777 0.06200827702360412
v -0.02958271548591407 0.002558448913023703 0.06177527530355276
v -0.041996889201776355 0.003231475029890629 0.07957163616470364
v -0.041984811869659744 0.003173639209806539 0.07957860943163642
v -0.04204237565413216 0.0033018528599240704 0.07954537578747978
v -0.029970359318413076 0.008110781101183795 0.03647871190720631
v -0.01857262318134656 0.0021254478510449037 0.04305799307297686
v -0.014853545894409348 0.0030153340341355916 0.032543004627985095
v -0.024619595743342604 0.0029136034442053815 0.052136259647970196
v -0.020640219715098995 0.0036836778483051447 0.041864202580483845
v -0.014885441533436516 0.00540742279941081 0.02620476465713506
v -0.01761298644753384 0.005335167661396356 0.03094816736351369
v -0.017813425910179204 0.007879758732270148 0.024511920185860125
v -0.020429553048598725 0.007449066992758213 0.02932048936872267
v -0.01510915541887925 0.008196471603605926 0.01981972025596135
v -0.02306338038317146 0.005247872601860659 0.0404656810907178
v -0.03064490654588692 0.0033101934574729375 0.061159297033328563
v -0.042233591178351126 0.0034802352650947777 0.079434978443369
v -0.04292460073265669 0.003918470807226376 0.07903602212559147
v -0.02640841609503064 0.004041028214704645 0.051102320237288446
v -0.03216787491046036 0.0041717726781595466 0.0602775259038002
v -0.02851078931805695 0.005125777488029226 0.049888781056113274
v -0.03395628899687031 0.004980510948231487 0.05924394507467845
v -0.04505060028431984 0.004781863916548945 0.07780857455752521
v -0.025557057640896996 0.006586582019846576 0.03902652162905085
v -0.020295905123549618 0.011661523419188025 0.016826948965130706
v -0.005089868310450829 0.007338199010349933 0.005619539050940869
v -0.005889753621423077 0.007698768981394544 0.0046688430142691195
v -0.011651135998040352 0.009652960282099388 0.00965900848490131
v -0.007053796626388664 0.007776691806140601 0.0023725475007667363
v -0.007280985701205445 0.007629141216246582 0.0017826919210304354
v -0.013352809586555936 0.01039846660413013 0.00867484229283122
v -0.006500457118752689 0.007844746485428933 0.0035412246478744303
v -0.015029043911473083 0.010992258594003657 0.010699365170362962
v -0.007365916601998479 0.007367971293410769 0.0011947507233659588
v -0.01325668588661677 0.010039728641534351 0.011723483642467891
v -0.014812430131653231 0.01028325415816711 0.013845661820963695
v -0.016298458873500454 0.010365084186773066 0.016043890761433532
v -0.017718844301682912 0.010302773965002454 0.018312500869797077
v -0.016637327984444505 0.011395402495903428 0.012792116772754047
v -0.018155184654439216 0.011571227623273228 0.014972591157632054
v -0.019588374114601903 0.01154257352340149 0.01723414121469591
v -0.0203981294783806 0.00984471558600708 0.02301901545186502
v -0.01384353703448582 0.010426462668692293 0.008390274446368196
v -0.015536743902018202 0.011082865287760368 0.010405623930214714
v -0.01715715871287049 0.011537236761673397 0.012492035505449195
v -0.013978718467908546 0.010343488230852294 0.00831161919971235
v -0.01567502286976774 0.011017820881594753 0.010325486673600781
v -0.01729738126896918 0.011488260814828122 0.012411100023394517
v -0.018681948595474784 0.011746952614835049 0.014668968897422197
v -0.020117329599320666 0.011736017784603758 0.016929503291290837
v -0.022767945417356827 0.011201436574825308 0.02165261180725242
v -0.0188230370878939 0.01171031435320713 0.014587757803476986
v -0.020258322724303612 0.011708111365431595 0.01684846767342818
v -0.022906367436260622 0.011182277256898687 0.02157307536548636
v -0.022246325595828287 0.011010726498018042 0.021952986806260677
v -0.022921174184400428 0.009107039884160284 0.02788148821699976
v -0.030682694938795052 0.005992923067546507 0.048635855123799754
v -0.02777790964457516 0.007572018506166456 0.03774461162553644
v -0.024702336530963986 0.010077661039271102 0.026853698098602274
v -0.029367753470088687 0.008101335910305485 0.03682671531118675
v -0.025205165152869524 0.010231977948761406 0.026563840220454882
v -0.029818334088413945 0.00816334000260599 0.036566522427734505
v -0.03401504296694613 0.00685650333546256 0.046714044882372185
v -0.03262364733201073 0.0065813830640637505 0.04751637112287321
v -0.03580244234383523 0.005599479941253982 0.05817852296596815
v -0.037452401986413086 0.005993460463049327 0.0572275379659648
v -0.04602667454943088 0.005031262636738254 0.07699549468492162
v -0.04671062691345984 0.005183709867642439 0.07580059411547158
v -0.03863690750532056 0.006151414209717987 0.056545977417234994
v -0.025338658582672036 0.010213441380192978 0.026486987418342656
v -0.03441090937979174 0.006866791097639435 0.04648596412202721
v -0.029938802233784312 0.00813820686847766 0.036496946161002075
v -0.03897532838931461 0.006139329725043663 0.056351855093561554
v -0.04691626580872521 0.0052361919982785166 0.07447903033199754
v -0.03451752635873273 0.0068385418325342395 0.04642464286056969
v -0.0390672206361109 0.006110194496456445 0.05629941826245766
v -0.007106385091716072 0.00665339501511597 0.0003817430319906154
v -0.007104860643248889 0.006554058863089407 0.00041978838053458034
v -0.007118232588311513 0.006408652609997678 0.0005761980688069948
v -0.007119837145425079 0.00619099407991458 0.0009445327968999467
v -0.013485988303819085 0.008978251883658417 0.008560406137798626
v -0.007027248239507566 0.005815349855071705 0.0017087751246500082
v -0.01199029502599036 0.00705439887174808 0.009423021764097816
v -0.006577303721981564 0.005052914382609186 0.003172576578149011
v -0.013577474285337288 0.00752147471867054 0.0115025029877458
v -0.01515065360505441 0.009608336905040926 0.010594700362840381
v -0.01674647410779273 0.010063333989335232 0.012697814590845735
v -0.01825257197290764 0.010299867165547982 0.014887572041960562
v -0.015110582115724358 0.007869754211378699 0.0136423270029562
v -0.01657286531963953 0.008067339326659484 0.01585776308993425
v -0.01796914376730685 0.008127338795451688 0.018142720130531753
v -0.019674843768977546 0.010337878718256754 0.017157273153793895
v -0.011304359972963418 0.004981972931027978 0.012814967764134821
v -0.012746273646186967 0.005174754388548863 0.01500735735648795
v -0.009831444253589616 0.0047429540025914485 0.010669619113347073
v -0.005856225291888673 0.004216990194345349 0.004476498339605894
v -0.007303670753247282 0.002363736503338959 0.012130289653916604
v -0.00863542693146202 0.002353650204870994 0.014356503214856264
v -0.004913247818663369 0.0033318540248317152 0.00559106376501195
v -0.0037847370514847156 0.0024502252312018358 0.006492318938587094
v -0.0024659091213358186 0.0016137862972012695 0.007171351296584028
v -0.004721708521998602 0.0002260245192118454 0.013623255423070857
v -0.000976832257414649 0.0009087764456380126 0.007578602673959656
v -0.005900508207200006 -1.6273571951270225e-05 0.015936653894157438
v -0.00996613168369298 0.0023736823732571632 0.016612435176255325
v -0.011294192850593299 0.0024249077995031065 0.018904904309799964
v -0.014146900848943655 0.005305576099627063 0.017258370265529344
v -0.015509225628311252 0.00537892462529721 0.019562962507559956
v -0.007112041334355335 -0.00015938187402531057 0.01826017657226786
v -0.00836486379300061 -0.00018798264263860352 0.020595215821970214
v -0.004575353839754159 -0.0021252337511507013 0.019724667532330376
v -0.005759668146952113 -0.0022299827204357026 0.02209841833172299
v -0.012620031956230848 0.0025028623339216904 0.02123034387337741
v -0.0034746760588218184 -0.0018383847156144828 0.017338278640296467
v -0.009656338196688541 -0.00011451978035318527 0.022939999716300452
v -0.002439028855776848 -0.0013966519303892228 0.014943265671009676
v -0.020600718523037242 0.00792411889520478 0.022879204883090587
v -0.022313538657492415 0.009950294013568173 0.02188949879665336
v -0.024753823502403627 0.009164495903429826 0.02680047925452178
v -0.02307939257570446 0.00743916642237219 0.027767815955130892
v -0.02786997546010528 0.006329222026085768 0.03767064464204273
v -0.02939887949390596 0.007437425966662081 0.036788320381384576
v -0.02068987181706672 0.005270611059666752 0.029147649242105
v -0.025712390213582514 0.004930617089813072 0.03891592973537028
v -0.03268771899032741 0.005607930926610216 0.04746463238140208
v -0.018141842750118986 0.005387807148302115 0.02429898758907645
v -0.046610784837184394 0.005195551642191709 0.07309299816167236
v -0.03866780655463975 0.005720636162676318 0.05652104455472262
v -0.03404044122254701 0.006345647159617385 0.04668514473451513
v -0.037517610424568915 0.005170045621387953 0.05718292889402177
v -0.04672431404789901 0.004507021641226572 0.07576047112772599
v -0.04691459115654606 0.004889882319964456 0.07442766924557365
v -0.030787936719306463 0.0046776549653712585 0.048559286516647315
v -0.015268389473378496 0.0027165368893587727 0.02595732430724751
v -0.017917900936503806 0.0029698621253138047 0.03074775269640173
v -0.012335477461208888 0.0002659376091908826 0.027649072053006485
v -0.01510991740469425 0.0008366717497541171 0.032367951976848275
v -0.009737825856198645 -0.0016769150099928132 0.029147149516739468
v -0.012637672070899275 -0.0008675491625862244 0.03379412620840627
v -0.020788825068837058 0.0019769519314398465 0.04175870330789477
v -0.007021958684660379 -0.0021713720399327285 0.024459532945823037
v -0.023246693761629356 0.003419053716931242 0.04033933831127934
v -0.03589981249616514 0.004484626506190692 0.05811323060446849
v -0.028633227754658597 0.0036573840924786216 0.049801737289771886
v -0.04607749013411988 0.004098847107068815 0.07693450530214196
v -0.04505060028431984 0.0037109238479818285 0.0778085821869201
v -0.03406496591243258 0.003735670982412259 0.05916947455112176
v -0.02650385982514991 0.00266096151593051 0.051031450788121546
v -0.032252896887154936 0.003004524612082865 0.06021536159420693
v -0.01865319149877198 0.0008074262525688269 0.042992342129917205
v 0.0006641921120451727 0.0004650821310646716 0.007642110710728567
v -0.0017281486616801262 -0.002834609881569722 0.01834678355575159
v -0.0007974657199073115 -0.0022441969983783006 0.015891289512119933
v 0.002019455767229422 0.00047782861475763674 0.0073488796863638295
v 0.002747656952711286 0.000783298470031675 0.006922303051722645
v -0.0003296705342952129 -0.0022932397024288953 0.01616041260229517
v -0.0012309424269740105 -0.0029337362252367105 0.018633366516140892
v 0.003009220266221302 0.0010208622702061881 0.006634656267582861
v -0.002748411070712803 -0.003234057103224941 0.02077944282046662
v -0.0038843666967960933 -0.0034056572147538045 0.02318096080257459
v -0.0051279785684560375 -0.0033720492534101976 0.025552722237248693
v -0.007877871410708337 -0.0028288277539147144 0.030220521454928928
v -0.002228965149891765 -0.0033745943718629934 0.021079373407222324
v -0.0033519069356352515 -0.0035748564510770797 0.023488751573419453
v -0.004591015556959233 -0.003557973315433255 0.025863293922532282
v -0.0010965791269443304 -0.002867698328804791 0.018710535938141204
v -0.0020887709656053355 -0.0033251608997426907 0.021160338453182215
v -0.00020318057608065092 -0.0022089215374132554 0.016232634361706966
v 0.0031151479770173685 0.0011654549198580888 0.006493285964389861
v -0.0010595089700398547 -0.0028049718281752956 0.01873170369427357
v -0.002050355054967201 -0.0032694934967385236 0.021182532362927775
v -0.003208457622333738 -0.003538460422737033 0.02357189862631892
v -0.0031694010809431294 -0.0034888314473725812 0.023594638037799376
v -0.004446674558129526 -0.003531132150523114 0.025947125713623453
v -0.004407615870971604 -0.0034864784943036686 0.025969964307237525
v -0.007211793288403601 -0.0030034514900073583 0.030606162571268358
v -0.007174230916319191 -0.0029660884358645445 0.030628158116746684
v -0.0073522938405787275 -0.0030196703914582568 0.030524518509162935
v -0.01087749056029319 -0.0018836314380776126 0.03480991147393864
v -0.017150668005164738 0.00011330942602714566 0.043860304054688104
v -0.0246668579373599 0.0018450592440534541 0.05209411868527525
v -0.010381921307628939 -0.002053480722687684 0.035096322772942834
v -0.01673048289609569 5.841172577719937e-06 0.04410293025639778
v -0.022930791036663845 0.0013203937442415187 0.05309966148816292
v -0.01662028773094959 2.300332037095845e-05 0.04416649074525658
v -0.02338257900673102 0.001366996830065581 0.052837942725731946
v -0.0102503161530626 -0.002039838649362108 0.03517262053657655
v -0.02302435602829056 0.001301357927144739 0.05304549278441817
v -0.02959678599744664 0.002071125367309329 0.06175537784167018
v -0.03069000580645187 0.002409851665517715 0.06112037948997617
v -0.04296405996304653 0.0031677652909942178 0.0790132407524391
v -0.029290963610484333 0.0020329016220550777 0.06193353184183126
v -0.042244077781632416 0.003078797486628093 0.07942892070382346
v -0.04205685624564026 0.003103242306285864 0.07953701397067636
v -0.029210513548679762 0.00205297456002021 0.061980532729073445
v -0.010215560444624683 -0.002007099723780603 0.03519287658001913
v -0.016591814829206575 5.03275083067853e-05 0.04418287868548809
v -0.02290680803381573 0.0013436979693626921 0.05311352409868464
v -0.02918966241243548 0.002073473075169252 0.06199277409318027
v -0.04200643738948573 0.003132696777365662 0.07956612011219555
v -0.04199202546253167 0.0031517318792066706 0.0795744437820245
v 0.003081899789326714 0.007293062079647694 -0.006308218778780794
v 0.0032993587630496257 0.006778868043536557 -0.006215011415039717
v 0.0025959063809283256 0.007506569742071478 -0.00664483960241713
v 0.0026302434263214547 0.007642531757959259 -0.006524507355643305
v 0.002602203015901472 0.0074106844607227385 -0.0068026712787674914
v -0.001050225188547263 0.007688674815113095 -0.007285138953050663
v -0.002255398857430868 0.00734941183665766 -0.007013796662635741
v 0.0002443782654249025 0.00782732094749189 -0.00727446590643166
v -0.0010510831378449104 0.007719272980171166 -0.0071273859548351415
v 0.00023610765863348732 0.007838830366526106 -0.007148528438596924
v -0.0010616105107051632 0.0077974060901139786 -0.006987359378817781
v -0.0022412649265532436 0.007603770140365007 -0.006680562336657814
v -0.0022268203362522943 0.007443734522564749 -0.006823012199228262
v 0.0002274141121638186 0.007881688969178235 -0.007029580450159112
v 0.0015289766322614667 0.0077511710033842385 -0.007152668815838259
v 0.00152097768855268 0.007775353801011131 -0.007013718938175262
v 0.0015201663500894608 0.007836970224683604 -0.006886601775155099
v -0.006377413575768542 0.0002146652442849492 -0.003012509727513407
v -0.00638133127004642 0.00022837338936239696 -0.003012169265766279
v -0.0055458586465928494 0.0006619800643632018 -0.0043484327474330176
v -0.005706551822865502 0.0008379543225613129 -0.00439198181032302
v -0.004495836948312515 0.001378847783730583 -0.0054203169536182205
v -0.0032846902976922665 0.002238661157127203 -0.006222471532734142
v -0.0046447288811962695 0.0015388279692085671 -0.005471764824409031
v -0.003413946075468549 0.0023848634898923637 -0.006283256352363209
v -0.004807179202480361 0.001630867439484443 -0.005596455839853021
v -0.0065337270025350724 0.00040518306630136017 -0.0030564476511243943
v -0.006738839946389963 0.000490507685594159 -0.0031406802238660714
v -0.005901530069278571 0.0009261602007170841 -0.004505512451549176
v -0.0067515362131673196 0.0004889815383945194 -0.0031469928328847763
v -0.003542749573178794 0.002480072139281475 -0.006410229033717574
v -0.0021648040846036776 0.003382498663391381 -0.006940847726523147
v -0.0020685425787192457 0.003285338319421044 -0.006817968692366394
v -0.0019634514787569834 0.003150410801797121 -0.006750470482068116
v -0.0006200217303085204 0.004190639218057124 -0.007073448993960285
v 0.0008829334201566896 0.005040503264465979 -0.007023500299266072
v 0.002364164226290183 0.005813708581495214 -0.006648897963663358
v 0.0030188404563449844 0.0062145865531115785 -0.006360110108149797
v -0.003356517235918316 0.007056305743634306 -0.006185509021823243
v -0.002243920194394816 0.007613277320076828 -0.006677275497970203
v -0.003347045818995059 0.006901232570375171 -0.006325771632245125
v -0.004330367293999271 0.006396517103745003 -0.005541403556812152
v -0.004329405990242674 0.006255064784556896 -0.005672220022681362
v -0.0058611228865732 0.0047633745548614215 -0.00400141925744002
v -0.002258612501611218 0.00734886871910867 -0.007023676729022987
v -0.003391575974384664 0.006803001250096641 -0.006505155872332802
v -0.004382357805501891 0.006157241160067994 -0.005829539099062309
v -0.0067810257317799105 0.003164974362974693 -0.0019724035007809976
v -0.006984643791072831 0.002336924902334031 -0.0009094876482932529
v -0.0070190242286494176 0.0018759990629516055 -0.00044681247210822533
v -0.0070302504063982085 0.0013353210129787851 -0.00027403835763778125
v -0.006961891981825674 0.00038799743707093257 -0.001806462016077301
v -0.00683190187479088 0.00021583657991854945 -0.001742805682945145
v -0.007155677181612252 0.0004816448023206403 -0.0018717790539010681
v -0.007005327080629453 0.0008709193285711889 -0.0004107698695261612
v -0.0069834621885386805 0.0005448622366301462 -0.0008025384330465068
v -0.007064620353556816 0.0006755969249228402 -0.0008976193496757975
v -0.007052096701838928 0.0009469245525944511 -0.0005101723913278344
v -0.007130315165637113 0.0010118821147885038 -0.0005968182966464494
v -0.007197727545242838 0.0007709544667216725 -0.0009744837150896593
v 0.003922127909984918 0.007293062079647694 0.005823112764375971
v 0.0037326785906838245 0.006778868043536557 0.0059648344965712585
v 0.0044566466540926775 0.007506569742071478 0.005570540692748094
v 0.004335267272869703 0.007642531757959259 0.005540111328052044
v 0.004590184429753008 0.0074106844607227385 0.005654909402504904
v 0.006834227886559074 0.007688674815113095 0.0027330478535829428
v 0.007201825483975077 0.00734941183665766 0.0015536654733465383
v 0.006177683170011106 0.00782732094749189 0.003848870698634904
v 0.0066980388961732085 0.007719272980171166 0.002653428203728825
v 0.006072753717853152 0.007838830366526106 0.0037787396318425537
v 0.0065820358541643365 0.0077974060901139786 0.002574298027240851
v 0.006906169265708528 0.007603770140365007 0.0013992887207900373
v 0.00702231202101139 0.007443734522564749 0.0014830232370963148
v 0.005974088475740047 0.007881688969178235 0.0037117368553751806
v 0.005429904718813605 0.0077511710033842385 0.004900467151705001
v 0.00531356979812686 0.007775353801011131 0.00482406496072868
v 0.005203889140298901 0.007836970224683604 0.004759803521214023
v 0.006538782430326462 0.0006619800643632018 -0.002628637915533527
v 0.0057976162803158315 0.00021466545290121583 -0.004016747188618497
v 0.006656843978445071 0.0008379543225613129 -0.0027460280769014966
v 0.005799280442077004 0.00022837338936239696 -0.004020310116033821
v 0.0070610517040953225 0.0015388279692085671 -0.001286570848538643
v 0.006942050786730436 0.001378847783730583 -0.0011833506192554522
v 0.005913824839149651 0.00040518306630136017 -0.004130149560643004
v 0.0070311635495995395 0.002238661157127203 0.0002666105158600357
v 0.007148432594323573 0.0023848634898923637 0.00018506423517901036
v 0.0069388054328775595 0.003285338319421044 0.0016175740533473648
v 0.0068278044128958215 0.003150410801797121 0.0016748362383028903
v 0.00725026260480599 0.001630867439484443 -0.0013649116210737167
v 0.006089328578259556 0.000490507685594159 -0.00426566668744105
v 0.006852652875227183 0.0009261602007170841 -0.0028581186698414807
v 0.006101143649926699 0.0004889815085921956 -0.004273505890694251
v 0.007322795738896881 0.002480072139281475 0.0001370032345756559
v 0.007093352177889034 0.003382498663391381 0.0015956484837253287
v 0.0064357975201920214 0.004190639218057124 0.002999770068552593
v 0.005641063004447333 0.005040503264465979 0.004276393139824308
v 0.003998596619747968 0.0062145865531115785 0.005794447697249072
v 0.004576032379062511 0.005813708581495214 0.00537187554125268
v 0.0070350664619248104 0.007056305743634306 0.00018592520941252376
v 0.006904650539287516 0.007613277320076828 0.0013953457541415748
v 0.007151801925843471 0.006901232570375171 0.0002642590827096371
v 0.0069641798466194005 0.006396517103745003 -0.0009795061815109224
v 0.00707698998686529 0.006255064784556896 -0.0009132656888817883
v 0.0063958919702009065 0.0047633745548614215 -0.003075171616704897
v 0.00721198879164775 0.00734886871910867 0.0015558224463341208
v 0.007329418053664549 0.006803001250096641 0.000315386876542801
v 0.0072397078138078386 0.006157241160067994 -0.0008804637611877636
v 0.005098664525926 0.003164974362974693 -0.004886338466036366
v 0.004279961312448621 0.002336924902334031 -0.0055941350732938155
v 0.0038964631023999385 0.0018759990629516055 -0.005855247298830746
v 0.003752449452294887 0.0013353210129787851 -0.005951356216817305
v 0.005045387984546623 0.00038799743707093257 -0.005125944381042524
v 0.004925265069295193 0.00021583657991854945 -0.005045197726511463
v 0.005198847063948575 0.0004816448023206403 -0.00526110864832674
v 0.0038584007665314057 0.0008709193285711889 -0.005861406127858626
v 0.004186749657172917 0.0005448622366301462 -0.005646586686350319
v 0.004309671606675947 0.0006755969249228402 -0.005669331343039763
v 0.003967870662325429 0.0009469245525944511 -0.005852208892314359
v 0.004082017138770655 0.0010118821147885038 -0.005876624863322688
v 0.00444279119612867 0.0007709544667216725 -0.005746172701059649
v -0.007004027699311632 0.007293062079647694 0.0004851058951955284
v -0.00703203711531486 0.006778868043536557 0.00025017730589866824
v -0.007052553035021003 0.007506569742071478 0.0010742989096690359
v -0.0069655106991911575 0.007642531757959259 0.0009843959679866135
v -0.00719238744565448 0.0074106844607227385 0.001147761637843997
v -0.005784003055639697 0.007688674815113095 0.00455209133788631
v -0.004946426626544209 0.00734941183665766 0.005460130950870612
v -0.006422061271523227 0.00782732094749189 0.0034255952077967555
v -0.005646955758328298 0.007719272980171166 0.004473957751106317
v -0.006308861078463401 0.007838830366526106 0.0033697890451729606
v -0.005520425581877764 0.0077974060901139786 0.00441306135157693
v -0.004664903862318104 0.007603770140365007 0.0052812736158677764
v -0.004795491923177686 0.007443734522564749 0.005339989438969128
v -0.006201502617706189 0.007881688969178235 0.0033178438332025217
v -0.006958881231865777 0.0077511710033842385 0.002252201902551848
v -0.006834547367470245 0.007775353801011131 0.0021896539774465817
v -0.006724055609597657 0.007836970224683604 0.0021267982539410757
v -0.0009929240221522029 0.0006619800643632018 0.006977070662966545
v 0.0005797966994062348 0.00021466533369192062 0.0070292571545504945
v -0.0009502917979516828 0.0008379543225613129 0.007138009887224517
v 0.0005820505299461778 0.00022837338936239696 0.00703247962021869
v -0.002416322822899053 0.0015388279692085671 0.006758335434529084
v -0.002446213838417921 0.001378847783730583 0.006603667572873673
v 0.0006199022229900694 0.00040518306630136017 0.007186597211767398
v -0.003746473251907273 0.002238661157127203 0.005955860897664811
v -0.003734486757273614 0.0023848634898923637 0.006098192504614408
v -0.004870262854158314 0.003285338319421044 0.00520039487743762
v -0.004864352934138838 0.003150410801797121 0.005075634243765226
v -0.0024430831639070394 0.001630867439484443 0.006961367460926737
v 0.0006495111893164637 0.000490507685594159 0.007406346672888531
v -0.0009511231635764977 0.0009261602007170841 0.007363631121390657
v 0.0006503924440313252 0.0004889815085921956 0.007420498246741847
v -0.0037800461657180873 0.002480072139281475 0.006273225605426813
v -0.0049285480932853565 0.003382498663391381 0.005345198885169933
v -0.005815775670674206 0.004190639218057124 0.004073679163826283
v -0.006523996663022613 0.005040503264465979 0.0027471073978603544
v -0.007017437314511543 0.0062145865531115785 0.0005656625301100199
v -0.006940196843771285 0.005813708581495214 0.0012770225416199738
v -0.0036785492260064945 0.007056305743634306 0.0059995835292886435
v -0.004660729629636928 0.007613277320076828 0.005281929743828628
v -0.003804755868429821 0.006901232570375171 0.006061512281314574
v -0.0026338125526201295 0.006396517103745003 0.006520909619113779
v -0.002747583519785435 0.006255064784556896 0.006585485771167798
v -0.0005347692028370016 0.0047633745548614215 0.007076590874144917
v -0.0049533760516179415 0.00734886871910867 0.005467853805851686
v -0.003937842079279885 0.006803001250096641 0.006189768608359791
v -0.0028573497698873573 0.006157241160067994 0.006710002741040777
v 0.0016823612058539106 0.003164974362974693 0.006858742086026659
v 0.0027046824786242096 0.002336924902334031 0.006503622840796364
v 0.003122561126249479 0.0018759990629516055 0.006302059472915733
v 0.0032778009541033215 0.0013353210129787851 0.0062253945446527625
v 0.001916503997279051 0.00038799743707093257 0.00693240627791053
v 0.0019066369247049825 0.00021583657991854945 0.006788003290247313
v 0.0019568303560822675 0.0004816448023206403 0.007132887702227808
v 0.003146926552516638 0.0008709193285711889 0.006272176086791759
v 0.0027967125313657637 0.0005448622366301462 0.006449125119396826
v 0.0027549492237180506 0.0006755969249228402 0.006566950633110913
v 0.0030842262779320895 0.0009469245525944511 0.006362381283642193
v 0.003048297788447868 0.0010118821147885038 0.00647344333878308
v 0.002754936110695577 0.0007709544667216725 0.006720656714172546
f 1 2 3
f 3 4 5
f 4 3 2
f 1 3 6
f 6 7 8
f 6 3 7
f 9 10 5
f 11 9 5
f 5 10 12
f 12 7 3
f 5 12 3
f 7 12 13
f 5 4 11
f 9 14 15
f 10 16 17
f 10 9 15
f 15 16 10
f 18 19 20
f 21 22 19
f 12 10 23
f 8 24 25
f 24 7 13
f 13 23 26
f 23 13 12
f 17 23 10
f 23 17 27
f 7 24 8
f 24 13 26
f 25 24 28
f 23 29 26
f 29 23 27
f 24 26 28
f 17 30 27
f 30 17 31
f 31 32 30
f 33 32 34
f 20 34 18
f 32 33 30
f 35 34 20
f 30 36 37
f 36 30 33
f 36 35 38
f 35 36 33
f 39 38 35
f 33 34 35
f 20 22 39
f 30 37 27
f 31 17 16
f 40 21 19
f 21 41 42
f 41 21 40
f 41 43 42
f 43 41 44
f 43 44 45
f 42 43 46
f 21 42 47
f 22 47 48
f 22 21 47
f 43 49 46
f 46 47 42
f 45 50 51
f 46 49 52
f 49 43 45
f 47 46 53
f 44 54 45
f 22 20 19
f 50 54 55
f 54 50 45
f 55 56 57
f 56 55 54
f 55 57 58
f 50 55 59
f 51 59 60
f 51 50 59
f 61 58 57
f 58 59 55
f 58 62 63
f 61 62 58
f 59 58 64
f 51 49 45
f 49 51 65
f 39 48 66
f 39 22 48
f 53 52 67
f 53 46 52
f 52 49 65
f 52 65 68
f 47 53 48
f 48 53 67
f 69 39 66
f 52 68 67
f 68 65 70
f 48 67 66
f 65 71 70
f 39 69 38
f 60 64 72
f 60 59 64
f 63 73 74
f 73 63 62
f 74 73 75
f 74 64 58
f 65 51 60
f 64 74 72
f 71 60 72
f 76 75 77
f 76 72 74
f 75 76 74
f 60 71 65
f 58 63 74
f 39 35 20
f 57 56 61
f 9 11 14
f 78 16 15
f 16 78 31
f 18 34 79
f 32 79 34
f 40 19 80
f 18 80 19
f 81 82 83
f 84 81 85
f 86 84 87
f 88 89 90
f 85 81 83
f 85 87 84
f 87 91 86
f 92 93 94
f 95 96 97
f 98 97 93
f 94 91 92
f 97 98 95
f 96 95 88
f 98 93 92
f 88 90 96
f 86 91 94
f 99 100 101
f 101 102 99
f 103 104 105
f 106 105 107
f 106 108 102
f 108 106 107
f 102 108 99
f 105 104 107
f 109 56 54
f 110 111 112
f 113 114 111
f 109 54 115
f 116 114 113
f 103 117 104
f 117 103 118
f 114 119 118
f 119 114 116
f 119 120 121
f 120 119 116
f 118 119 117
f 112 115 54
f 122 54 44
f 123 44 124
f 122 44 123
f 41 40 125
f 125 124 41
f 41 124 44
f 126 127 121
f 126 121 120
f 122 110 54
f 127 128 121
f 111 110 113
f 110 112 54
f 129 130 131
f 130 132 133
f 134 135 131
f 136 11 4
f 137 138 139
f 140 138 141
f 134 138 140
f 142 143 144
f 144 145 142
f 143 146 144
f 146 143 133
f 132 130 129
f 129 131 135
f 133 132 146
f 134 140 135
f 139 147 148
f 149 4 150
f 151 152 2
f 153 4 2
f 4 149 136
f 154 155 156
f 155 154 157
f 156 155 158
f 157 154 151
f 154 152 151
f 137 139 148
f 159 141 160
f 159 140 141
f 159 160 161
f 141 138 137
f 152 153 2
f 161 162 159
f 153 150 4
f 147 150 148
f 150 147 149
f 163 164 165
f 166 167 168
f 168 167 164
f 169 90 89
f 165 90 169
f 163 165 169
f 163 168 164
f 166 170 167
f 171 172 173
f 174 175 171
f 175 83 82
f 176 170 166
f 171 173 174
f 175 174 83
f 173 172 176
f 172 170 176
f 177 178 179
f 178 180 181
f 182 183 179
f 184 185 186
f 187 188 189
f 182 188 187
f 190 191 192
f 192 193 190
f 191 194 192
f 194 191 181
f 180 178 177
f 177 179 183
f 181 180 194
f 182 187 183
f 188 195 196
f 186 197 198
f 197 199 198
f 200 186 201
f 186 198 184
f 202 203 204
f 205 201 206
f 204 206 202
f 206 201 202
f 205 200 201
f 196 195 207
f 208 209 189
f 209 187 189
f 189 188 196
f 200 197 186
f 210 211 209
f 208 210 209
f 207 199 197
f 199 207 195
f 97 212 213
f 213 214 97
f 96 215 216
f 212 96 216
f 214 217 93
f 218 219 94
f 94 219 220
f 218 94 93
f 96 212 97
f 97 214 93
f 217 218 93
f 215 96 90
f 76 165 72
f 71 72 165
f 71 164 70
f 68 70 164
f 76 77 90
f 167 68 164
f 164 71 165
f 67 167 66
f 67 68 167
f 170 66 167
f 165 76 90
f 77 215 90
f 86 220 221
f 84 86 222
f 223 81 84
f 224 82 81
f 221 222 86
f 84 225 223
f 81 223 226
f 25 82 224
f 81 226 224
f 225 84 222
f 82 25 28
f 37 172 171
f 38 172 36
f 170 38 69
f 38 170 172
f 170 69 66
f 171 175 29
f 175 26 29
f 27 171 29
f 37 36 172
f 171 27 37
f 28 26 175
f 175 82 28
f 86 94 220
f 95 99 108
f 108 107 88
f 107 104 89
f 99 98 100
f 92 211 98
f 95 108 88
f 98 99 95
f 98 211 100
f 88 107 89
f 119 121 169
f 145 163 128
f 128 163 121
f 169 117 119
f 163 145 168
f 169 121 163
f 146 168 144
f 168 145 144
f 168 146 166
f 89 117 169
f 89 104 117
f 211 92 209
f 91 187 92
f 209 92 187
f 91 87 177
f 87 85 180
f 187 91 183
f 87 180 177
f 85 194 180
f 83 192 85
f 192 194 85
f 193 192 83
f 183 91 177
f 173 176 135
f 132 176 166
f 176 132 129
f 146 132 166
f 159 174 173
f 159 162 174
f 173 140 159
f 129 135 176
f 135 140 173
f 162 83 174
f 162 193 83
f 2 1 151
f 227 203 228
f 229 227 230
f 228 203 231
f 227 228 232
f 203 227 229
f 229 230 73
f 228 233 232
f 232 230 227
f 231 234 235
f 232 233 236
f 233 228 231
f 230 232 237
f 203 202 231
f 6 238 1
f 235 233 231
f 234 202 201
f 239 240 201
f 201 240 234
f 239 201 186
f 234 240 241
f 235 241 242
f 235 234 241
f 243 244 239
f 243 239 186
f 239 244 245
f 245 241 240
f 239 245 240
f 241 245 246
f 186 247 243
f 234 231 202
f 233 235 248
f 215 75 249
f 249 75 73
f 249 73 230
f 215 249 237
f 237 249 230
f 237 216 215
f 216 237 212
f 75 215 77
f 237 236 212
f 8 25 250
f 236 248 213
f 236 233 248
f 241 246 242
f 242 248 235
f 245 251 246
f 242 246 214
f 232 236 237
f 248 242 213
f 213 242 214
f 217 251 218
f 217 214 246
f 218 251 219
f 251 217 246
f 252 253 244
f 236 213 212
f 244 251 245
f 247 252 243
f 254 6 8
f 247 185 255
f 185 247 186
f 256 257 255
f 247 255 258
f 252 258 259
f 252 247 258
f 260 261 262
f 257 261 258
f 255 257 258
f 258 261 263
f 264 265 266
f 252 244 243
f 267 268 269
f 269 158 155
f 270 155 157
f 238 157 151
f 264 271 265
f 264 267 271
f 267 272 271
f 270 269 155
f 238 270 157
f 273 269 270
f 269 272 267
f 254 270 238
f 1 238 151
f 264 268 267
f 265 271 274
f 253 259 220
f 253 252 259
f 263 260 275
f 263 259 258
f 260 265 275
f 263 275 221
f 260 263 261
f 259 263 221
f 219 253 220
f 275 222 221
f 221 220 259
f 222 274 225
f 222 275 274
f 274 275 265
f 253 219 251
f 276 225 274
f 272 273 277
f 254 250 273
f 254 273 270
f 273 250 277
f 277 276 272
f 272 269 273
f 276 277 226
f 225 276 223
f 277 224 226
f 226 223 276
f 8 250 254
f 224 277 250
f 238 6 254
f 274 271 276
f 272 276 271
f 224 250 25
f 253 251 244
f 255 185 256
f 257 262 261
f 265 260 266
f 269 268 158
f 278 279 280
f 281 282 283
f 284 285 280
f 286 280 285
f 285 287 288
f 285 289 290
f 285 284 287
f 280 279 284
f 291 280 286
f 292 293 294
f 293 295 296
f 291 297 298
f 297 291 286
f 299 300 301
f 299 298 297
f 299 302 303
f 299 301 298
f 304 302 297
f 305 301 300
f 290 304 286
f 282 292 306
f 307 289 285
f 286 285 290
f 289 308 309
f 307 310 289
f 304 297 286
f 310 311 308
f 312 313 308
f 312 308 311
f 308 313 309
f 290 289 309
f 311 314 312
f 308 289 310
f 290 309 315
f 315 316 304
f 304 290 315
f 300 299 303
f 317 302 316
f 304 316 302
f 299 297 302
f 318 315 319
f 313 320 321
f 318 322 316
f 316 315 318
f 316 322 317
f 317 303 302
f 321 323 319
f 315 309 319
f 313 319 309
f 303 317 324
f 325 320 312
f 285 288 307
f 300 303 326
f 327 328 329
f 328 330 331
f 305 332 333
f 305 300 332
f 334 333 335
f 335 333 332
f 336 334 337
f 326 338 332
f 339 336 340
f 341 342 343
f 342 344 345
f 346 339 347
f 348 349 346
f 350 348 346
f 346 347 350
f 334 335 337
f 330 341 351
f 352 335 338
f 326 324 353
f 337 352 354
f 337 335 352
f 353 355 338
f 335 332 338
f 317 356 324
f 324 326 303
f 324 357 353
f 357 324 356
f 356 358 359
f 338 355 352
f 360 358 322
f 353 338 326
f 300 326 332
f 361 353 357
f 340 354 362
f 340 337 354
f 347 362 363
f 362 347 340
f 363 362 364
f 347 363 350
f 365 366 354
f 340 347 339
f 361 367 355
f 361 355 353
f 362 366 364
f 354 366 362
f 368 365 367
f 369 364 366
f 365 355 367
f 354 352 365
f 355 365 352
f 359 370 357
f 337 340 336
f 356 317 322
f 323 360 318
f 295 327 371
f 372 373 325
f 320 313 312
f 325 314 372
f 373 374 325
f 375 376 377
f 375 374 378
f 374 375 377
f 374 377 379
f 378 374 373
f 376 380 377
f 325 374 381
f 319 313 321
f 320 381 382
f 322 318 360
f 323 383 384
f 382 383 321
f 318 319 323
f 379 385 381
f 379 381 374
f 383 323 321
f 386 382 385
f 387 383 386
f 384 360 323
f 382 381 385
f 382 321 320
f 320 325 381
f 360 384 388
f 389 390 377
f 358 356 322
f 379 377 390
f 389 380 283
f 379 391 385
f 379 390 391
f 392 393 389
f 389 377 380
f 390 389 393
f 306 392 282
f 391 390 394
f 390 393 394
f 306 393 392
f 294 393 306
f 392 283 282
f 392 389 283
f 385 391 395
f 386 395 396
f 386 385 395
f 387 396 397
f 396 387 386
f 398 399 395
f 387 384 383
f 394 294 296
f 294 394 393
f 296 371 398
f 296 398 394
f 398 371 399
f 399 396 395
f 294 293 296
f 398 395 391
f 394 398 391
f 396 399 400
f 306 292 294
f 386 383 382
f 384 387 401
f 388 402 358
f 358 360 388
f 403 361 370
f 404 359 402
f 358 402 359
f 361 357 370
f 388 405 402
f 405 388 401
f 402 406 404
f 406 402 405
f 405 407 408
f 406 409 404
f 397 407 401
f 404 370 359
f 384 401 388
f 370 404 410
f 403 411 367
f 367 361 403
f 368 369 366
f 411 369 368
f 367 411 368
f 368 366 365
f 403 412 411
f 412 403 410
f 413 412 414
f 412 413 411
f 415 410 409
f 412 415 414
f 411 413 369
f 403 370 410
f 410 404 409
f 356 359 357
f 400 416 397
f 397 396 400
f 417 406 408
f 407 330 408
f 397 416 407
f 406 405 408
f 400 328 416
f 371 327 399
f 416 330 407
f 328 331 416
f 351 418 330
f 408 330 418
f 328 400 329
f 327 329 400
f 401 387 397
f 341 417 408
f 409 417 419
f 406 417 409
f 415 419 420
f 419 415 409
f 344 420 419
f 415 420 414
f 419 417 342
f 415 412 410
f 343 421 341
f 341 421 417
f 345 422 342
f 342 417 421
f 343 342 421
f 344 419 422
f 341 418 351
f 419 342 422
f 408 418 341
f 344 422 345
f 330 416 331
f 405 401 407
f 400 399 327
f 296 295 371
f 314 325 312
f 423 424 282
f 282 281 423
f 424 425 282
f 425 426 427
f 427 428 429
f 428 427 426
f 429 428 430
f 427 429 431
f 425 427 282
f 282 427 432
f 293 292 433
f 432 292 282
f 434 295 293
f 433 292 432
f 432 435 433
f 435 432 431
f 434 436 437
f 436 433 435
f 434 433 436
f 434 438 295
f 439 440 431
f 433 434 293
f 432 427 431
f 295 438 327
f 441 439 429
f 442 441 429
f 431 429 439
f 441 443 444
f 442 445 441
f 440 435 431
f 446 447 443
f 446 443 445
f 443 447 448
f 441 444 439
f 447 449 448
f 445 443 441
f 450 443 448
f 440 451 452
f 451 439 444
f 453 454 436
f 436 435 453
f 437 436 454
f 437 438 434
f 439 451 440
f 435 440 453
f 444 455 451
f 455 444 450
f 451 456 452
f 456 451 455
f 455 457 458
f 459 453 452
f 460 457 450
f 452 453 440
f 444 443 450
f 461 452 456
f 462 460 448
f 429 430 442
f 438 437 463
f 327 464 328
f 464 438 463
f 465 330 328
f 328 464 465
f 464 466 465
f 466 464 463
f 465 467 468
f 467 465 466
f 466 469 470
f 468 467 471
f 472 469 463
f 465 468 330
f 327 438 464
f 330 468 341
f 473 342 474
f 473 344 342
f 342 341 475
f 471 476 475
f 475 341 468
f 477 478 476
f 478 473 474
f 474 476 478
f 475 476 474
f 474 342 475
f 468 471 475
f 470 479 467
f 459 480 454
f 459 454 453
f 467 466 470
f 481 472 480
f 454 480 472
f 466 463 469
f 459 482 480
f 482 459 461
f 480 483 481
f 483 480 482
f 482 484 485
f 481 483 486
f 487 484 461
f 481 469 472
f 459 452 461
f 469 481 488
f 489 471 479
f 470 488 490
f 476 489 491
f 476 471 489
f 491 489 492
f 476 491 477
f 490 493 479
f 467 479 471
f 486 494 488
f 486 488 481
f 489 493 492
f 479 493 489
f 495 490 494
f 495 492 493
f 490 488 494
f 479 470 490
f 470 469 488
f 485 496 483
f 463 437 472
f 472 437 454
f 458 487 456
f 449 497 462
f 450 448 460
f 498 462 499
f 462 497 500
f 457 455 450
f 500 501 499
f 502 503 499
f 502 499 501
f 499 503 498
f 460 462 498
f 501 504 502
f 499 462 500
f 460 498 505
f 456 455 458
f 457 505 506
f 482 461 484
f 487 507 508
f 506 507 458
f 461 456 487
f 498 509 505
f 505 457 460
f 506 510 511
f 510 505 509
f 506 505 510
f 507 487 458
f 512 513 503
f 506 458 457
f 503 509 498
f 484 487 508
f 514 512 502
f 483 482 485
f 512 503 502
f 514 504 515
f 513 509 503
f 512 516 517
f 514 516 512
f 513 518 509
f 515 278 280
f 516 280 291
f 516 514 280
f 512 517 513
f 280 514 515
f 517 516 291
f 518 510 509
f 513 517 519
f 510 520 511
f 520 510 518
f 521 518 519
f 511 520 522
f 513 519 518
f 511 507 506
f 519 298 301
f 298 519 517
f 521 301 305
f 301 521 519
f 520 521 523
f 521 520 518
f 517 291 298
f 507 511 524
f 514 502 504
f 523 521 305
f 485 525 526
f 525 484 508
f 494 486 527
f 486 496 527
f 484 525 485
f 483 496 486
f 508 528 525
f 528 508 524
f 525 529 526
f 529 525 528
f 530 529 531
f 532 496 526
f 528 533 531
f 526 496 485
f 508 507 524
f 534 526 529
f 532 535 527
f 532 527 496
f 495 536 537
f 495 494 536
f 535 537 536
f 495 537 492
f 527 535 536
f 536 494 527
f 532 538 535
f 538 532 534
f 539 538 540
f 538 539 535
f 541 540 538
f 541 534 530
f 535 539 537
f 532 526 534
f 524 522 533
f 495 493 490
f 523 542 522
f 523 522 520
f 531 529 528
f 543 533 542
f 522 542 533
f 533 528 524
f 542 333 334
f 333 542 523
f 543 334 336
f 334 543 542
f 531 543 544
f 543 531 533
f 523 305 333
f 544 543 336
f 530 544 545
f 544 530 531
f 541 545 546
f 545 541 530
f 546 545 547
f 541 546 540
f 544 339 545
f 541 538 534
f 346 547 545
f 349 547 346
f 346 545 339
f 544 336 339
f 530 534 529
f 524 511 522
f 449 462 448
f 420 478 414
f 478 344 473
f 344 478 420
f 478 477 414
f 491 492 369
f 413 414 477
f 413 491 369
f 413 477 491
f 540 546 547
f 540 547 349
f 539 540 348
f 537 539 363
f 348 540 349
f 350 363 539
f 364 537 363
f 492 364 369
f 492 537 364
f 539 348 350
f 548 549 550
f 551 552 553
f 554 555 550
f 556 550 555
f 555 557 558
f 555 559 560
f 555 554 557
f 550 549 554
f 561 550 556
f 562 563 564
f 563 565 566
f 561 567 568
f 567 561 556
f 569 570 571
f 569 568 567
f 569 572 573
f 569 571 568
f 574 572 567
f 575 571 570
f 560 574 556
f 552 562 576
f 577 559 555
f 556 555 560
f 559 578 579
f 577 580 559
f 574 567 556
f 580 581 578
f 582 583 578
f 582 578 581
f 578 583 579
f 560 559 579
f 581 584 582
f 578 559 580
f 560 579 585
f 585 586 574
f 574 560 585
f 570 569 573
f 587 572 586
f 574 586 572
f 569 567 572
f 588 585 589
f 583 590 591
f 588 592 586
f 586 585 588
f 586 592 587
f 587 573 572
f 591 593 589
f 585 579 589
f 583 589 579
f 573 587 594
f 595 590 582
f 555 558 577
f 570 573 596
f 597 598 599
f 598 600 601
f 575 602 603
f 575 570 602
f 604 603 605
f 605 603 602
f 606 604 607
f 596 608 602
f 609 606 610
f 611 612 613
f 612 614 615
f 616 609 617
f 618 619 616
f 620 618 616
f 616 617 620
f 604 605 607
f 600 611 621
f 622 605 608
f 596 594 623
f 607 622 624
f 607 605 622
f 623 625 608
f 605 602 608
f 587 626 594
f 594 596 573
f 594 627 623
f 627 594 626
f 626 628 629
f 608 625 622
f 630 628 592
f 623 608 596
f 570 596 602
f 631 623 627
f 610 624 632
f 610 607 624
f 617 632 633
f 632 617 610
f 633 632 634
f 617 633 620
f 635 636 624
f 610 617 609
f 631 637 625
f 631 625 623
f 632 636 634
f 624 636 632
f 638 635 637
f 639 634 636
f 635 625 637
f 624 622 635
f 625 635 622
f 629 640 627
f 607 610 606
f 626 587 592
f 593 630 588
f 565 597 641
f 642 643 595
f 590 583 582
f 595 584 642
f 643 644 595
f 645 646 647
f 645 644 648
f 644 645 647
f 644 647 649
f 648 644 643
f 646 650 647
f 595 644 651
f 589 583 591
f 590 651 652
f 592 588 630
f 593 653 654
f 652 653 591
f 588 589 593
f 649 655 651
f 649 651 644
f 653 593 591
f 656 652 655
f 657 653 656
f 654 630 593
f 652 651 655
f 652 591 590
f 590 595 651
f 630 654 658
f 659 660 647
f 628 626 592
f 649 647 660
f 659 650 553
f 649 661 655
f 649 660 661
f 662 663 659
f 659 647 650
f 660 659 663
f 576 662 552
f 661 660 664
f 660 663 664
f 576 663 662
f 564 663 576
f 662 553 552
f 662 659 553
f 655 661 665
f 656 665 666
f 656 655 665
f 657 666 667
f 666 657 656
f 668 669 665
f 657 654 653
f 664 564 566
f 564 664 663
f 566 641 668
f 566 668 664
f 668 641 669
f 669 666 665
f 564 563 566
f 668 665 661
f 664 668 661
f 666 669 670
f 576 562 564
f 656 653 652
f 654 657 671
f 658 672 628
f 628 630 658
f 673 631 640
f 674 629 672
f 628 672 629
f 631 627 640
f 658 675 672
f 675 658 671
f 672 676 674
f 676 672 675
f 675 677 678
f 676 679 674
f 667 677 671
f 674 640 629
f 654 671 658
f 640 674 680
f 673 681 637
f 637 631 673
f 638 639 636
f 681 639 638
f 637 681 638
f 638 636 635
f 673 682 681
f 682 673 680
f 683 682 684
f 682 683 681
f 685 680 679
f 682 685 684
f 681 683 639
f 673 640 680
f 680 674 679
f 626 629 627
f 670 686 667
f 667 666 670
f 687 676 678
f 677 600 678
f 667 686 677
f 676 675 678
f 670 598 686
f 641 597 669
f 686 600 677
f 598 601 686
f 621 688 600
f 678 600 688
f 598 670 599
f 597 599 670
f 671 657 667
f 611 687 678
f 679 687 689
f 676 687 679
f 685 689 690
f 689 685 679
f 614 690 689
f 685 690 684
f 689 687 612
f 685 682 680
f 613 691 611
f 611 691 687
f 615 692 612
f 612 687 691
f 613 612 691
f 614 689 692
f 611 688 621
f 689 612 692
f 678 688 611
f 614 692 615
f 600 686 601
f 675 671 677
f 670 669 597
f 566 565 641
f 584 595 582
f 693 694 552
f 552 551 693
f 694 695 552
f 695 696 697
f 697 698 699
f 698 697 696
f 699 698 700
f 697 699 701
f 695 697 552
f 552 697 702
f 563 562 703
f 702 562 552
f 704 565 563
f 703 562 702
f 702 705 703
f 705 702 701
f 704 706 707
f 706 703 705
f 704 703 706
f 704 708 565
f 709 710 701
f 703 704 563
f 702 697 701
f 565 708 597
f 711 709 699
f 712 711 699
f 701 699 709
f 711 713 714
f 712 715 711
f 710 705 701
f 716 717 713
f 716 713 715
f 713 717 718
f 711 714 709
f 717 719 718
f 715 713 711
f 720 713 718
f 710 721 722
f 721 709 714
f 723 724 706
f 706 705 723
f 707 706 724
f 707 708 704
f 709 721 710
f 705 710 723
f 714 725 721
f 725 714 720
f 721 726 722
f 726 721 725
f 725 727 728
f 729 723 722
f 730 727 720
f 722 723 710
f 714 713 720
f 731 722 726
f 732 730 718
f 699 700 712
f 708 707 733
f 597 734 598
f 734 708 733
f 735 600 598
f 598 734 735
f 734 736 735
f 736 734 733
f 735 737 738
f 737 735 736
f 736 739 740
f 738 737 741
f 742 739 733
f 735 738 600
f 597 708 734
f 600 738 611
f 743 612 744
f 743 614 612
f 612 611 745
f 741 746 745
f 745 611 738
f 747 748 746
f 748 743 744
f 744 746 748
f 745 746 744
f 744 612 745
f 738 741 745
f 740 749 737
f 729 750 724
f 729 724 723
f 737 736 740
f 751 742 750
f 724 750 742
f 736 733 739
f 729 752 750
f 752 729 731
f 750 753 751
f 753 750 752
f 752 754 755
f 751 753 756
f 757 754 731
f 751 739 742
f 729 722 731
f 739 751 758
f 759 741 749
f 740 758 760
f 746 759 761
f 746 741 759
f 761 759 762
f 746 761 747
f 760 763 749
f 737 749 741
f 756 764 758
f 756 758 751
f 759 763 762
f 749 763 759
f 765 760 764
f 765 762 763
f 760 758 764
f 749 740 760
f 740 739 758
f 755 766 753
f 733 707 742
f 742 707 724
f 728 757 726
f 719 767 732
f 720 718 730
f 768 732 769
f 732 767 770
f 727 725 720
f 770 771 769
f 772 773 769
f 772 769 771
f 769 773 768
f 730 732 768
f 771 774 772
f 769 732 770
f 730 768 775
f 726 725 728
f 727 775 776
f 752 731 754
f 757 777 778
f 776 777 728
f 731 726 757
f 768 779 775
f 775 727 730
f 776 780 781
f 780 775 779
f 776 775 780
f 777 757 728
f 782 783 773
f 776 728 727
f 773 779 768
f 754 757 778
f 784 782 772
f 753 752 755
f 782 773 772
f 784 774 785
f 783 779 773
f 782 786 787
f 784 786 782
f 783 788 779
f 785 548 550
f 786 550 561
f 786 784 550
f 782 787 783
f 550 784 785
f 787 786 561
f 788 780 779
f 783 787 789
f 780 790 781
f 790 780 788
f 791 788 789
f 781 790 792
f 783 789 788
f 781 777 776
f 789 568 571
f 568 789 787
f 791 571 575
f 571 791 789
f 790 791 793
f 791 790 788
f 787 561 568
f 777 781 794
f 784 772 774
f 793 791 575
f 755 795 796
f 795 754 778
f 764 756 797
f 756 766 797
f 754 795 755
f 753 766 756
f 778 798 795
f 798 778 794
f 795 799 796
f 799 795 798
f 800 799 801
f 802 766 796
f 798 803 801
f 796 766 755
f 778 777 794
f 804 796 799
f 802 805 797
f 802 797 766
f 765 806 807
f 765 764 806
f 805 807 806
f 765 807 762
f 797 805 806
f 806 764 797
f 802 808 805
f 808 802 804
f 809 808 810
f 808 809 805
f 811 810 808
f 811 804 800
f 805 809 807
f 802 796 804
f 794 792 803
f 765 763 760
f 793 812 792
f 793 792 790
f 801 799 798
f 813 803 812
f 792 812 803
f 803 798 794
f 812 603 604
f 603 812 793
f 813 604 606
f 604 813 812
f 801 813 814
f 813 801 803
f 793 575 603
f 814 813 606
f 800 814 815
f 814 800 801
f 811 815 816
f 815 811 800
f 816 815 817
f 811 816 810
f 814 609 815
f 811 808 804
f 616 817 815
f 619 817 616
f 616 815 609
f 814 606 609
f 800 804 799
f 794 781 792
f 719 732 718
f 690 748 684
f 748 614 743
f 614 748 690
f 748 747 684
f 761 762 639
f 683 684 747
f 683 761 639
f 683 747 761
f 810 816 817
f 810 817 619
f 809 810 618
f 807 809 633
f 618 810 619
f 620 633 809
f 634 807 633
f 762 634 639
f 762 807 634
f 809 618 620
f 818 819 820
f 821 822 823
f 824 825 820
f 826 820 825
f 825 827 828
f 825 829 830
f 825 824 827
f 820 819 824
f 831 820 826
f 832 833 834
f 833 835 836
f 831 837 838
f 837 831 826
f 839 840 841
f 839 838 837
f 839 842 843
f 839 841 838
f 844 842 837
f 845 841 840
f 830 844 826
f 822 832 846
f 847 829 825
f 826 825 830
f 829 848 849
f 847 850 829
f 844 837 826
f 850 851 848
f 852 853 848
f 852 848 851
f 848 853 849
f 830 829 849
f 851 854 852
f 848 829 850
f 830 849 855
f 855 856 844
f 844 830 855
f 840 839 843
f 857 842 856
f 844 856 842
f 839 837 842
f 858 855 859
f 853 860 861
f 858 862 856
f 856 855 858
f 856 862 857
f 857 843 842
f 861 863 859
f 855 849 859
f 853 859 849
f 843 857 864
f 865 860 852
f 825 828 847
f 840 843 866
f 867 868 869
f 868 870 871
f 845 872 873
f 845 840 872
f 874 873 875
f 875 873 872
f 876 874 877
f 866 878 872
f 879 876 880
f 881 882 883
f 882 884 885
f 886 879 887
f 888 889 886
f 890 888 886
f 886 887 890
f 874 875 877
f 870 881 891
f 892 875 878
f 866 864 893
f 877 892 894
f 877 875 892
f 893 895 878
f 875 872 878
f 857 896 864
f 864 866 843
f 864 897 893
f 897 864 896
f 896 898 899
f 878 895 892
f 900 898 862
f 893 878 866
f 840 866 872
f 901 893 897
f 880 894 902
f 880 877 894
f 887 902 903
f 902 887 880
f 903 902 904
f 887 903 890
f 905 906 894
f 880 887 879
f 901 907 895
f 901 895 893
f 902 906 904
f 894 906 902
f 908 905 907
f 909 904 906
f 905 895 907
f 894 892 905
f 895 905 892
f 899 910 897
f 877 880 876
f 896 857 862
f 863 900 858
f 835 867 911
f 912 913 865
f 860 853 852
f 865 854 912
f 913 914 865
f 915 916 917
f 915 914 918
f 914 915 917
f 914 917 919
f 918 914 913
f 916 920 917
f 865 914 921
f 859 853 861
f 860 921 922
f 862 858 900
f 863 923 924
f 922 923 861
f 858 859 863
f 919 925 921
f 919 921 914
f 923 863 861
f 926 922 925
f 927 923 926
f 924 900 863
f 922 921 925
f 922 861 860
f 860 865 921
f 900 924 928
f 929 930 917
f 898 896 862
f 919 917 930
f 929 920 823
f 919 931 925
f 919 930 931
f 932 933 929
f 929 917 920
f 930 929 933
f 846 932 822
f 931 930 934
f 930 933 934
f 846 933 932
f 834 933 846
f 932 823 822
f 932 929 823
f 925 931 935
f 926 935 936
f 926 925 935
f 927 936 937
f 936 927 926
f 938 939 935
f 927 924 923
f 934 834 836
f 834 934 933
f 836 911 938
f 836 938 934
f 938 911 939
f 939 936 935
f 834 833 836
f 938 935 931
f 934 938 931
f 936 939 940
f 846 832 834
f 926 923 922
f 924 927 941
f 928 942 898
f 898 900 928
f 943 901 910
f 944 899 942
f 898 942 899
f 901 897 910
f 928 945 942
f 945 928 941
f 942 946 944
f 946 942 945
f 945 947 948
f 946 949 944
f 937 947 941
f 944 910 899
f 924 941 928
f 910 944 950
f 943 951 907
f 907 901 943
f 908 909 906
f 951 909 908
f 907 951 908
f 908 906 905
f 943 952 951
f 952 943 950
f 953 952 954
f 952 953 951
f 955 950 949
f 952 955 954
f 951 953 909
f 943 910 950
f 950 944 949
f 896 899 897
f 940 956 937
f 937 936 940
f 957 946 948
f 947 870 948
f 937 956 947
f 946 945 948
f 940 868 956
f 911 867 939
f 956 870 947
f 868 871 956
f 891 958 870
f 948 870 958
f 868 940 869
f 867 869 940
f 941 927 937
f 881 957 948
f 949 957 959
f 946 957 949
f 955 959 960
f 959 955 949
f 884 960 959
f 955 960 954
f 959 957 882
f 955 952 950
f 883 961 881
f 881 961 957
f 885 962 882
f 882 957 961
f 883 882 961
f 884 959 962
f 881 958 891
f 959 882 962
f 948 958 881
f 884 962 885
f 870 956 871
f 945 941 947
f 940 939 867
f 836 835 911
f 854 865 852
f 963 964 822
f 822 821 963
f 964 965 822
f 965 966 967
f 967 968 969
f 968 967 966
f 969 968 970
f 967 969 971
f 965 967 822
f 822 967 972
f 833 832 973
f 972 832 822
f 974 835 833
f 973 832 972
f 972 975 973
f 975 972 971
f 974 976 977
f 976 973 975
f 974 973 976
f 974 978 835
f 979 980 971
f 973 974 833
f 972 967 971
f 835 978 867
f 981 979 969
f 982 981 969
f 971 969 979
f 981 983 984
f 982 985 981
f 980 975 971
f 986 987 983
f 986 983 985
f 983 987 988
f 981 984 979
f 987 989 988
f 985 983 981
f 990 983 988
f 980 991 992
f 991 979 984
f 993 994 976
f 976 975 993
f 977 976 994
f 977 978 974
f 979 991 980
f 975 980 993
f 984 995 991
f 995 984 990
f 991 996 992
f 996 991 995
f 995 997 998
f 999 993 992
f 1000 997 990
f 992 993 980
f 984 983 990
f 1001 992 996
f 1002 1000 988
f 969 970 982
f 978 977 1003
f 867 1004 868
f 1004 978 1003
f 1005 870 868
f 868 1004 1005
f 1004 1006 1005
f 1006 1004 1003
f 1005 1007 1008
f 1007 1005 1006
f 1006 1009 1010
f 1008 1007 1011
f 1012 1009 1003
f 1005 1008 870
f 867 978 1004
f 870 1008 881
f 1013 882 1014
f 1013 884 882
f 882 881 1015
f 1011 1016 1015
f 1015 881 1008
f 1017 1018 1016
f 1018 1013 1014
f 1014 1016 1018
f 1015 1016 1014
f 1014 882 1015
f 1008 1011 1015
f 1010 1019 1007
f 999 1020 994
f 999 994 993
f 1007 1006 1010
f 1021 1012 1020
f 994 1020 1012
f 1006 1003 1009
f 999 1022 1020
f 1022 999 1001
f 1020 1023 1021
f 1023 1020 1022
f 1022 1024 1025
f 1021 1023 1026
f 1027 1024 1001
f 1021 1009 1012
f 999 992 1001
f 1009 1021 1028
f 1029 1011 1019
f 1010 1028 1030
f 1016 1029 1031
f 1016 1011 1029
f 1031 1029 1032
f 1016 1031 1017
f 1030 1033 1019
f 1007 1019 1011
f 1026 1034 1028
f 1026 1028 1021
f 1029 1033 1032
f 1019 1033 1029
f 1035 1030 1034
f 1035 1032 1033
f 1030 1028 1034
f 1019 1010 1030
f 1010 1009 1028
f 1025 1036 1023
f 1003 977 1012
f 1012 977 994
f 998 1027 996
f 989 1037 1002
f 990 988 1000
f 1038 1002 1039
f 1002 1037 1040
f 997 995 990
f 1040 1041 1039
f 1042 1043 1039
f 1042 1039 1041
f 1039 1043 1038
f 1000 1002 1038
f 1041 1044 1042
f 1039 1002 1040
f 1000 1038 1045
f 996 995 998
f 997 1045 1046
f 1022 1001 1024
f 1027 1047 1048
f 1046 1047 998
f 1001 996 1027
f 1038 1049 1045
f 1045 997 1000
f 1046 1050 1051
f 1050 1045 1049
f 1046 1045 1050
f 1047 1027 998
f 1052 1053 1043
f 1046 998 997
f 1043 1049 1038
f 1024 1027 1048
f 1054 1052 1042
f 1023 1022 1025
f 1052 1043 1042
f 1054 1044 1055
f 1053 1049 1043
f 1052 1056 1057
f 1054 1056 1052
f 1053 1058 1049
f 1055 818 820
f 1056 820 831
f 1056 1054 820
f 1052 1057 1053
f 820 1054 1055
f 1057 1056 831
f 1058 1050 1049
f 1053 1057 1059
f 1050 1060 1051
f 1060 1050 1058
f 1061 1058 1059
f 1051 1060 1062
f 1053 1059 1058
f 1051 1047 1046
f 1059 838 841
f 838 1059 1057
f 1061 841 845
f 841 1061 1059
f 1060 1061 1063
f 1061 1060 1058
f 1057 831 838
f 1047 1051 1064
f 1054 1042 1044
f 1063 1061 845
f 1025 1065 1066
f 1065 1024 1048
f 1034 1026 1067
f 1026 1036 1067
f 1024 1065 1025
f 1023 1036 1026
f 1048 1068 1065
f 1068 1048 1064
f 1065 1069 1066
f 1069 1065 1068
f 1070 1069 1071
f 1072 1036 1066
f 1068 1073 1071
f 1066 1036 1025
f 1048 1047 1064
f 1074 1066 1069
f 1072 1075 1067
f 1072 1067 1036
f 1035 1076 1077
f 1035 1034 1076
f 1075 1077 1076
f 1035 1077 1032
f 1067 1075 1076
f 1076 1034 1067
f 1072 1078 1075
f 1078 1072 1074
f 1079 1078 1080
f 1078 1079 1075
f 1081 1080 1078
f 1081 1074 1070
f 1075 1079 1077
f 1072 1066 1074
f 1064 1062 1073
f 1035 1033 1030
f 1063 1082 1062
f 1063 1062 1060
f 1071 1069 1068
f 1083 1073 1082
f 1062 1082 1073
f 1073 1068 1064
f 1082 873 874
f 873 1082 1063
f 1083 874 876
f 874 1083 1082
f 1071 1083 1084
f 1083 1071 1073
f 1063 845 873
f 1084 1083 876
f 1070 1084 1085
f 1084 1070 1071
f 1081 1085 1086
f 1085 1081 1070
f 1086 1085 1087
f 1081 1086 1080
f 1084 879 1085
f 1081 1078 1074
f 886 1087 1085
f 889 1087 886
f 886 1085 879
f 1084 876 879
f 1070 1074 1069
f 1064 1051 1062
f 989 1002 988
f 960 1018 954
f 1018 884 1013
f 884 1018 960
f 1018 1017 954
f 1031 1032 909
f 953 954 1017
f 953 1031 909
f 953 1017 1031
f 1080 1086 1087
f 1080 1087 889
f 1079 1080 888
f 1077 1079 903
f 888 1080 889
f 890 903 1079
f 904 1077 903
f 1032 904 909
f 1032 1077 904
f 1079 888 890
f 1088 109 115
f 283 1089 281
f 115 1089 1088
f 1088 1089 1090
f 1088 56 109
f 1090 1091 1088
f 1089 1092 1090
f 380 1092 283
f 1092 1089 283
f 56 1088 1091
f 1093 372 1094
f 373 372 1093
f 1095 378 1093
f 373 1093 378
f 375 378 1095
f 1096 1093 1094
f 1097 1095 1093
f 1098 1099 203
f 1100 1099 1096
f 1096 1101 1097
f 1101 1098 73
f 203 73 1098
f 1099 1098 1096
f 1096 1094 1100
f 1097 1093 1096
f 1102 376 375
f 1092 376 1102
f 1102 1095 1103
f 376 1092 380
f 1103 1092 1102
f 1090 1092 1103
f 62 1104 1101
f 1103 1097 1104
f 73 62 1101
f 1096 1098 1101
f 1104 1091 1103
f 1090 1103 1091
f 62 56 1104
f 1091 1104 56
f 1097 1101 1104
f 1097 1103 1095
f 375 1095 1102
f 1105 101 100
f 1106 1107 1105
f 101 1105 1107
f 1108 1107 1106
f 1107 102 101
f 1109 106 102
f 1110 106 1109
f 1109 1107 1111
f 1107 1108 1111
f 1112 1110 1109
f 1111 1112 1109
f 1113 1111 1108
f 1110 105 106
f 102 1107 1109
f 1114 1108 1106
f 1115 1108 1114
f 1116 1115 1117
f 497 449 1117
f 1116 1117 449
f 447 1116 449
f 1108 1115 1116
f 1113 1118 1111
f 1108 1116 1113
f 1119 1118 445
f 446 1118 1113
f 447 446 1113
f 445 1118 446
f 1120 1112 1119
f 1116 447 1113
f 1112 1111 1118
f 1120 1121 1110
f 1121 103 105
f 1120 1122 1121
f 103 1121 1122
f 1119 1122 1120
f 1120 1110 1112
f 1122 1123 103
f 1112 1118 1119
f 111 1089 112
f 118 1124 114
f 1123 1124 118
f 114 1125 111
f 1089 115 112
f 103 1123 118
f 430 1123 1122
f 442 1122 1119
f 428 1124 1123
f 442 430 1122
f 445 442 1119
f 428 1123 430
f 1124 428 426
f 426 1125 1124
f 424 1089 1125
f 111 1125 1089
f 423 1089 424
f 425 424 1125
f 1089 423 281
f 426 425 1125
f 1125 114 1124
f 1121 105 1110
f 1126 203 1127
f 1128 1126 1099
f 1127 1099 1126
f 1126 204 203
f 1129 206 204
f 1128 1130 1126
f 1130 1129 1126
f 1130 1131 1129
f 204 1126 1129
f 1100 1128 1099
f 1094 1128 1100
f 314 1132 372
f 1132 1133 1094
f 1133 1134 1128
f 1133 1128 1094
f 314 311 1133
f 1134 1133 311
f 310 1134 311
f 1131 1130 1134
f 1132 314 1133
f 1128 1134 1130
f 206 1129 205
f 1135 200 205
f 307 1135 1131
f 205 1131 1135
f 1135 1136 200
f 1134 310 1131
f 196 207 1137
f 197 1136 1137
f 200 1136 197
f 197 1137 207
f 1138 189 196
f 288 1136 1135
f 307 1131 310
f 1136 288 287
f 288 1135 307
f 279 1138 1137
f 196 1137 1138
f 1137 284 279
f 1138 279 278
f 287 284 1137
f 1137 1136 287
f 205 1129 1131
f 1139 1115 1114
f 1140 1106 100
f 1114 1106 1139
f 1141 497 1115
f 1115 1139 1141
f 100 211 1140
f 1139 1106 1140
f 500 497 1141
f 1142 189 1138
f 189 1142 208
f 1143 1142 1144
f 1145 1142 1138
f 1146 278 515
f 504 1147 1146
f 1145 1147 1144
f 515 504 1146
f 1138 278 1146
f 1146 1145 1138
f 210 208 1142
f 1142 1145 1144
f 211 210 1143
f 1143 1140 211
f 1144 1140 1143
f 1139 1140 1144
f 1147 1145 1146
f 1141 1144 1147
f 500 1141 501
f 1147 501 1141
f 1141 1139 1144
f 504 501 1147
f 1143 210 1142
f 1148 136 149
f 553 1149 551
f 149 1149 1148
f 1148 1149 1150
f 1148 11 136
f 1150 1151 1148
f 1149 1152 1150
f 650 1152 553
f 1152 1149 553
f 11 1148 1151
f 1153 642 1154
f 643 642 1153
f 1155 648 1153
f 643 1153 648
f 645 648 1155
f 1156 1153 1154
f 1157 1155 1153
f 1158 1159 40
f 1160 1159 1156
f 1159 1158 1156
f 1161 1157 1156
f 18 32 1161
f 1161 1158 18
f 40 18 1158
f 1156 1154 1160
f 1157 1153 1156
f 1162 646 645
f 1152 646 1162
f 1162 1155 1163
f 646 1152 650
f 1163 1152 1162
f 1150 1152 1163
f 78 1164 1161
f 1163 1157 1164
f 32 78 1161
f 1156 1158 1161
f 1164 1151 1163
f 1150 1163 1151
f 78 11 1164
f 1151 1164 11
f 1157 1161 1164
f 1157 1163 1155
f 645 1155 1162
f 1165 145 1166
f 1167 1165 1168
f 1166 1168 1165
f 1169 1170 1165
f 1171 1167 1168
f 1165 142 145
f 143 142 1170
f 133 143 1172
f 1170 1173 1172
f 143 1170 1172
f 1169 1173 1170
f 1169 1165 1167
f 1174 1175 1172
f 142 1165 1170
f 1176 1169 1167
f 1177 1167 1171
f 1178 1177 1179
f 767 719 1179
f 1178 1179 719
f 717 1178 719
f 1167 1177 1178
f 1176 1180 1169
f 1167 1178 1176
f 1181 1180 715
f 716 1180 1176
f 717 716 1176
f 715 1180 716
f 1174 1173 1181
f 1178 717 1176
f 1173 1169 1180
f 1175 133 1172
f 1175 131 130
f 1174 1182 1175
f 131 1175 1182
f 1181 1182 1174
f 1172 1173 1174
f 1183 131 1182
f 133 1175 130
f 149 147 1149
f 139 138 1184
f 139 1184 147
f 1185 138 134
f 134 131 1183
f 1149 147 1184
f 712 1182 1181
f 700 1183 1182
f 134 1183 1185
f 1185 1183 698
f 1182 712 700
f 698 1183 700
f 698 696 1185
f 715 712 1181
f 1184 694 1149
f 694 693 1149
f 695 694 1184
f 696 695 1184
f 693 551 1149
f 1185 696 1184
f 1184 138 1185
f 1173 1180 1181
f 1186 40 1187
f 1188 1186 1159
f 1187 1159 1186
f 1186 125 40
f 1189 124 125
f 1188 1190 1186
f 1190 1189 1186
f 1190 1191 1189
f 125 1186 1189
f 1160 1188 1159
f 1154 1188 1160
f 584 1192 642
f 1192 1193 1154
f 1193 1194 1188
f 1193 1188 1154
f 584 581 1193
f 1194 1193 581
f 580 1194 581
f 1191 1190 1194
f 1192 584 1193
f 1188 1194 1190
f 124 1189 123
f 1195 122 123
f 577 1195 1191
f 123 1191 1195
f 1195 1196 122
f 1194 580 1191
f 116 113 1197
f 110 1196 1197
f 122 1196 110
f 110 1197 113
f 1198 120 116
f 558 1196 1195
f 577 1191 580
f 1196 558 557
f 558 1195 577
f 549 1198 1197
f 116 1197 1198
f 1197 554 549
f 1198 549 548
f 557 554 1197
f 1197 1196 557
f 123 1189 1191
f 1199 1177 1171
f 1200 1168 145
f 1171 1168 1199
f 1201 767 1177
f 1177 1199 1201
f 145 128 1200
f 1199 1168 1200
f 770 767 1201
f 1202 120 1198
f 120 1202 126
f 1203 1202 1204
f 1205 1202 1198
f 1206 548 785
f 774 1207 1206
f 1205 1207 1204
f 785 774 1206
f 1198 548 1206
f 1206 1205 1198
f 127 126 1202
f 1202 1205 1204
f 128 127 1203
f 1203 1200 128
f 1204 1200 1203
f 1199 1200 1204
f 1207 1205 1206
f 1201 1204 1207
f 770 1201 771
f 1207 771 1201
f 1201 1199 1204
f 774 771 1207
f 1203 127 1202
f 1208 184 198
f 823 1209 821
f 198 1209 1208
f 1208 1209 1210
f 1208 185 184
f 1210 1211 1208
f 1209 1212 1210
f 920 1212 823
f 1212 1209 823
f 185 1208 1211
f 1213 912 1214
f 913 912 1213
f 1215 918 1213
f 913 1213 918
f 915 918 1215
f 1216 1213 1214
f 1217 1215 1213
f 1218 1219 158
f 1220 1219 1216
f 1219 1218 1216
f 1221 1217 1216
f 264 260 1221
f 1221 1218 264
f 158 264 1218
f 1216 1214 1220
f 1217 1213 1216
f 1222 916 915
f 1212 916 1222
f 1222 1215 1223
f 916 1212 920
f 1223 1212 1222
f 1210 1212 1223
f 257 1224 1221
f 1223 1217 1224
f 260 257 1221
f 1216 1218 1221
f 1224 1211 1223
f 1210 1223 1211
f 257 185 1224
f 1211 1224 185
f 1217 1221 1224
f 1217 1223 1215
f 915 1215 1222
f 1225 193 1226
f 1227 1225 1228
f 1226 1228 1225
f 1229 1230 1225
f 1231 1227 1228
f 1225 190 193
f 191 190 1230
f 181 191 1232
f 1230 1233 1232
f 191 1230 1232
f 1229 1233 1230
f 1229 1225 1227
f 1234 1235 1232
f 190 1225 1230
f 1236 1229 1227
f 1237 1227 1231
f 1238 1237 1239
f 1037 989 1239
f 1238 1239 989
f 987 1238 989
f 1227 1237 1238
f 1236 1240 1229
f 1227 1238 1236
f 1241 1240 985
f 986 1240 1236
f 987 986 1236
f 985 1240 986
f 1234 1233 1241
f 1238 987 1236
f 1233 1229 1240
f 1235 181 1232
f 1235 179 178
f 1234 1242 1235
f 179 1235 1242
f 1241 1242 1234
f 1232 1233 1234
f 1242 1243 179
f 181 1235 178
f 195 1244 199
f 182 1245 188
f 1243 1245 182
f 188 1244 195
f 1209 198 199
f 179 1243 182
f 970 1243 1242
f 982 1242 1241
f 968 1245 1243
f 982 970 1242
f 985 982 1241
f 968 1243 970
f 1245 968 966
f 966 1244 1245
f 964 1209 1244
f 199 1244 1209
f 963 1209 964
f 965 964 1244
f 1209 963 821
f 966 965 1244
f 1244 188 1245
f 1233 1240 1241
f 1246 158 1247
f 1248 1246 1219
f 1247 1219 1246
f 1246 156 158
f 1249 154 156
f 1248 1250 1246
f 1250 1249 1246
f 1250 1251 1249
f 156 1246 1249
f 1220 1248 1219
f 1214 1248 1220
f 854 1252 912
f 1252 1253 1214
f 1253 1254 1248
f 1253 1248 1214
f 854 851 1253
f 1254 1253 851
f 850 1254 851
f 1251 1250 1254
f 1252 854 1253
f 1248 1254 1250
f 154 1249 152
f 1255 153 152
f 847 1255 1251
f 152 1251 1255
f 1255 1256 153
f 1254 850 1251
f 137 148 1257
f 150 1256 1257
f 153 1256 150
f 150 1257 148
f 1258 141 137
f 828 1256 1255
f 847 1251 850
f 1256 828 827
f 828 1255 847
f 819 1258 1257
f 137 1257 1258
f 1257 824 819
f 1258 819 818
f 827 824 1257
f 1257 1256 827
f 152 1249 1251
f 1259 1237 1231
f 1260 1228 193
f 1231 1228 1259
f 1261 1037 1237
f 1237 1259 1261
f 193 162 1260
f 1259 1228 1260
f 1040 1037 1261
f 1262 141 1258
f 141 1262 160
f 1263 1262 1264
f 1265 1262 1258
f 1266 818 1055
f 1044 1267 1266
f 1265 1267 1264
f 1055 1044 1266
f 1258 818 1266
f 1266 1265 1258
f 161 160 1262
f 1262 1265 1264
f 162 161 1263
f 1263 1260 162
f 1264 1260 1263
f 1259 1260 1264
f 1267 1265 1266
f 1261 1264 1267
f 1040 1261 1041
f 1267 1041 1261
f 1261 1259 1264
f 1044 1041 1267
f 1263 161 1262
