v 0.0015577525640329132 0.007876537220276314 0.007831351175344448
v 0.0023065878056324762 0.0078000005612149925 0.007660264855877952
v 0.0030556415578701646 0.007876537220276314 0.007376971595199344
v -2.2667787236060587e-16 0.007960553547356475 0.007919258970657539
v 0.0044361040315044065 0.007876537220276314 0.006639098959596856
v 0.0036449467482904674 0.0078000005612149925 0.007121402125052634
v 0.004864754907882296 0.0078000005612149925 0.0063509185946517
v 0.0030390504849996114 0.007941421885986344 0.007336916795170623
v 0.0015492945453282614 0.007941421885986344 0.00778882969657918
v 0.003014220142481122 0.007984776399306559 0.007276971208979854
v 0.005646089345170691 0.007876537220276314 0.005646089345170691
v 0.005615433005976556 0.007941421885986344 0.005615433005976556
v 0.004412017554988046 0.007941421885986344 0.0066030510223988315
v 0.004375969617790021 0.007984776399306559 0.006549101186920092
v 0.005926338954123922 0.0078000005612149925 0.005373873489040448
v 0.006795170629912695 0.0078000005612149925 0.004222045145299558
v 0.006639098959596856 0.007876537220276314 0.0044361040315044065
v 0.007442991610236982 0.0078000005612149925 0.00293289603812405
v 0.007848732367423672 0.0078000005612149925 0.0015483557721284597
v 0.007831351175344448 0.007876537220276314 0.0015577525640329132
v 0.007999195955655514 0.0078000005612149925 0.00011345580014050522
v 0.007376971595199344 0.007876537220276314 0.0030556415578701646
v 0.0066030510223988315 0.007941421885986344 0.004412017554988046
v 0.007336916795170623 0.007941421885986344 0.0030390504849996114
v 0.007984776399306559 0.007876537220276314 2.824450300905078e-17
v 0.00778882969657918 0.007941421885986344 0.0015492945453282614
v 0.007941421885986344 0.007941421885986344 2.8241848407667996e-17
v 0.007889488118108245 0.0078000005612149925 -0.0013251343402842508
v 0.005569552686109369 0.007984776399306559 0.005569552686109369
v 0.0015366361871067824 0.007984776399306559 0.007725191483259897
v 5.551115386789603e-17 0.00800000037997961 0.0078000005612149925
v 0.002984930895484489 0.00800000037997961 0.007206260546594179
v 0.005515433096594247 0.00800000037997961 0.005515433096594247
v 0.0015217046268348883 0.00800000037997961 0.007650125390064322
v 0.004333448139024754 0.00800000037997961 0.006485463450437989
v 0.006549101186920092 0.007984776399306559 0.004375969617790021
v 0.007276971208979854 0.007984776399306559 0.003014220142481122
v 0.007725191483259897 0.007984776399306559 0.0015366361871067824
v 0.007876537220276314 0.007984776399306559 2.8237875822956686e-17
v 0.006485463450437989 0.00800000037997961 0.004333448139024754
v 0.007206260546594179 0.00800000037997961 0.002984930895484489
v 0.0078000005612149925 0.00800000037997961 4.386513130448263e-17
v 0.007650125390064322 0.00800000037997961 0.0015217046268348883
v 0.007831351175344448 0.007876537220276314 -0.0015577525640329132
v 0.00778882969657918 0.007941421885986344 -0.0015492945453282614
v 0.005646089345170691 0.007876537220276314 -0.005646089345170691
v 0.0062332742790663365 0.00787932862513302 -0.0047814834004786255
v 0.005856982509331865 0.007839664831592597 -0.005304590000337062
v 0.007714019664949723 0.007856907740889374 -0.0019473664493446091
v 0.0075385512117912 0.007913814920563755 -0.0025695985584049674
v 0.007336916795170623 0.007941421885986344 -0.0030390504849996114
v 0.00726220451516324 0.007936235804807401 -0.003152434737211246
v 0.00698585829537246 0.007958656689051047 -0.0037352709160175246
v 0.0066030510223988315 0.007941421885986344 -0.004412017554988046
v 0.005615433005976556 0.007941421885986344 -0.005615433005976556
v 0.005569552686109369 0.007984776399306559 -0.005569552686109369
v 0.006609566048800808 0.007918992418673443 -0.00425837727745737
v 0.007276971208979854 0.007984776399306559 -0.003014220142481122
v 0.0044361040315044065 0.007876537220276314 -0.006639098959596856
v 0.004412017554988046 0.007941421885986344 -0.0066030510223988315
v 0.007725191483259897 0.007984776399306559 -0.0015366361871067824
v 0.005480690262760213 0.0078000005612149925 -0.005827696123358317
v 0.004290361608200177 0.0078000005612149925 -0.006752244316380884
v 0.0029477478473774466 0.0078000005612149925 -0.007437122221377879
v 0.001500503968937042 0.0078000005612149925 -0.007858021155706663
v 0.0015577525640329132 0.007876537220276314 -0.007831351175344448
v 5.551115386789603e-17 0.0078000005612149925 -0.00800000037997961
v 2.873342908415354e-17 0.007876537220276314 -0.007984776399306559
v 0.0030556415578701646 0.007876537220276314 -0.007376971595199344
v 0.0030390504849996114 0.007941421885986344 -0.007336916795170623
v 0.0015492945453282614 0.007941421885986344 -0.00778882969657918
v 0.004375969617790021 0.007984776399306559 -0.006549101186920092
v 0.007650125390064322 0.00800000037997961 -0.0015217046268348883
v 0.006549101186920092 0.007984776399306559 -0.004375969617790021
v 0.007206260546594179 0.00800000037997961 -0.002984930895484489
v 0.006485463450437989 0.00800000037997961 -0.004333448139024754
v 0.005515433096594247 0.00800000037997961 -0.005515433096594247
v 0.003014220142481122 0.007984776399306559 -0.007276971208979854
v 0.0015366361871067824 0.007984776399306559 -0.007725191483259897
v 2.872811988138798e-17 0.007941421885986344 -0.007941421885986344
v 0.004333448139024754 0.00800000037997961 -0.006485463450437989
v 0.002984930895484489 0.00800000037997961 -0.007206260546594179
v 0.0015217046268348883 0.00800000037997961 -0.007650125390064322
v 2.8720174711965357e-17 0.007984776399306559 -0.007876537220276314
v 2.872304784785891e-17 0.00800000037997961 -0.0078000005612149925
v -0.0017677670364790732 1.2202070165396537e-33 0.0017677670364790732
v -0.002309698929818943 0.00800000037997961 0.0009567086554990514
v -0.0017677670364790732 0.00800000037997961 0.0017677670364790732
v -0.0009567086554990514 2.9284287174433144e-33 0.002309698929818943
v -0.0009567086554990514 0.00800000037997961 0.002309698929818943
v 5.58173156352889e-17 0.00800000037997961 0.0025000001187436283
v 5.58173156352889e-17 4.190823758040063e-33 0.0025000001187436283
v -0.002309698929818943 -6.737801813376718e-34 0.0009567086554990514
v -0.0009567086554990514 -4.8152038809775996e-33 -0.002309698929818943
v 5.551115386789603e-17 -4.190823758040063e-33 -0.0025000001187436283
v 5.551115386789603e-17 0.00800000037997961 -0.0025000001187436283
v -0.002309698929818943 0.00800000037997961 -0.0009567086554990514
v -0.0025000001187436283 0.00800000037997961 5.505191291087271e-17
v -0.0025000001187436283 -2.4651904459059195e-33 -2.710459650767939e-17
v -0.002309698929818943 -3.8812978370945384e-33 -0.0009567086554990514
v -0.0017677670364790732 0.00800000037997961 -0.0017677670364790732
v -0.0017677670364790732 -4.7065129661606264e-33 -0.0017677670364790732
v -0.0009567086554990514 0.00800000037997961 -0.002309698929818943
v -0.005092344049093811 0.0078000005612149925 -0.006169930274287638
v -0.003957711646187384 0.0078000005612149925 -0.006952447267784545
v -0.003871849720798737 0.007091693261336851 -0.007000627373374979
v 5.551115386789603e-17 0.0078000005612149925 -0.00800000037997961
v 3.9407094369757836e-16 0.004312014307745471 -0.00800000037997961
v -0.0012949739117582015 0.005307511104906959 -0.007894494908507188
v -0.0027056018207088917 0.0078000005612149925 -0.0075285938977806555
v -0.0013731811698826368 0.0078000005612149925 -0.007881267445110363
v -0.002593992356484387 0.006246734915844598 -0.007567774178419695
v 0.0016699668962213282 0.0029081715534597097 -0.007823759927425289
v 0.002685792812123361 0.0016624807909005473 -0.007535683512985558
v 0.005087067845687687 0.0069989479528240195 -0.006174280936725729
v 0.005132967715879289 0.006586912944850087 -0.006136175447092329
v 0.005228381882093347 0.0074496382437008735 -0.00605508260876797
v 0.0024062682341036146 0.0021253419931907547 -0.007629539852129774
v 0.0017814981591481732 -1.0408341350230506e-17 -0.0077991198429419595
v 0.0024481176108624714 0.00041058029694444886 -0.007616214637110874
v 0.0035174583675250115 -8.576325940783485e-33 -0.007185227258546811
v 0.002675890811225795 0.0007367998115502192 -0.007539204955566148
v 0.00278241671426524 0.001126430684186483 -0.007500543950617056
v 0.005067080261577928 -5.3811173571564686e-33 -0.006190695103002186
v 0.005315023197854096 0.0062444680318868295 -0.005979174897948192
v 0.005788661278059437 0.0057328317504137805 -0.005521902823464042
v 0.006348271671460792 -1.900841975960295e-33 -0.004868208639583205
v 0.007293161261781311 1.680131146166701e-33 -0.003287826932667909
v 0.006674627144267753 0.0048598539753375025 -0.004410142631192937
v 0.007343546739333184 0.00397760743913983 -0.0031736935692451562
v 0.007782669913876938 0.0030629943871988974 -0.0018520401403811226
v 0.00785169304947958 5.1720986530083356e-33 -0.001533271623958693
v 0.007985864064916082 0.0021515427657670116 -0.00047537674777602124
v 0.007994278810646571 8.390072707670611e-33 0.00030250929242742544
v 0.007945646186571509 0.0012940226215824024 0.0009309732760113057
v 0.007638021831902764 0.0005375448124620916 0.002379207247253101
v 0.0077133649675004134 1.1163579725876488e-32 0.0021222647244441284
v 0.007023833131618307 -1.0408341350230506e-17 0.003829592171413071
v -0.003919462151725367 0.007220383510216644 0.006974082324354147
v -0.00409785337838392 0.0078000005612149925 0.006870778886982898
v -0.004900202030232448 0.0065423744448098176 0.006323608698792782
v -0.0027971440690144345 0.0078000005612149925 0.007495064614571889
v -0.005265281450496373 0.0078000005612149925 0.00602302389142495
v -0.00645544273520593 0.004982403038165106 0.00472517322095467
v -0.0062614582174777556 0.0078000005612149925 0.004979371784206432
v -0.00747349297734734 0.003271530545175122 0.002854278700024082
v -0.007053983546563558 0.0078000005612149925 0.0037737676505578133
v -0.00761708009659412 0.0078000005612149925 0.002445423242372069
v -0.00777007902811655 0.0023331695711162337 0.0019041738222472931
v -0.00793243398196447 0.0078000005612149925 0.0010375420347923797
v -0.007981318852908204 -6.954232432936799e-33 0.0005464052817473822
v -0.007989788434914491 0.0078000005612149925 -0.00040408470165759214
v -0.00788687028198537 0.001126430684186483 0.0013406284492202547
v -0.00785756625303613 0.0017854240788674203 0.001502883505678787
v -0.007819894208400124 0.00041058029694444886 0.0016879752484026678
v -0.007867088691537738 0.0007367998115502192 0.0014522132371206503
v -0.007644985085254741 -1.0408341350230506e-17 0.0023567372487798277
v -0.007880567448128872 0.006586912944850087 -0.0013771925626665515
v -0.007858046428077248 0.0074496382437008735 -0.0015003703353171083
v -0.007890618222226864 0.0069989479528240195 -0.0013183893591518087
v -0.007835628881693868 0.0062444680318868295 -0.001613357739784979
v -0.007894839184951763 -9.95219305512706e-33 -0.0012928727287207786
v -0.006493922065189117 -1.423556301760533e-32 -0.004672149403281145
v -0.007156608921463636 0.0048598539753375025 -0.0035753254204444473
v -0.006420272655257853 0.00397760743913983 -0.004772851216993668
v -0.00767643869621526 0.0057328317504137805 -0.0022521763917626725
v -0.007390128009856223 -1.2422932586948813e-32 -0.0030636602903219567
v -0.005495249055565976 0.0030629943871988974 -0.005813969888270321
v -0.007787278068392689 0.0078000005612149925 -0.001832568732519635
v -0.004404620379801494 0.0021515427657670116 -0.006678272564515364
v -0.005253698598536305 -1.5294060183847547e-32 -0.0060331299786359205
v -0.003735158620861434 -1.554234867665859e-32 -0.007074503280967148
v -0.0031665765359023545 0.0012940226215824024 -0.00734661804761505
v -0.0017585570455402183 0.0005375448124620916 -0.0078043245207709555
v -0.002018747425597267 -1.4967276500379482e-32 -0.0077411021094733745
v -0.0001953922602953434 -1.0408341350230506e-17 -0.007997613809889448
v 0.0009567086554990514 0.00800000037997961 -0.002309698929818943
v 0.0009567086554990514 -2.9284287174433144e-33 -0.002309698929818943
v 0.0017677670364790732 -1.2202070165396537e-33 -0.0017677670364790732
v 0.0017677670364790732 0.00800000037997961 -0.0017677670364790732
v 0.002309698929818943 6.737801813376718e-34 -0.0009567086554990514
v 0.002309698929818943 0.00800000037997961 -0.0009567086554990514
v 0.0025000001187436283 2.4651904459059195e-33 2.790865781764445e-17
v 0.0025000001187436283 0.00800000037997961 5.566423305752649e-17
v 0.002309698929818943 3.8812978370945384e-33 0.0009567086554990514
v 0.002309698929818943 0.00800000037997961 0.0009567086554990514
v 0.0017677670364790732 4.7065129661606264e-33 0.0017677670364790732
v 0.0009567086554990514 0.00800000037997961 0.002309698929818943
v 0.0017677670364790732 0.00800000037997961 0.0017677670364790732
v 0.0009567086554990514 4.8152038809775996e-33 0.002309698929818943
v 0.007999463461313971 0.007220383510216644 -9.268738024593905e-05
v 0.007926506895806484 0.0065423744448098176 0.0010818950451692982
v 0.007319841732561505 0.004982403038165106 0.003227990780610146
v 0.00620862465783939 0.003271530545175122 0.005045095683354761
v 0.005534102225898951 0.0023331695711162337 0.005776998794290167
v 0.004463860246964602 1.5530558373720284e-32 0.0066388219171947815
v 0.005104453329301539 0.001126430684186483 0.006159915739815391
v 0.005230318317884786 0.0017854240788674203 0.006053410340774723
v 0.005371776359119063 0.00041058029694444886 0.005928239627126797
v 0.0051911976418933525 0.0007367998115502192 0.006086992076073383
v 0.005863487045315863 0.0 0.005442382594162132
v 0.002747599970668174 0.006586912944850087 0.007513368009758881
v 0.0026296645459839008 0.0074496382437008735 0.007555453182503669
v 0.0028035503765391767 0.0069989479528240195 0.007492670415086833
v 0.0025206056838397717 0.0062444680318868295 0.007592532518523876
v 0.0028277589233738354 1.533331003612532e-32 0.007483567593304374
v -0.0007992389581736037 1.2555432059517735e-32 0.007959976097530463
v 0.00048198186660285483 0.0048598539753375025 0.007985467813218794
v -0.0009232740244706841 0.00397760743913983 0.007946544547820233
v 0.0018877772989465275 0.0057328317504137805 0.007774078738389534
v 0.0010418563383954305 1.4323775127146423e-32 0.007931868929905161
v -0.0022874210967295527 0.0030629943871988974 0.007666010267070034
v -0.003581243685114588 0.0021515427657670116 0.00715364919308209
v -0.002597994450943275 1.0121961530839211e-32 0.007566401364176023
v -0.004259120189785137 7.152275968987978e-33 0.006771993958737399
v -0.004779069650669154 0.0012940226215824024 0.006415644950417687
v -0.005879464905571841 0.0005375448124620916 0.005425117273517854
v -0.005694617541903146 3.803696398344784e-33 0.0056188376234478365
v -0.006828440513695078 -1.0408341350230506e-17 0.004168021400057786
v -0.0009567086554990514 0.00800000037997961 -0.002309698929818943
v -0.002984930895484489 0.00800000037997961 -0.007206260546594179
v -0.004333448139024754 0.00800000037997961 -0.006485463450437989
v -0.005515433096594247 0.00800000037997961 -0.005515433096594247
v -0.0017677670364790732 0.00800000037997961 -0.0017677670364790732
v -0.0015217046268348883 0.00800000037997961 -0.007650125390064322
v 5.551115386789603e-17 0.00800000037997961 -0.0025000001187436283
v 2.872304784785891e-17 0.00800000037997961 -0.0078000005612149925
v -0.006485463450437989 0.00800000037997961 -0.004333448139024754
v -0.002309698929818943 0.00800000037997961 -0.0009567086554990514
v -0.007206260546594179 0.00800000037997961 -0.002984930895484489
v -0.007650125390064322 0.00800000037997961 -0.0015217046268348883
v -0.0025000001187436283 0.00800000037997961 5.505191291087271e-17
v -0.0078000005612149925 0.00800000037997961 6.793390229270233e-17
v 0.004333448139024754 0.00800000037997961 -0.006485463450437989
v 0.0017677670364790732 0.00800000037997961 -0.0017677670364790732
v 0.005515433096594247 0.00800000037997961 -0.005515433096594247
v 0.002984930895484489 0.00800000037997961 -0.007206260546594179
v 0.0009567086554990514 0.00800000037997961 -0.002309698929818943
v 0.006485463450437989 0.00800000037997961 -0.004333448139024754
v 0.002309698929818943 0.00800000037997961 -0.0009567086554990514
v 0.007206260546594179 0.00800000037997961 -0.002984930895484489
v 0.0015217046268348883 0.00800000037997961 -0.007650125390064322
v 0.0078000005612149925 0.00800000037997961 4.386513130448263e-17
v 0.007650125390064322 0.00800000037997961 -0.0015217046268348883
v 0.0025000001187436283 0.00800000037997961 5.566423305752649e-17
v -0.007650125390064322 0.00800000037997961 0.0015217046268348883
v -0.002309698929818943 0.00800000037997961 0.0009567086554990514
v -0.007206260546594179 0.00800000037997961 0.002984930895484489
v -0.006485463450437989 0.00800000037997961 0.004333448139024754
v -0.0017677670364790732 0.00800000037997961 0.0017677670364790732
v -0.004333448139024754 0.00800000037997961 0.006485463450437989
v -0.0009567086554990514 0.00800000037997961 0.002309698929818943
v -0.005515433096594247 0.00800000037997961 0.005515433096594247
v -0.002984930895484489 0.00800000037997961 0.007206260546594179
v -0.0015217046268348883 0.00800000037997961 0.007650125390064322
v 5.58173156352889e-17 0.00800000037997961 0.0025000001187436283
v 5.551115386789603e-17 0.00800000037997961 0.0078000005612149925
v 0.004333448139024754 0.00800000037997961 0.006485463450437989
v 0.0017677670364790732 0.00800000037997961 0.0017677670364790732
v 0.0009567086554990514 0.00800000037997961 0.002309698929818943
v 0.006485463450437989 0.00800000037997961 0.004333448139024754
v 0.002309698929818943 0.00800000037997961 0.0009567086554990514
v 0.007650125390064322 0.00800000037997961 0.0015217046268348883
v 0.007206260546594179 0.00800000037997961 0.002984930895484489
v 0.0015217046268348883 0.00800000037997961 0.007650125390064322
v 0.002984930895484489 0.00800000037997961 0.007206260546594179
v 0.005515433096594247 0.00800000037997961 0.005515433096594247
v -0.006493922065189117 -1.423556301760533e-32 -0.004672149403281145
v -0.005253698598536305 -1.5294060183847547e-32 -0.0060331299786359205
v -0.0017677670364790732 -4.7065129661606264e-33 -0.0017677670364790732
v -0.003735158620861434 -1.554234867665859e-32 -0.007074503280967148
v -0.002018747425597267 -1.4967276500379482e-32 -0.0077411021094733745
v -0.0009567086554990514 -4.8152038809775996e-33 -0.002309698929818943
v -0.002309698929818943 -3.8812978370945384e-33 -0.0009567086554990514
v -0.007390128009856223 -1.2422932586948813e-32 -0.0030636602903219567
v -0.0025000001187436283 -2.4651904459059195e-33 -2.710459650767939e-17
v -0.007894839184951763 -9.95219305512706e-33 -0.0012928727287207786
v -0.007981318852908204 -6.954232432936799e-33 0.0005464052817473822
v 5.551115386789603e-17 -4.190823758040063e-33 -0.0025000001187436283
v 0.0009567086554990514 -2.9284287174433144e-33 -0.002309698929818943
v 0.0017814981591481732 -1.0408341350230506e-17 -0.0077991198429419595
v 0.0035174583675250115 -8.576325940783485e-33 -0.007185227258546811
v 0.005067080261577928 -5.3811173571564686e-33 -0.006190695103002186
v 0.0017677670364790732 -1.2202070165396537e-33 -0.0017677670364790732
v 0.006348271671460792 -1.900841975960295e-33 -0.004868208639583205
v -0.0001953922602953434 -1.0408341350230506e-17 -0.007997613809889448
v 0.002309698929818943 6.737801813376718e-34 -0.0009567086554990514
v 0.00785169304947958 5.1720986530083356e-33 -0.001533271623958693
v 0.007293161261781311 1.680131146166701e-33 -0.003287826932667909
v 0.0025000001187436283 2.4651904459059195e-33 2.790865781764445e-17
v -0.002309698929818943 -6.737801813376718e-34 0.0009567086554990514
v -0.007644985085254741 -1.0408341350230506e-17 0.0023567372487798277
v -0.0017677670364790732 1.2202070165396537e-33 0.0017677670364790732
v -0.006828440513695078 -1.0408341350230506e-17 0.004168021400057786
v -0.0009567086554990514 2.9284287174433144e-33 0.002309698929818943
v -0.004259120189785137 7.152275968987978e-33 0.006771993958737399
v -0.005694617541903146 3.803696398344784e-33 0.0056188376234478365
v -0.002597994450943275 1.0121961530839211e-32 0.007566401364176023
v 5.58173156352889e-17 4.190823758040063e-33 0.0025000001187436283
v -0.0007992389581736037 1.2555432059517735e-32 0.007959976097530463
v 0.0010418563383954305 1.4323775127146423e-32 0.007931868929905161
v 0.007023833131618307 -1.0408341350230506e-17 0.003829592171413071
v 0.002309698929818943 3.8812978370945384e-33 0.0009567086554990514
v 0.0077133649675004134 1.1163579725876488e-32 0.0021222647244441284
v 0.007994278810646571 8.390072707670611e-33 0.00030250929242742544
v 0.0017677670364790732 4.7065129661606264e-33 0.0017677670364790732
v 0.0028277589233738354 1.533331003612532e-32 0.007483567593304374
v 0.0009567086554990514 4.8152038809775996e-33 0.002309698929818943
v 0.004463860246964602 1.5530558373720284e-32 0.0066388219171947815
v 0.005863487045315863 0.0 0.005442382594162132
v -0.0015577525640329132 0.007876537220276314 -0.007831351175344448
v -0.0030556415578701646 0.007876537220276314 -0.007376971595199344
v -0.0015492945453282614 0.007941421885986344 -0.00778882969657918
v -0.0030390504849996114 0.007941421885986344 -0.007336916795170623
v -0.004412017554988046 0.007941421885986344 -0.0066030510223988315
v -0.0044361040315044065 0.007876537220276314 -0.006639098959596856
v -0.003014220142481122 0.007984776399306559 -0.007276971208979854
v -0.005543478752223219 0.007856907740889374 -0.005706854137638162
v -0.005769046103787923 0.007885361092307974 -0.0054753158308948335
v -0.005646089345170691 0.007876537220276314 -0.005646089345170691
v -0.005615433005976556 0.007941421885986344 -0.005615433005976556
v -0.005569552686109369 0.007984776399306559 -0.005569552686109369
v -0.007257523404558819 0.00787932862513302 -0.0030074318883745177
v -0.007389962070517286 0.007859496489944218 -0.0027137161590154446
v -0.007831351175344448 0.007876537220276314 -0.0015577525640329132
v -0.00778882969657918 0.007941421885986344 -0.0015492945453282614
v -0.004375969617790021 0.007984776399306559 -0.006549101186920092
v -0.0015366361871067824 0.007984776399306559 -0.007725191483259897
v -0.0015217046268348883 0.00800000037997961 -0.007650125390064322
v -0.002984930895484489 0.00800000037997961 -0.007206260546594179
v -0.004333448139024754 0.00800000037997961 -0.006485463450437989
v -0.0015366361871067824 0.007984776399306559 0.007725191483259897
v -0.006361191098038788 0.007936235804807401 -0.004713036284190453
v -0.007276971208979854 0.007984776399306559 -0.003014220142481122
v -0.006727768740724949 0.007958656689051047 -0.0041822950442294005
v -0.007336916795170623 0.007941421885986344 -0.0030390504849996114
v -0.006549101186920092 0.007984776399306559 -0.004375969617790021
v -0.007725191483259897 0.007984776399306559 -0.0015366361871067824
v -0.005515433096594247 0.00800000037997961 -0.005515433096594247
v -0.006485463450437989 0.00800000037997961 -0.004333448139024754
v -0.007206260546594179 0.00800000037997961 -0.002984930895484489
v -0.007650125390064322 0.00800000037997961 -0.0015217046268348883
v -0.007941421885986344 0.007941421885986344 1.2189962584020405e-17
v -0.007876537220276314 0.007984776399306559 1.2317140351926522e-17
v -0.007984776399306559 0.007876537220276314 1.2104985693616827e-17
v -0.007831351175344448 0.007876537220276314 0.0015577525640329132
v -0.007376971595199344 0.007876537220276314 0.0030556415578701646
v -0.00778882969657918 0.007941421885986344 0.0015492945453282614
v -0.007336916795170623 0.007941421885986344 0.0030390504849996114
v -0.0066030510223988315 0.007941421885986344 0.004412017554988046
v -0.006639098959596856 0.007876537220276314 0.0044361040315044065
v -0.007276971208979854 0.007984776399306559 0.003014220142481122
v -0.007725191483259897 0.007984776399306559 0.0015366361871067824
v -0.005646089345170691 0.007876537220276314 0.005646089345170691
v -0.0044361040315044065 0.007876537220276314 0.006639098959596856
v -0.0030556415578701646 0.007876537220276314 0.007376971595199344
v -0.005615433005976556 0.007941421885986344 0.005615433005976556
v -0.004412017554988046 0.007941421885986344 0.0066030510223988315
v -0.0021067489194163957 0.007860586062902464 0.007663571721727158
v -0.0014163538890276522 0.007921171564589935 0.007832078828882427
v -0.0030390504849996114 0.007941421885986344 0.007336916795170623
v -0.006549101186920092 0.007984776399306559 0.004375969617790021
v -0.0078000005612149925 0.00800000037997961 6.793390229270233e-17
v -0.006485463450437989 0.00800000037997961 0.004333448139024754
v -0.005569552686109369 0.007984776399306559 0.005569552686109369
v -0.007206260546594179 0.00800000037997961 0.002984930895484489
v -0.007650125390064322 0.00800000037997961 0.0015217046268348883
v -0.004375969617790021 0.007984776399306559 0.006549101186920092
v -0.003014220142481122 0.007984776399306559 0.007276971208979854
v -0.0015492945453282614 0.007941421885986344 0.00778882969657918
v -0.004333448139024754 0.00800000037997961 0.006485463450437989
v -0.005515433096594247 0.00800000037997961 0.005515433096594247
v -0.002984930895484489 0.00800000037997961 0.007206260546594179
v -0.0015217046268348883 0.00800000037997961 0.007650125390064322
v -0.0059946134553526265 0.007913814920563755 -0.005243777524151505
v -0.006992646072641884 0.007918992418673443 -0.0035948635855112543
v -0.007522400736475754 0.007839664831592597 -0.002420000191237781
v -0.01488131689182215 -0.0022105940438250926 0.00956050822845278
v -0.007982673547339003 0.0013281129037344408 0.0017411944501110471
v -0.008004447363528233 0.0011593709542676023 0.00175309070330823
v 0.0023629640271059793 0.007195699079875495 0.007991865537674281
v -0.0006980278823519315 0.010233104238182578 0.017289992200014703
v 0.002505988478479354 0.0069462283572718775 0.007807027233912023
v -0.014352159228138706 -0.0009102450445503882 0.00983986710555218
v -0.007969119927310475 0.0014899211637545151 0.0017910616056473344
v -0.01598441390619154 -0.0015380231872565847 0.011876412002087555
v -0.007845061197968295 0.0022559555648395124 0.0024288788995452393
v -0.007939541240145065 0.0017733968146547985 0.001972368453248205
v -0.014420482366759857 0.0006124037199025864 0.012778569828446051
v -0.012897688524594608 0.001155407364411068 0.010677811176114105
v -0.016556711983300998 -0.002839228526503451 0.011569634033414822
v -0.0027588883756690663 0.011492992947010894 0.02252096092381417
v -0.0035728379992905346 0.011576709343504299 0.024298384866879852
v -0.002506656527369727 0.011342403950600488 0.02199427327672754
v -0.0038958959045733155 0.011675134259678255 0.024906525841199567
v -0.004747988926384061 0.011603077485931035 0.026568980525264463
v -0.01815278520974517 -0.003258228933596674 0.013654715232914727
v -0.017545628427366733 -0.0019730586750674878 0.013984262176973128
v -0.01965137575028475 -0.003434815093107113 0.015830828464936664
v -0.02041944410036467 -0.0021879120912249306 0.018441517752145753
v -0.019021281192158623 -0.0021805742822673946 0.016175564580553914
v -0.018686469011949258 -3.721061153126983e-05 0.01944345185124874
v -0.017316004621904524 9.421090111579348e-06 0.017161070685102198
v -0.015895731727296747 0.00021883001472831724 0.014937071556030412
v -0.021062005089746982 -0.003399714869806031 0.018088177586437215
v -0.0017480094070997793 0.011065579939954495 0.020097210884986172
v -0.007530027270346296 0.003115457444347741 0.003415188474743258
v -0.012146016697815454 0.003226756249148921 0.014092284871923266
v -0.010768516098330072 0.0036115807818161427 0.011908388703435469
v -0.006480063269364844 0.0047114455553551315 0.005297703517771202
v -0.004914063687079806 0.00616597300252375 0.0069049018324818245
v -0.009462605925829037 0.005902081293059636 0.015643093852137913
v -0.008236273203091615 0.0060645645161092054 0.013373976389013942
v -0.002833167210679055 0.007338328233225944 0.008096147921777819
v -0.013508512184893795 0.0029280897577596554 0.01631516915566622
v -0.014857588520028608 0.00274553168939623 0.018579813886033802
v -0.016194409185941172 0.002666504986576501 0.020881394424430155
v -0.010709343465209464 0.00574896172173045 0.017930800335920205
v -0.011986507031425675 0.005624882488389493 0.020235608108356562
v -0.00783889950791733 0.00831259290123565 0.019587653136784455
v -0.006692731698350329 0.008283516323621676 0.017243590220271665
v -0.013291001951173942 0.005528098368954848 0.022555110095358044
v -0.009054653597797557 0.008273456012780067 0.021926749317221494
v -0.01883575147448413 0.0027498973722055176 0.025572671197546804
v -0.005600058821591536 0.008181657226071226 0.014899036161462598
v -0.021304223118829846 0.00024744240624789346 0.024148293688486255
v -0.00792258538683116 0.011079514076053343 0.03187011488655189
v -0.01024732638393866 0.010289016258660522 0.035393262636900236
v -0.007367007128631087 0.011163972431200153 0.031025037331764427
v -0.017286599026635763 0.00806317749174501 0.04531446672141337
v -0.02237095748346185 0.006950826975044011 0.05252475988004601
v -0.016328575909843046 0.008281886494137525 0.043988931837897205
v -0.010956759973237973 0.010101680281744962 0.036394773304586625
v -0.02366760938525947 -0.0028405920424220965 0.022798285613500058
v -0.023025595804960775 -0.001738944732291789 0.023152890351412214
v -0.026066046999179138 -0.0018731370861921337 0.027688454989447386
v -0.02544866682764324 -0.0008999375532351556 0.028029412647243568
v -0.030077447412488745 0.0008755674182008358 0.03792904080299753
v -0.030619739079481567 0.00014196189422165627 0.03763032710472736
v -0.03515899825199398 0.001398367590565927 0.047486177792581685
v -0.034689088561705717 0.0019658199290342737 0.047746057870843295
v -0.029788045390686246 0.006081705382249281 0.06298881829942538
v -0.040538789767285976 0.0052000706281546405 0.07783639896070227
v -0.028372264302322092 0.006185234363607073 0.06101448348885263
v -0.048423368846617354 0.0032010377973810955 0.07701600249839569
v -0.039670267081990396 0.002109673361846559 0.05729041562398063
v -0.0484246925466314 0.003173639209806539 0.07701523955890632
v -0.04841292039031053 0.003231975947349114 0.07702203734975654
v -0.04836594620595047 0.003303626455818248 0.07704915984860339
v -0.03927271838757074 0.0025649191167306795 0.05751254545630857
v -0.023551827595702512 0.006795329893531099 0.05417713804080515
v -0.023801495728899003 0.0008519585537257457 0.028981473391926915
v -0.028640643526495202 0.0021553631852599953 0.038757917337728376
v -0.021441481655012362 0.003039968396572751 0.030343637000327384
v -0.015963791651794068 0.005399945992415056 0.02722815642937637
v -0.01869132512179905 0.00533156420282066 0.03192986258531261
v -0.015883614340856944 0.007416455144285405 0.03354944388477277
v -0.013039917611550322 0.007849130526469683 0.028913917007492573
v -0.026581315349458734 0.003698242124738488 0.03994679068521245
v -0.01033306170905579 0.008176102072914304 0.024260657509130867
v -0.024168040469819685 0.005244957696174113 0.04134060865302658
v -0.03344416967933306 0.00292528166360162 0.04846272126547868
v -0.038210817244603845 0.0033141502523996447 0.0581229123065885
v -0.0481764739984647 0.0034801477654720914 0.07715855011258821
v -0.03166001088792503 0.004045664025776885 0.0494916138314383
v -0.036689500644024875 0.004172690112895505 0.058998747766889625
v -0.02956450412030298 0.005122838740483637 0.050701696896726656
v -0.04748301159370083 0.003919455476004835 0.07755892549781596
v -0.0453589041319713 0.004781863916548945 0.07878527443301753
v -0.0349047028907945 0.004978405712078027 0.060028140058214774
v -0.005146404033961327 0.011642204837643 0.02725702796700258
v -0.0016138120464090355 0.007709940322867537 0.008349345603786973
v -0.003230824385557357 0.009739770398222158 0.016267571268273606
v -0.0042206184484544496 0.010098379614779107 0.01867115109435158
v -0.0015125030997559935 0.010528950237647106 0.017258086070569556
v 0.0015959422154287334 0.007687386877887614 0.008323591627649174
v 0.0009644059996909496 0.007826543702887101 0.00834609071319048
v -0.0003329886058181693 0.007871593372385244 0.008362258354644436
v -0.001017061758665505 0.010569898153715562 0.017542988656733538
v -0.002436098929719105 0.0110859399339025 0.01970077989691843
v -0.006461221525000671 0.010363841549079766 0.02342370335255639
v -0.005290903819572257 0.010310316575529166 0.021058648155993787
v -0.007721628555844573 0.010279590141269446 0.0257678330262745
v -0.003458764002096798 0.011444794244770407 0.022116633512031525
v -0.005852537433131966 0.011519826482526141 0.026847997033268012
v -0.004601569394283023 0.011580068184606218 0.024498133869287342
v -0.002937395950599747 0.011594214036413364 0.022417792431365102
v -0.0019252608736868015 0.01118749099463412 0.01999522685609434
v -0.010459882279349464 0.00979465054304074 0.03040288115902512
v -0.0008806881726860019 0.010490515253521737 0.017621168973557255
v 0.0021527660915544866 0.007399560802967831 0.008168258101289294
v -0.0027969986336742747 0.011547808241972879 0.02249892341666393
v -0.0017863168372792698 0.011125745348085636 0.020075209617461676
v -0.004074577525075007 0.011760041795449427 0.024802956805518583
v -0.0008424324197359861 0.01042492153092378 0.017642987135604304
v -0.003933677621760917 0.011725199302644596 0.02488457988678805
v -0.005324311032462725 0.011714862426238093 0.027153748848327552
v -0.0051837489682912685 0.011688121397135931 0.02723528228420702
v -0.008096566584822606 0.011137568049147673 0.03176910932755517
v -0.00795878209722961 0.011118695787203925 0.0318490348684608
v -0.008616404942643485 0.010948755784320197 0.031468215529694143
v -0.02168414981839395 0.00656601984693389 0.04277528965989097
v -0.013400001208670465 0.009049277735420636 0.03498291563254652
v -0.027400300373709996 0.005982838914845856 0.051952215754951236
v -0.019471493692180264 0.007536314368575825 0.04405308741955771
v -0.01162525709056117 0.010003510950299943 0.03600808886849549
v -0.017887257471913554 0.008055772210326384 0.044967756499867395
v -0.02408014221125021 0.006836970654023333 0.053871283228914546
v -0.011124430231140847 0.01015450907301152 0.036297662551683096
v -0.02546636511644773 0.006565475775710539 0.053069918292170115
v -0.03306368794129044 0.005594828394554774 0.06109149841560635
v -0.031419406475862166 0.005986927793671659 0.06204244526863523
v -0.04278992665399439 0.005183709867642439 0.07921891397998149
v -0.04412048549404801 0.0050382854947378375 0.07923223490346576
v -0.030239959245769166 0.00614380150412569 0.062725730060611
v -0.01743817412233617 0.008115723995400503 0.04522699189426049
v -0.010991528079442592 0.010135818962870857 0.036374601184487876
v -0.023685887508075876 0.0068465469751263774 0.054099394506839094
v -0.017318070280571973 0.008090445902769194 0.04529630876156654
v -0.029903487672170437 0.006131514840486685 0.06292126382233976
v -0.0415421772661162 0.0052359187705738885 0.07873595802442512
v -0.02357978169859276 0.006818265761930065 0.05416089505907662
v -0.02981234692077117 0.006102369121481488 0.06297450555460493
v 0.002492446540961757 0.006744354091549332 0.007775535475977036
v 0.002516896128991336 0.006846753922462867 0.007775267970318578
v 0.0023781751331751477 0.006576777770571085 0.007825280561195025
v -0.0013520734952350566 0.009116073087714338 0.017322123396609213
v 0.0020728620083219906 0.006319140257571021 0.007944984336564487
v -0.0028638500143367274 0.0071553739131652305 0.016448450869760434
v 0.0013882022563352359 0.005890896123308398 0.008137283711695531
v -4.7691008478627835e-05 0.005076391938045599 0.008320173658736829
v -0.003877074187370738 0.007599326971513831 0.018842814386806905
v -0.002290393699714982 0.009712184413635527 0.019759257301429356
v -0.003328214088211684 0.01012399530813446 0.022169194320802443
v -0.004484762404787235 0.010320192827218966 0.024544886801195487
v -0.004974170921074883 0.007917660135590143 0.021219014221960375
v -0.007457517024440086 0.008124864010483068 0.025902861871799354
v -0.006171126181937214 0.008087076571249296 0.02357173077963126
v -0.0057480471480175765 0.010326568140326953 0.026889132823185724
v -0.007352680078695217 0.005203077563417091 0.01984576701012819
v -0.006170436198536522 0.005022853613053935 0.01751880347492074
v -0.005047658683201839 0.004792978037560236 0.015187794453070946
v -0.0014692052108510045 0.004234579287435425 0.008253202830360573
v -0.008864495698445718 0.002353981606711686 0.01596387652881226
v -0.007607048395983362 0.002358396880587782 0.013711280520330438
v -0.0028496564788114964 0.003362899463165425 0.007952383895936943
v -0.005373856322901938 0.0016852391566589409 0.006679924328509834
v -0.004159599501769584 0.0024976309532105667 0.007426469678757652
v -0.010223877438733098 0.00016931704490926944 0.012202531440489994
v -0.006489606211865229 0.000969497488294141 0.005685658248112124
v -0.01162666280657032 -5.3747943361424824e-05 0.014370036807723197
v -0.011467270442127031 0.0024359093869397164 0.020513445874849046
v -0.010149637704371939 0.002379791611218235 0.01823080530927612
v -0.00992118977939771 0.005385477321836474 0.024480477542154766
v -0.008605538776966237 0.0053218219423786794 0.022166201690655418
v -0.013021196983830086 -0.00017457535201994938 0.016572645974536337
v -0.014404971806941114 -0.00018305330847922553 0.01881631177629517
v -0.017017229888475205 -0.002231747733260625 0.01730710111806366
v -0.015573701644557292 -0.0021595824790547613 0.015098706008898066
v -0.012813176763683543 0.002517412782076789 0.02281007302861071
v -0.014077688885817397 -0.0019084703636653572 0.012955777783640321
v -0.01577805784780617 -9.41157981752469e-05 0.02109681229660043
v -0.012538953423021915 -0.001496966671520189 0.010867849866170731
v -0.010244903097385571 0.007893157380214899 0.03051120140037611
v -0.008532662796942314 0.009898979657188 0.03149895817641801
v -0.011557732177380764 0.00909948487586687 0.03603001956411722
v -0.013228924425947586 0.007397755974238307 0.03506573271411684
v -0.017841566933244346 0.007396815174480487 0.04497892211929422
v -0.019365672077656937 0.006302573503396691 0.04409855861312373
v -0.021516064712143734 0.004921515698542156 0.042856588491877456
v -0.015612186219749469 0.005258431684393439 0.033690000226898054
v -0.025392077698368487 0.005595954207138765 0.05310199608300037
v -0.012700964577262441 0.00538136555482599 0.029093354653344505
v -0.03020419645720529 0.00571362760979216 0.06274188530429825
v -0.040495000855294006 0.005195551642191709 0.07777865207075241
v -0.040538789767285976 0.0052000706281546405 0.07783639896070227
v -0.02404451102974825 0.00632817060010199 0.053881544765046474
v -0.03134960132728293 0.005164793736678053 0.06207840260676889
v -0.0414989567440438 0.004889882319964456 0.07870908729560977
v -0.042748335007731786 0.004507021641226572 0.07921070475107594
v -0.02728444038285538 0.004672737343525135 0.052007212248041945
v -0.015568849349404945 0.0027346118795361363 0.027436950079430256
v -0.018374731936595667 0.0029874595630545453 0.032094773863287074
v -0.018493609353130713 0.0003048793222278773 0.025746794969855324
v -0.0211707430404684 0.0008801573932990664 0.030479560392403515
v -0.023630746056482188 -0.0008040812993498 0.029058156440002758
v -0.021082486200338924 -0.001622399764826879 0.024250445564065748
v -0.026421372714908742 0.0020023184773682035 0.04002465628949681
v -0.018412590901406567 -0.0021478646821725123 0.019574276900187204
v -0.023972914880717733 0.003428157015550881 0.04143794447307947
v -0.032960134164399246 0.0044817797882210075 0.061144808812425566
v -0.029431289163414087 0.003660067732132455 0.05076611950720844
v -0.04408849162656159 0.004098847107068815 0.07923756022110151
v -0.0453589041319713 0.0037109238479818285 0.07878527443301753
v -0.034787744267075205 0.0037356516705064347 0.06008651637324336
v -0.031554214068935105 0.002670831568736959 0.04954076239334304
v -0.036595037291149435 0.003007490777766353 0.059042754116636065
v -0.028548308774795084 0.0008456742569146539 0.038797349865236086
v -0.007446199770789752 0.0004620867293015328 0.004429893704060994
v -0.0158417547120987 -0.0029292441805744973 0.011937409967936463
v -0.014202935893414259 -0.002376146906226395 0.009907395833430033
v -0.007871905700738702 0.00034799261553922906 0.0035737499503989134
v -0.008159155279506836 0.00047075020522648406 0.0026685701684067697
v -0.016343203367202852 -0.0030368098270867894 0.01164752347955822
v -0.01467595265477295 -0.002435272094047508 0.009633422355451171
v -0.008138508229575958 0.0007351885191114738 0.002139011246235639
v -0.017411665789778263 -0.00328381315569809 0.014037517260679366
v -0.01889732641332187 -0.003414225978893709 0.016221436317351845
v -0.022935601370144276 -0.0027655073525764684 0.02318007007072076
v -0.020306372653343674 -0.003348539034626896 0.018480582161349846
v -0.017933922665780422 -0.003430235787240804 0.013736099895593767
v -0.02084340385255734 -0.0035358158837320297 0.01817109957218732
v -0.019431117027054468 -0.0035867928778067493 0.01591367224938911
v -0.01807474222202954 -0.0033832518277185364 0.01365489070899728
v -0.016478356190394727 -0.002973936460605592 0.01156917436237248
v -0.01480328057982705 -0.002354394309291713 0.00955917022332331
v -0.008070578004791829 0.0009180622536886229 0.0019126696302985274
v -0.016515446493670094 -0.0029124859762720556 0.011547576499102985
v -0.018113236333965332 -0.0033286549241853813 0.013632719687436401
v -0.008004447363528233 0.0011593709542676023 0.00175309070330823
v -0.01957494065754295 -0.00355208056155229 0.015831002987344855
v -0.019614079453347255 -0.0035032736534876263 0.015808618342726954
v -0.020987860722821994 -0.0035100342510377414 0.018088210011365513
v -0.02102697281574417 -0.003465995953200185 0.018065928363578676
v -0.02359951131378768 -0.002938990494132515 0.022797818313062823
v -0.02363700597499241 -0.0029019409604361113 0.022776475080847902
v -0.023459387939822607 -0.0029550172301995303 0.0228782035250108
v -0.030043990608531468 0.00015964687628856888 0.03793433941775115
v -0.025381327880963367 -0.0018080007696599093 0.02804701556861189
v -0.03338691870005128 0.0018608729531099238 0.04848475114323403
v -0.025874121941235062 -0.0019753551229304694 0.02776277101775748
v -0.030461873547691365 5.396382021918399e-05 0.037693117024701905
v -0.030571244738188952 7.137628238665893e-05 0.03762990748800821
v -0.026004973693055655 -0.001961468670549707 0.027687518481224194
v -0.03466861126581122 0.0013866806688911382 0.04774714887431308
v -0.035025979752023595 0.0013219395311725446 0.04754157101420686
v -0.03815628614460165 0.002415493126204371 0.05814405717453619
v -0.04814412536411572 0.003080403235834611 0.07717720398310313
v -0.047444780695888866 0.0031678649499650158 0.07758096681966364
v -0.03924986453516688 0.002078647950674445 0.057516516556350705
v -0.03955609318740727 0.002040923692367136 0.05734131131731601
v -0.04834564438613853 0.0031017467064681226 0.07706085571097532
v -0.04840163270056541 0.0031310314235115377 0.07702852996481102
v -0.039636690115063544 0.002061109163906949 0.05729533658368702
v -0.03511918425474159 0.0013411187570514654 0.04748791729461743
v -0.02603951577843655 -0.0019288676701227636 0.027667754533752253
v -0.03059940102004388 9.865732959613537e-05 0.03761360347112053
v -0.03514300322559949 0.0013644136838476123 0.047474184383808904
v -0.03965759465707208 0.002081627229380406 0.05728347287462743
v -0.04841742554799522 0.0031506265706214565 0.07701942046730803
v -0.0484246925466314 0.003173639209806539 0.07701523955890632
v -0.0453589041319713 0.0037109238479818285 0.07878527443301753
v -0.04408849162656159 0.004098847107068815 0.07923756022110151
v -0.0453589041319713 0.004781863916548945 0.07878527443301753
v -0.04412048549404801 0.0050382854947378375 0.07923223490346576
v -0.04278992665399439 0.005183709867642439 0.07921891397998149
v -0.042748335007731786 0.004507021641226572 0.07921070475107594
v -0.0414989567440438 0.004889882319964456 0.07870908729560977
v -0.0415421772661162 0.0052359187705738885 0.07873595802442512
v -0.040538789767285976 0.0052000706281546405 0.07783639896070227
v -0.040495000855294006 0.005195551642191709 0.07777865207075241
v -0.0484246925466314 0.003173639209806539 0.07701523955890632
v -0.04834564438613853 0.0031017467064681226 0.07706085571097532
v -0.048423368846617354 0.0032010377973810955 0.07701600249839569
v -0.04814412536411572 0.003080403235834611 0.07717720398310313
v -0.04841742554799522 0.0031506265706214565 0.07701942046730803
v -0.04840163270056541 0.0031310314235115377 0.07702852996481102
v -0.047444780695888866 0.0031678649499650158 0.07758096681966364
v -0.0481764739984647 0.0034801477654720914 0.07715855011258821
v -0.04748301159370083 0.003919455476004835 0.07755892549781596
v -0.04841292039031053 0.003231975947349114 0.07702203734975654
v -0.04836594620595047 0.003303626455818248 0.07704915984860339
v 0.015720301421112692 -0.0022105940438250926 0.008107344058784216
v 0.005499255441559492 0.0013281129037344408 0.0060426009187219965
v 0.005520445132202179 0.0011593709542676023 0.006055509854882013
v 0.005739676748144906 0.007195699079875495 -0.006042319584785294
v 0.015322586787354098 0.010233104238182578 -0.008040486717657003
v 0.00550808932717195 0.0069462283572718775 -0.006073763182165015
v 0.015697654516045323 -0.0009102450445503882 0.0075094012012513756
v 0.005535664821340602 0.0014899211637545151 0.006005929755328598
v 0.01827748194723533 -0.0015380231872565847 0.007904702085200499
v 0.006026001739619369 0.0022559555648395124 0.005579582956208584
v 0.005677892000947593 0.0017733968146547985 0.00588966016133563
v 0.018276806745787244 0.0006124037199025864 0.006099219135064782
v 0.015696100026835746 0.001155407364411068 0.005830820360567257
v 0.018297953521083654 -0.002839228526503451 0.008553716112151277
v 0.020883168258742923 0.011492992947010894 -0.008871212426975195
v 0.022829436432850736 0.011576709343504299 -0.009055023623449898
v 0.020300927172738348 0.011342403950600488 -0.008826308669654392
v 0.023517632647789277 0.011675134259678255 -0.009079318477814291
v 0.02538340689107188 0.011603077485931035 -0.00917261071857356
v 0.020901722947124224 -0.003258228933596674 0.008893415873464372
v 0.020883540191743988 -0.0019730586750674878 0.00820282879690104
v 0.023535588428671428 -0.003434815093107113 0.009103175595646662
v 0.026180545143045242 -0.0021879120912249306 0.00846299974584297
v 0.02351908986221396 -0.0021805742822673946 0.00838513128053553
v 0.02618175821683333 -3.721061153126983e-05 0.006461231538581469
v 0.023519927188303535 9.421090111579348e-06 0.006415564841771304
v 0.020883750000103563 0.00021883001472831724 0.006297571958206738
v 0.02619582300631973 -0.003399714869806031 0.00919614263344859
v 0.018278698835720864 0.011065579939954495 -0.008534784722397104
v 0.006722653708285953 0.003115457444347741 0.00481360076879489
v 0.01827728549031682 0.003226756249148921 0.0034726163606191296
v 0.015697225362582556 0.0036115807818161427 0.0033716141394826704
v 0.007827977552289922 0.0047114455553551315 0.002963047406743663
v 0.008436851902193787 0.00616597300252375 0.0008032531523759559
v 0.018278620634423204 0.005902081293059636 0.0003733103154588725
v 0.01570034006304788 0.0060645645161092054 0.0004458337935968511
v 0.008428053302532712 0.007338328233225944 -0.0015944792789578804
v 0.020883606948949307 0.0029280897577596554 0.003541130949368393
v 0.023519385501266088 0.00274553168939623 0.003577141931684902
v 0.026181021980226094 0.002666504986576501 0.0035840722832714
v 0.02088320068367122 0.00574896172173045 0.00030916272082114407
v 0.023517804309174384 0.005624882488389493 0.000262814951505104
v 0.02088285354620356 0.00831259290123565 -0.0030051402088833445
v 0.018279751692216184 0.008283516323621676 -0.0028257192523327423
v 0.0261787980116146 0.005528098368954848 0.00023278998944190228
v 0.02351644818423204 0.008273456012780067 -0.0031218143992242653
v 0.03156445843892852 0.0027498973722055176 0.0035259031539978947
v 0.015702973157960542 0.008181657226071226 -0.002599724893072586
v 0.03156514699181767 0.00024744240624789346 0.006375851934001253
v 0.031561622211376816 0.011079514076053343 -0.00907389779274237
v 0.035775129110116044 0.010289016258660522 -0.00882218688906311
v 0.030551974794036374 0.011163972431200153 -0.009132502989617763
v 0.047886778244958794 0.00806317749174501 -0.0076865981891904855
v 0.05667325479754792 0.006950826975044011 -0.006888563006479942
v 0.04625982122798522 0.008281886494137525 -0.007853504077092455
v 0.036997178881295056 0.010101680281744962 -0.008708554681517433
v 0.03157769925376641 -0.0028405920424220965 0.009097608044723038
v 0.031563788959526606 -0.001738944732291789 0.008364304939824652
v 0.037011930316321884 -0.0018731370861921337 0.008729630884911077
v 0.03699851784009889 -0.0008999375532351556 0.008024485969216344
v 0.04788623655792135 0.0008755674182008358 0.007083313801557745
v 0.04789869154508519 0.00014196189422165627 0.007702308543788006
v 0.05870373813984031 0.001398367590565927 0.006705496152844548
v 0.05869384281466328 0.0019658199290342737 0.006168603236413328
v 0.0694439348779996 0.006081705382249281 -0.005697204860446448
v 0.08767769276309956 0.0052000706281546405 -0.0038105778119894296
v 0.06702622541257863 0.006185234363607073 -0.005936140819213509
v 0.09090950444003987 0.0032010377973810955 0.0034278656680333808
v 0.06945009179967876 0.002109673361846559 0.005710252556226092
v 0.09090950444003987 0.003173639209806539 0.003429390831756335
v 0.09090950444003987 0.003231975947349114 0.0034158016873578334
v 0.09090950444003987 0.003303626455818248 0.0033615585970128703
v 0.06944368310796811 0.0025649191167306795 0.005254897844046147
v 0.05869468967749647 0.006795329893531099 -0.006692087014481818
v 0.03699944099688102 0.0008519585537257457 0.006121963791754226
v 0.04788566053860688 0.0021553631852599953 0.005424566526573971
v 0.03699910148880825 0.003039968396572751 0.003397049826802251
v 0.031562169620460434 0.005399945992415056 0.00021097102273211037
v 0.036997732012424844 0.00533156420282066 0.00022223068339169427
v 0.03699647697696484 0.007416455144285405 -0.0030191086772592135
v 0.0315601459234649 0.007849130526469683 -0.003164059074006048
v 0.047885591874052835 0.003698242124738488 0.0030466996686362435
v 0.026176875404101407 0.008176102072914304 -0.003181634338817879
v 0.04788603819365411 0.005244957696174113 0.00025983147067148646
v 0.05869203083337604 0.00292528166360162 0.004732138858492552
v 0.06944132562494598 0.0033141502523996447 0.004030083847729737
v 0.09090950444003987 0.0034801477654720914 0.003142775684857324
v 0.058690997050367955 0.004045664025776885 0.002672567256075259
v 0.06943916650619109 0.004172690112895505 0.00227466546372318
v 0.05869120685872753 0.005122838740483637 0.0002527633131397221
v 0.09090950444003987 0.003919455476004835 0.002342033259052495
v 0.09090950444003987 0.004781863916548945 -0.00011067678559992071
v 0.06943824334940896 0.004978405712078027 0.00021428982441199992
v 0.026178481391726516 0.011642204837643 -0.009171596962727069
v 0.008037651443779659 0.007709940322867537 -0.002777070892630712
v 0.01570354250155448 0.009739770398222158 -0.005335809961078963
v 0.018279999647550227 0.010098379614779107 -0.005680412562285575
v 0.015702192098658307 0.010528950237647106 -0.007319177021531398
v 0.006410470790168266 0.007687386877887614 -0.005543922687638592
v 0.006745723567932738 0.007826543702887101 -0.005008245229181363
v 0.007408422821973959 0.007871593372385244 -0.0038927528322957317
v 0.015701205045693944 0.010569898153715562 -0.007890693562501438
v 0.01827942553558448 0.0110859399339025 -0.007740666757127257
v 0.02351613347169268 0.010363841549079766 -0.006116269878977676
v 0.020882777252254625 0.010310316575529166 -0.005947267337991502
v 0.02617641191836162 0.010279590141269446 -0.006196790035847832
v 0.02088294891363973 0.011444794244770407 -0.008062940026828946
v 0.026177316001656514 0.011519826482526141 -0.0083555530702073
v 0.023516791507002255 0.011580068184606218 -0.008263990794740161
v 0.0208830767060042 0.011594214036413364 -0.008665036613044186
v 0.01827900401151661 0.01118749099463412 -0.008330288329017055
v 0.0315596080511249 0.00979465054304074 -0.00614291697115521
v 0.015700724393815646 0.010490515253521737 -0.008047886277029459
v 0.005997535990434066 0.007399560802967831 -0.005948479458105227
v 0.02088313774116335 0.011547808241972879 -0.008827189864764606
v 0.018278799925203204 0.011125745348085636 -0.008490608618614282
v 0.023517279788275447 0.011760041795449427 -0.008872790758043814
v 0.01570049074359703 0.01042492153092378 -0.008091925051704196
v 0.02351751629951715 0.011725199302644596 -0.00903562493325849
v 0.0261779912031046 0.011714862426238093 -0.00896588558821021
v 0.02617832117443375 0.011688121397135931 -0.009128383116375205
v 0.031561139652149794 0.011137568049147673 -0.008872722093489771
v 0.031561463901432774 0.011118695787203925 -0.009032009553753273
v 0.03156047589479405 0.010948755784320197 -0.008272081768024853
v 0.047886560807204326 0.00656601984693389 -0.0026086188601698312
v 0.03699609550722016 0.009049277735420636 -0.005886715691743871
v 0.05869209186853519 0.005982838914845856 -0.0022467528456676655
v 0.04788683928011794 0.007536314368575825 -0.005163736111810924
v 0.03699654945621633 0.010003510950299943 -0.007936276812804954
v 0.047886850724210284 0.008055772210326384 -0.006993059013640501
v 0.05869396869967902 0.006836970654023333 -0.006081624796765717
v 0.03699691185247378 0.01015450907301152 -0.008514792846752717
v 0.058693079875173915 0.006565475775710539 -0.004480441306254357
v 0.06943863244854853 0.005594828394554774 -0.0019117570831436725
v 0.06944003625720896 0.005986927793671659 -0.0038112182043233134
v 0.09000055359120296 0.005183709867642439 -0.0025522927066003176
v 0.09067737247100638 0.0050382854947378375 -0.0014066563320713765
v 0.06944205804685577 0.00614380150412569 -0.005174291856483437
v 0.04788680876253837 0.008115723995400503 -0.007511593221771751
v 0.03699709114325378 0.010135818962870857 -0.008668357307171637
v 0.058694395945793065 0.0068465469751263774 -0.006537117791728109
v 0.047886789689051135 0.008090445902769194 -0.007650266057032673
v 0.06944315667972045 0.006131514840486685 -0.005563452508054734
v 0.0889584316544978 0.0052359187705738885 -0.0033914004983021107
v 0.05869460193945519 0.006818265761930065 -0.0066597569767828935
v 0.069443690737363 0.006102369121481488 -0.005669001371710614
v 0.005487587712581232 0.006744354091549332 -0.006046289731153065
v 0.005475131771743025 0.006846753922462867 -0.006067329694920964
v 0.005587804106043648 0.006576777770571085 -0.005972200677341055
v 0.01567743566590285 0.009116073087714338 -0.0074901317339359785
v 0.005844126978936104 0.006319140257571021 -0.005767643248801857
v 0.0156767022903187 0.0071553739131652305 -0.005744058881836933
v 0.006352993790062766 0.005890896123308398 -0.005270860445512338
v 0.0072293275452178785 0.005076391938045599 -0.004118785576948947
v 0.018256892117766155 0.007599326971513831 -0.006063762475971013
v 0.01825721445970041 0.009712184413635527 -0.007896089452039956
v 0.020863192595562685 0.01012399530813446 -0.0082022794804687
v 0.02349887768779202 0.010320192827218966 -0.008388525407588832
v 0.02086328987034758 0.007917660135590143 -0.006301748575073818
v 0.026161294272379898 0.008124864010483068 -0.006493031333335286
v 0.02349928204572138 0.008087076571249296 -0.006441513844316071
v 0.02616069536488075 0.010326568140326953 -0.008466612264325102
v 0.02086327842625524 0.005203077563417091 -0.0035552760859197674
v 0.018256947430879134 0.005022853613053935 -0.0034156471921112375
v 0.015676845341472956 0.004792978037560236 -0.003222496662612373
v 0.007882085697712704 0.004234579287435425 -0.002854232208398949
v 0.01825737086229573 0.002353981606711686 -0.00030505989450780105
v 0.015677841931180936 0.002358396880587782 -0.0002677434810017393
v 0.008311794675794903 0.003362899463165425 -0.0015083170653545919
v 0.008471912786427449 0.0016852391566589409 0.0013139337925339306
v 0.008511310981658138 0.0024976309532105667 -0.00011091581513798451
v 0.01567964151470147 0.00016931704490926944 0.0027528718825396703
v 0.008168727309075252 0.000969497488294141 0.0027773348220103133
v 0.01825814906057488 -5.3747943361424824e-05 0.0028839672981596787
v 0.023498801393843083 0.0024359093869397164 -0.0003257756983996926
v 0.020863158263285664 0.002379791611218235 -0.0003255579626219862
v 0.026161309531169685 0.005385477321836474 -0.003648235732745392
v 0.023499262972234147 0.0053218219423786794 -0.0036304857071067786
v 0.02086293128878758 -0.00017457535201994938 0.002990363978323113
v 0.023497889681153294 -0.00018305330847922553 0.003066915657755631
v 0.02349700276399691 -0.002231747733260625 0.006083802512170666
v 0.02086271385103311 -0.0021595824790547613 0.005937867923482554
v 0.0261606915501833 0.002517412782076789 -0.00030849979793046503
v 0.018258875760438498 -0.0019084703636653572 0.005713747295924554
v 0.026159404089795002 -9.41157981752469e-05 0.0031157928993044703
v 0.01568131044483445 -0.001496966671520189 0.005425127287098652
v 0.0315459266387319 0.007893157380214899 -0.006383254831233975
v 0.03154523045644786 0.009898979657188 -0.008359977165571242
v 0.036981775133004824 0.00909948487586687 -0.008005719565126745
v 0.0369822786730678 0.007397755974238307 -0.006076281836154274
v 0.04787367475922899 0.007396815174480487 -0.007038211679969708
v 0.047873308548274096 0.006302573503396691 -0.005278115046381815
v 0.047872927078529415 0.004921515698542156 -0.002794835938640522
v 0.03698248848142738 0.005258431684393439 -0.0033244496970874504
v 0.058683718607639435 0.005595954207138765 -0.004560813643598449
v 0.03154606587518871 0.00538136555482599 -0.003547319342301486
v 0.06943816705546002 0.00571362760979216 -0.005213341960572104
v 0.08760578571622712 0.005195551642191709 -0.003819624128565957
v 0.08767769276309956 0.0052000706281546405 -0.0038105778119894296
v 0.05868504230765348 0.00632817060010199 -0.006117615513502039
v 0.0694362749655264 0.005164793736678053 -0.00388965005275993
v 0.08891354792433859 0.004889882319964456 -0.003415392799475253
v 0.08997264526468207 0.004507021641226572 -0.002584208372789082
v 0.0586817845560339 0.004672737343525135 -0.0023745878870636006
v 0.03154552037345382 0.0027346118795361363 -0.00023545574770145357
v 0.03698225578488312 0.0029874595630545453 -0.00013440325004473834
v 0.03154418332199871 0.0003048793222278773 0.003142537027848308
v 0.0369814470690244 0.0008801573932990664 0.003094621328474656
v 0.03698047432117546 -0.0008040812993498 0.005935747428539306
v 0.03154274518106126 -0.001622399764826879 0.006132746510924825
v 0.047873056778242606 0.0020023184773682035 0.0028692513875028247
v 0.026158116629406702 -0.0021478646821725123 0.0061586325709617196
v 0.047872770675934095 0.003428157015550881 4.218080840187252e-05
v 0.06943302484330172 0.0044817797882210075 -0.002028088904388742
v 0.05868039600616326 0.003660067732132455 0.00010518346481430945
v 0.0906659817844302 0.004098847107068815 -0.0014370250192361628
v 0.09090950444003987 0.0037109238479818285 -0.00011067680050108261
v 0.06943032403750937 0.0037356516705064347 8.381294112136568e-05
v 0.058680666849681984 0.002670831568736959 0.0025563696644965994
v 0.0694300493792932 0.003007490777766353 0.0021708546715915045
v 0.047873644241649416 0.0008456742569146539 0.005324885144428471
v 0.007559500576494738 0.0004620867293015328 0.0042336513622814875
v 0.01825897875726956 -0.0029292441805744973 0.007750657449740461
v 0.015681524067891472 -0.002376146906226395 0.00734640537823239
v 0.007030910825893688 0.00034799261553922906 0.005030395269906285
v 0.006390626734049942 0.00047075020522648406 0.005731750283687609
v 0.01825865260063786 -0.0030368098270867894 0.008329866804949182
v 0.015680764943099557 -0.002435272094047508 0.007893036740408144
v 0.005921692175796522 0.0007351885191114738 0.005978649423374893
v 0.02086267951875609 -0.00328381315569809 0.008060185815272347
v 0.023496838732006697 -0.003414225978893709 0.00825484696496015
v 0.03154233128638828 -0.0027655073525764684 0.008272778903983258
v 0.02615784006384181 -0.003348539034626896 0.0083455423504325
v 0.020862772978843536 -0.003430235787240804 0.008663182670085035
v 0.026158335974509894 -0.0035358158837320297 0.008965367743031805
v 0.023497203035612868 -0.0035867928778067493 0.008871004525964343
v 0.02086285308748992 -0.0033832518277185364 0.008825740279734817
v 0.018258376035072965 -0.002973936460605592 0.008486088202139808
v 0.015680124073928492 -0.002354394309291713 0.008040432358218386
v 0.005691709788774313 0.0009180622536886229 0.006032991219016293
v 0.018258217725128922 -0.0029124859762720556 0.008529008316788267
v 0.02086289886385928 -0.0033286549241853813 0.00887016243150296
v 0.005520445132202179 0.0011593709542676023 0.006055509854882013
v 0.023497519655500954 -0.00355208056155229 0.009036894273833918
v 0.023497704668327124 -0.0035032736534876263 0.009081982090306528
v 0.026158780386762448 -0.0035100342510377414 0.009131915526210954
v 0.02615903978618883 -0.003465995953200185 0.009176929909757714
v 0.03154324490642679 -0.002938990494132515 0.00903886647241392
v 0.031543510027899346 -0.0029019409604361113 0.009082009746863018
v 0.031542798586825516 -0.0029550172301995303 0.00887732357228499
v 0.047874098190645586 0.00015964687628856888 0.007051688052374938
v 0.03698009285143078 -0.0018080007696599093 0.007957368274988386
v 0.05868248264566667 0.0018608729531099238 0.004671543820061463
v 0.036980325547975035 -0.0019753551229304694 0.008526262688300923
v 0.047874136337620055 5.396382021918399e-05 0.007534196257818482
v 0.04787407911715835 7.137628238665893e-05 0.007660520440606888
v 0.03698058113270397 -0.001961468670549707 0.008677209312596967
v 0.05868455021168284 0.0013866806688911382 0.006150322729411017
v 0.0586851987102488 0.0013219395311725446 0.006562603785370269
v 0.06943236871534086 0.002415493126204371 0.003972284028852802
v 0.09090948155185519 0.003080403235834611 0.0031054340883876486
v 0.09090948155185519 0.0031678649499650158 0.0022978998321973587
v 0.06943569513151449 0.002078647950674445 0.00523312021315947
v 0.06943707605199023 0.002040923692367136 0.005585923460202369
v 0.09090948155185519 0.0031017467064681226 0.003338127294783
v 0.09090948155185519 0.0031310314235115377 0.003402776402925689
v 0.06943756433326342 0.002061109163906949 0.005678711684061477
v 0.058685336039356883 0.0013411187570514654 0.006670145828442109
v 0.03698073753529929 -0.0019288676701227636 0.008717005190036486
v 0.04787403715548644 9.865732959613537e-05 0.007693057425642302
v 0.05868535129814667 0.0013644136838476123 0.006697641690801559
v 0.06943773980934598 0.002081627229380406 0.005702746662162306
v 0.09090948918125008 0.0031506265706214565 0.0034210097030470954
v 0.09090950444003987 0.003173639209806539 0.003429390831756335
v 0.09090950444003987 0.0037109238479818285 -0.00011067680050108261
v 0.0906659817844302 0.004098847107068815 -0.0014370250192361628
v 0.09090950444003987 0.004781863916548945 -0.00011067678559992071
v 0.09067737247100638 0.0050382854947378375 -0.0014066563320713765
v 0.09000055359120296 0.005183709867642439 -0.0025522927066003176
v 0.08997264526468207 0.004507021641226572 -0.002584208372789082
v 0.08891354792433859 0.004889882319964456 -0.003415392799475253
v 0.0889584316544978 0.0052359187705738885 -0.0033914004983021107
v 0.08767769276309956 0.0052000706281546405 -0.0038105778119894296
v 0.08760578571622712 0.005195551642191709 -0.003819624128565957
v 0.09090950444003987 0.003173639209806539 0.003429390831756335
v 0.09090948155185519 0.0031017467064681226 0.003338127294783
v 0.09090950444003987 0.0032010377973810955 0.0034278656680333808
v 0.09090948155185519 0.003080403235834611 0.0031054340883876486
v 0.09090948918125008 0.0031506265706214565 0.0034210097030470954
v 0.09090948155185519 0.0031310314235115377 0.003402776402925689
v 0.09090948155185519 0.0031678649499650158 0.0022978998321973587
v 0.09090950444003987 0.0034801477654720914 0.003142775684857324
v 0.09090950444003987 0.0037109238479818285 -0.00011067680050108261
v 0.09090950444003987 0.004781863916548945 -0.00011067678559992071
v 0.09090950444003987 0.003919455476004835 0.002342033259052495
v 0.09090950444003987 0.003231975947349114 0.0034158016873578334
v 0.09090950444003987 0.003303626455818248 0.0033615585970128703
v -0.0008389848869184285 -0.0022105940438250926 -0.017667853240911358
v 0.0024834181057795113 0.0013281129037344408 -0.007783795249623748
v 0.0024840027081632354 0.0011593709542676023 -0.0078086003197716525
v -0.008102640536832295 0.007195699079875495 -0.0019495458336796917
v -0.014624559143420757 0.010233104238182578 -0.009249506436032062
v -0.008014077567232714 0.0069462283572718775 -0.0017332639325377125
v -0.001345495049488027 -0.0009102450445503882 -0.017349268783640737
v 0.002433455105969873 0.0014899211637545151 -0.007796991241766638
v -0.002293067564206608 -0.0015380231872565847 -0.019781113610450873
v 0.0018190596967675166 0.0022559555648395124 -0.008008461378916643
v 0.0022616494776160623 0.0017733968146547985 -0.00786202849537454
v -0.003856324855864568 0.0006124037199025864 -0.018877789440348014
v -0.002798411502241138 0.001155407364411068 -0.016508631536681362
v -0.0017412410609454754 -0.002839228526503451 -0.020123349191891737
v -0.018124279883073857 0.011492992947010894 -0.013649747543164614
v -0.0192565984335602 0.011576709343504299 -0.015243360289755592
v -0.017794272314298754 0.011342403950600488 -0.013167964607073146
v -0.01962173555112301 0.011675134259678255 -0.015827208317059638
v -0.020635417011013457 0.011603077485931035 -0.01739636885301654
v -0.0027489372605418727 -0.003258228933596674 -0.0225481311063791
v -0.0033379120027958453 -0.0019730586750674878 -0.02218709097387417
v -0.0038842122015494973 -0.003434815093107113 -0.024934005014257687
v -0.00576110008900621 -0.0021879120912249306 -0.02690451559064
v -0.004497808670055337 -0.0021805742822673946 -0.02456069490741508
v -0.0074952882512097085 -3.721061153126983e-05 -0.025904683389830208
v -0.006203921135887469 9.421090111579348e-06 -0.023576636480547863
v -0.004988017319132454 0.00021883001472831724 -0.02123464303739997
v -0.005133818393409928 -0.003399714869806031 -0.027284320219885805
v -0.01653069002466756 0.011065579939954495 -0.011562426162589068
v 0.0008073737408742857 0.003115457444347741 -0.008228789720375329
v -0.0061312683156641845 0.003226756249148921 -0.017564902186216758
v -0.004928709264252484 0.0036115807818161427 -0.01528000331975532
v -0.001347914402134373 0.0047114455553551315 -0.008260751162933455
v -0.0035227884535325715 0.00616597300252375 -0.007708155044462428
v -0.008816013754919805 0.005902081293059636 -0.01601640395898052
v -0.0074640663831190834 0.0060645645161092054 -0.01381980961636664
v -0.005594886091853657 0.007338328233225944 -0.0065016687620292335
v -0.00737509381038115 0.0029280897577596554 -0.019856299389778842
v -0.00866179698123748 0.00274553168939623 -0.022156956771393066
v -0.009986612794284921 0.002666504986576501 -0.024465466707701555
v -0.010173857218461757 0.00574896172173045 -0.01823996439784592
v -0.01153129823142307 0.005624882488389493 -0.020498423596303494
v -0.013043954515123413 0.00831259290123565 -0.01658251268948252
v -0.011587020470703036 0.008283516323621676 -0.014417870252683151
v -0.012887797014115021 0.005528098368954848 -0.02278790009970111
v -0.014461794586434484 0.008273456012780067 -0.01880493444116005
v -0.012728707918118753 0.0027498973722055176 -0.02909857506680047
v -0.010102914336369007 0.008181657226071226 -0.012299311268390012
v -0.010260923872987826 0.00024744240624789346 -0.030524144668813147
v -0.023639037301382837 0.011079514076053343 -0.022796218047483885
v -0.02552780081882866 0.010289016258660522 -0.026571076701511487
v -0.023184966234893745 0.011163972431200153 -0.0218925333884723
v -0.03060017921832303 0.00806317749174501 -0.03762786662487416
v -0.03430229731408607 0.006950826975044011 -0.045636194489380166
v -0.02993124341079345 0.008281886494137525 -0.03613542728396757
v -0.026040419861731445 0.010101680281744962 -0.027686219576743554
v -0.007910089868506942 -0.0028405920424220965 -0.031895892704548734
v -0.008538194108240194 -0.001738944732291789 -0.03151719624491123
v -0.010945882363468384 -0.0018731370861921337 -0.0364180849206841
v -0.011549850058781286 -0.0008999375532351556 -0.036053899570134273
v -0.017808789145432602 0.0008755674182008358 -0.04501235412771809
v -0.017278950558254902 0.00014196189422165627 -0.04533263612535254
v -0.02354473798049761 0.001398367590565927 -0.054191675852774956
v -0.02400475425295756 0.0019658199290342737 -0.05391466015358226
v -0.0396558933020108 0.006081705382249281 -0.05729160962428148
v -0.04713890299581358 0.0052000706281546405 -0.07402582138713143
v -0.038653963017605264 0.006185234363607073 -0.05507834505382503
v -0.04248613177872507 0.0032010377973810955 -0.08044387436531242
v -0.029779820902990917 0.002109673361846559 -0.06300066674969518
v -0.04248481189340847 0.003173639209806539 -0.08044463730480178
v -0.04249658023503189 0.003231975947349114 -0.08043783951395156
v -0.04254355441939195 0.003303626455818248 -0.08041071701510472
v -0.0301709666277461 0.0025649191167306795 -0.0627674437771919
v -0.03514286208179396 0.006795329893531099 -0.04748504864213743
v -0.013197944314307652 0.0008519585537257457 -0.03510343718368114
v -0.0192450189194604 0.0021553631852599953 -0.04418248195695362
v -0.015557618880121526 0.003039968396572751 -0.03374068611187386
v -0.015598378922340728 0.005399945992415056 -0.027439126364323663
v -0.018306408797974516 0.00533156420282066 -0.03215209350712289
v -0.0211128626361079 0.007416455144285405 -0.030530335922769325
v -0.018520228311914577 0.007849130526469683 -0.025749858171905116
v -0.0213042765245941 0.003698242124738488 -0.042993490353848696
v -0.015843814648719978 0.008176102072914304 -0.021079022455057217
v -0.02371799963118315 0.005244957696174113 -0.041600442954918826
v -0.025247863061391707 0.00292528166360162 -0.053194861077645594
v -0.031230508380342137 0.0033141502523996447 -0.06215299520064388
v -0.042733026626877724 0.0034801477654720914 -0.0803013267511199
v -0.02703098806979165 0.004045664025776885 -0.05216417941858342
v -0.03274966586216621 0.004172690112895505 -0.061273413707449986
v -0.02912670464577327 0.005122838740483637 -0.05095445874955251
v -0.04342648903164159 0.003919455476004835 -0.07990095136589215
v -0.04555060030806857 0.004781863916548945 -0.07867460243069058
v -0.0345335442733119 0.004978405712078027 -0.06024243068728952
v -0.021032076880928008 0.011642204837643 -0.01808543100427551
v -0.006423839874207804 0.007709940322867537 -0.005572275426412032
v -0.012472717877578532 0.009739770398222158 -0.010931762260869005
v -0.014059382152770139 0.010098379614779107 -0.012990738532066004
v -0.0141896893565302 0.010528950237647106 -0.009938909049038158
v -0.008006412886387704 0.007687386877887614 -0.002779669416847763
v -0.007710129627228335 0.007826543702887101 -0.003337845245590526
v -0.007075434067144171 0.007871593372385244 -0.004469505999185885
v -0.01468414376386562 0.010569898153715562 -0.009652296524743642
v -0.015843327321121148 0.0110859399339025 -0.011960114093465535
v -0.017054911469854828 0.010363841549079766 -0.017307432996741534
v -0.015591872955845187 0.010310316575529166 -0.015111381294839465
v -0.018454783362517047 0.010279590141269446 -0.01957104394410103
v -0.017424185626798705 0.011444794244770407 -0.01405369443887694
v -0.02032477856852455 0.011519826482526141 -0.018492443963060712
v -0.01891522115904487 0.011580068184606218 -0.01623414307454718
v -0.0179456795633115 0.011594214036413364 -0.013752755818320916
v -0.016353743376248397 0.01118749099463412 -0.011664938527077284
v -0.021099724818101073 0.00979465054304074 -0.024259963234195547
v -0.014820035684687816 0.010490515253521737 -0.009573282696527796
v -0.008150302320407143 0.007399560802967831 -0.0022197788816026576
v -0.018086138630651893 0.011547808241972879 -0.013671733551899323
v -0.016492482015040277 0.011125745348085636 -0.011584600045173032
v -0.01944270226320044 0.011760041795449427 -0.01593016604747477
v -0.014858057727814566 0.01042492153092378 -0.009551061130225746
v -0.019583838439337642 0.011725199302644596 -0.015848953999855198
v -0.020853680647479056 0.011714862426238093 -0.018187863260117343
v -0.02099457077563094 0.011688121397135931 -0.018106898214157452
v -0.023464572113652826 0.011137568049147673 -0.022896388187739758
v -0.023602681327365982 0.011118695787203925 -0.02281702531470753
v -0.022944071905824925 0.010948755784320197 -0.02319613376166929
v -0.026202410988810376 0.00656601984693389 -0.040166669846046776
v -0.023596091437526612 0.009049277735420636 -0.029096198510291105
v -0.03129178958747647 0.005982838914845856 -0.049705465770306656
v -0.028415347495286403 0.007536314368575825 -0.03888935273825833
v -0.0253712914119808 0.010003510950299943 -0.0280718130093649
v -0.029999591344948007 0.008055772210326384 -0.037974698916738436
v -0.034613828395777535 0.006836970654023333 -0.047789656047962925
v -0.025872483528681656 0.01015450907301152 -0.02778287065860474
v -0.03322671666607491 0.006565475775710539 -0.04858947984693884
v -0.036374948321955536 0.005594828394554774 -0.05917974371664858
v -0.038020631688695516 0.005986927793671659 -0.05823122682589332
v -0.047210626937208566 0.005183709867642439 -0.07666661435924205
v -0.04655688697695837 0.0050382854947378375 -0.0778255804787431
v -0.03920209689373788 0.00614380150412569 -0.057551436296778835
v -0.0304486346402022 0.008115723995400503 -0.03771539867248874
v -0.026005563063811188 0.010135818962870857 -0.027706242923641877
v -0.03500850843771719 0.0068465469751263774 -0.047562277191948166
v -0.03056871940847916 0.008090445902769194 -0.03764604365820823
v -0.03953967091489874 0.006131514840486685 -0.05735781369847093
v -0.047416254388381596 0.0052359187705738885 -0.07534456229449482
v -0.03511482024086243 0.006818265761930065 -0.04750113903596809
v -0.03963134572394056 0.006102369121481488 -0.057305502752382775
v -0.007980034253542989 0.006744354091549332 -0.0017292455064053802
v -0.00799202766231577 0.006846753922462867 -0.0017079380369790231
v -0.007965979477637386 0.006576777770571085 -0.0018530802414818554
v -0.014325361932249203 0.009116073087714338 -0.009831991662673234
v -0.007916989225676685 0.006319140257571021 -0.0021773408493440394
v -0.012812851560726202 0.0071553739131652305 -0.010704392941597862
v -0.007741196046398002 0.005890896123308398 -0.0028664237430203743
v -0.007181636674574998 0.005076391938045599 -0.004201388558625063
v -0.014379818645651188 0.007599326971513831 -0.012779051433998712
v -0.0159668214752412 0.009712184413635527 -0.011863167372552219
v -0.017534979699443953 0.01012399530813446 -0.013966915794008106
v -0.019014115283004784 0.010320192827218966 -0.016156361393606655
v -0.015889118949272696 0.007917660135590143 -0.014917265646886557
v -0.01870377629426545 0.008124864010483068 -0.019409829107952525
v -0.017328154433272625 0.008087076571249296 -0.01713021741215237
v -0.020412648216863172 0.010326568140326953 -0.018422522466209346
v -0.013510598824397202 0.005203077563417091 -0.016290491877882785
v -0.01208651027866825 0.005022853613053935 -0.014103155805972323
v -0.010629187135108298 0.004792978037560236 -0.011965298267295754
v -0.006412880248443109 0.004234579287435425 -0.005398970383543034
v -0.009392875163850012 0.002353981606711686 -0.015658817081339316
v -0.008070793535197573 0.002358396880587782 -0.013443537396956584
v -0.005462137958564817 0.003362899463165425 -0.006444066830582351
v -0.003098056225106921 0.0016852391566589409 -0.00799385824025306
v -0.004351711479888554 0.0024976309532105667 -0.007315554012631287
v -0.0054557635991311915 0.00016931704490926944 -0.014955404038285436
v -0.0016791213356286139 0.000969497488294141 -0.008462993070122438
v -0.006631485300330198 -5.3747943361424824e-05 -0.017254004344301466
v -0.01203152999804169 0.0024359093869397164 -0.02018767071289118
v -0.010713520558913725 0.002379791611218235 -0.017905245677724002
v -0.016240118798097614 0.005385477321836474 -0.02083224014047924
v -0.01489372419526791 0.0053218219423786794 -0.01853571598354864
v -0.007841734304957493 -0.00017457535201994938 -0.01956301019127804
v -0.009092918827886542 -0.00018305330847922553 -0.0218832274340508
v -0.006479773829196067 -0.002231747733260625 -0.023390902676559966
v -0.005289012683312999 -0.0021595824790547613 -0.0210365744092178
v -0.013347513832825397 0.002517412782076789 -0.02250157272404074
v -0.004181188305132644 -0.0019084703636653572 -0.018669524125890513
v -0.010381346241988831 -9.41157981752469e-05 -0.024212605672742082
v -0.0031423572602311267 -0.001496966671520189 -0.016292977153269383
v -0.021301024495020693 0.007893157380214899 -0.024127947999653676
v -0.023012566705831183 0.009898979657188 -0.023138981964521133
v -0.025424044862972783 0.00909948487586687 -0.028024299045316114
v -0.023753354247120217 0.007397755974238307 -0.028989451831636925
v -0.030032107825984644 0.007396815174480487 -0.037940713777184776
v -0.028507634563268436 0.006302573503396691 -0.038820444043579094
v -0.02635686236638568 0.004921515698542156 -0.04006175422216707
v -0.021370301308003548 0.005258431684393439 -0.030365550529810603
v -0.033291639001922224 0.005595954207138765 -0.04854118196256474
v -0.01884510129792627 0.00538136555482599 -0.02554603507262443
v -0.03923396869090601 0.00571362760979216 -0.05752854429740051
v -0.04711078486093312 0.005195551642191709 -0.07395902603483773
v -0.04713890299581358 0.0052000706281546405 -0.07402582138713143
v -0.03464053127790523 0.00632817060010199 -0.047763929728381616
v -0.03808667173089475 0.005164793736678053 -0.058188750169823056
v -0.047414591180294785 0.004889882319964456 -0.07529369711873901
v -0.04722431407164773 0.004507021641226572 -0.07662649137149646
v -0.031397346080527244 0.004672737343525135 -0.049632624122559754
v -0.015976671024048872 0.0027346118795361363 -0.02720149360157187
v -0.01860752575563618 0.0029874595630545453 -0.03196037253549222
v -0.013050574922542357 0.0003048793222278773 -0.028889333189796584
v -0.015810702121207276 0.0008801573932990664 -0.03357418219771535
v -0.013349729218367634 -0.0008040812993498 -0.03499390577589079
v -0.010460258027047975 -0.001622399764826879 -0.030383191598153392
v -0.021451684063333865 0.0020023184773682035 -0.04289390767699963
v -0.0077455257280001355 -0.0021478646821725123 -0.025732909471148924
v -0.023899855795216363 0.003428157015550881 -0.041480123582748885
v -0.03647289067890247 0.0044817797882210075 -0.05911671728543233
v -0.029249106842749173 0.003660067732132455 -0.05087130597460687
v -0.046577490157868606 0.004098847107068815 -0.07780053317530733
v -0.04555060030806857 0.0037109238479818285 -0.07867460243069058
v -0.03464257595573672 0.0037356516705064347 -0.060170329090847297
v -0.02712645278074688 0.002670831568736959 -0.05209713229625823
v -0.03283500827344632 0.003007490777766353 -0.06121361069557629
v -0.019325337374203055 0.0008456742569146539 -0.0441222364401761
v -0.00011330064179220466 0.0004620867293015328 -0.008663545066342482
v -0.0024172228530779105 -0.0029292441805744973 -0.019688067417676924
v -0.001478588532105099 -0.002376146906226395 -0.01725380025798806
v 0.0008409944576124803 0.00034799261553922906 -0.008604145458723789
v 0.0017685279494104172 0.00047075020522648406 -0.008400320452094379
v -0.0019154499486907783 -0.0030368098270867894 -0.019977391238181763
v -0.0010048124075359016 -0.002435272094047508 -0.017526459572696496
v 0.002216816292198026 0.0007351885191114738 -0.008117660908029123
v -0.0034510137289778253 -0.00328381315569809 -0.022097703075951713
v -0.004599512795522009 -0.003414225978893709 -0.024476283282311995
v -0.008606728962569643 -0.0027655073525764684 -0.03145284992837838
v -0.005851467887335315 -0.003348539034626896 -0.026826125465456707
v -0.002928850313063114 -0.003430235787240804 -0.022399283519353164
v -0.005314932121952554 -0.0035358158837320297 -0.027136468268893488
v -0.0040660860085584005 -0.0035867928778067493 -0.024784676775353454
v -0.0027881115807161516 -0.0033832518277185364 -0.022480630035057736
v -0.0017800203215154187 -0.002973936460605592 -0.02005526256451229
v -0.0008768437325200329 -0.002354394309291713 -0.017599602581541696
v 0.0023788686928546965 0.0009180622536886229 -0.007945660968524115
v -0.0017427714698774188 -0.0029124859762720556 -0.020076584815891252
v -0.0027496639604054907 -0.0033286549241853813 -0.022502881165265
v 0.0024840027081632354 0.0011593709542676023 -0.0078086003197716525
v -0.003922580190050956 -0.00355208056155229 -0.02486789630750441
v -0.0038836249765612785 -0.0035032736534876263 -0.02489059947935912
v -0.005170919663940454 -0.0035100342510377414 -0.02722012649125083
v -0.005132065063095936 -0.003465995953200185 -0.027242856365987667
v -0.007943735023150655 -0.002938990494132515 -0.03183668478547674
v -0.007906503576069757 -0.0029019409604361113 -0.03185848578138528
v -0.00808341160067727 -0.0029550172301995303 -0.03175552709729579
v -0.01783010758211412 0.00015964687628856888 -0.04498602890063763
v -0.011598763063118689 -0.0018080007696599093 -0.03600438098257719
v -0.025295565852964108 0.0018608729531099238 -0.05315629448645831
v -0.011106202653065611 -0.0019753551229304694 -0.036289033706058405
v -0.017412260882579966 5.396382021918399e-05 -0.04522731614354347
v -0.0173028343789694 7.137628238665893e-05 -0.045290430312801
v -0.010975607439648316 -0.001961468670549707 -0.03636472874749552
v -0.024015938945871618 0.0013866806688911382 -0.05389747112688692
v -0.023659218958225203 0.0013219395311725446 -0.05410417432273995
v -0.03127608638543666 0.002415493126204371 -0.06211633977287745
v -0.04276535618773947 0.003080403235834611 -0.08028263473363051
v -0.04346470085596632 0.0031678649499650158 -0.07987887189706999
v -0.030185834411045054 0.002078647950674445 -0.06274963676951018
v -0.02988098858662913 0.002040923692367136 -0.06292723763854147
v -0.042563837165716656 0.0031017467064681226 -0.08039898300575832
v -0.042507848851289776 0.0031310314235115377 -0.08043130875192261
v -0.029800872310851156 0.002061109163906949 -0.06297404779091131
v -0.023566151784615297 0.0013411187570514654 -0.054158064553571084
v -0.010941220803188378 -0.0019288676701227636 -0.03638475972378874
v -0.017274634228093833 9.865732959613537e-05 -0.04530666185043719
v -0.02354234807254718 0.0013644136838476123 -0.054171827981959186
v -0.02978014705962262 0.002081627229380406 -0.0629862204904641
v -0.04249206363325486 0.0031506265706214565 -0.08044043350821539
v -0.04248481189340847 0.003173639209806539 -0.08044463730480178
v -0.04555060030806857 0.0037109238479818285 -0.07867460243069058
v -0.046577490157868606 0.004098847107068815 -0.07780053317530733
v -0.04555060030806857 0.004781863916548945 -0.07867460243069058
v -0.04655688697695837 0.0050382854947378375 -0.0778255804787431
v -0.047210626937208566 0.005183709867642439 -0.07666661435924205
v -0.04722431407164773 0.004507021641226572 -0.07662649137149646
v -0.047414591180294785 0.004889882319964456 -0.07529369711873901
v -0.047416254388381596 0.0052359187705738885 -0.07534456229449482
v -0.04713890299581358 0.0052000706281546405 -0.07402582138713143
v -0.04711078486093312 0.005195551642191709 -0.07395902603483773
v -0.04248481189340847 0.003173639209806539 -0.08044463730480178
v -0.042563837165716656 0.0031017467064681226 -0.08039898300575832
v -0.04248613177872507 0.0032010377973810955 -0.08044387436531242
v -0.04276535618773947 0.003080403235834611 -0.08028263473363051
v -0.04249206363325486 0.0031506265706214565 -0.08044043350821539
v -0.042507848851289776 0.0031310314235115377 -0.08043130875192261
v -0.04346470085596632 0.0031678649499650158 -0.07987887189706999
v -0.042733026626877724 0.0034801477654720914 -0.0803013267511199
v -0.04342648903164159 0.003919455476004835 -0.07990095136589215
v -0.04249658023503189 0.003231975947349114 -0.08043783951395156
v -0.04254355441939195 0.003303626455818248 -0.08041071701510472
v 0.002582491758938016 0.0014236127814317573 -0.007618400935585079
v 0.002685792812123361 0.0016624807909005473 -0.007535683512985558
v 0.00278241671426524 0.001126430684186483 -0.007500543950617056
v 0.0024834181057795113 0.0013281129037344408 -0.007783795249623748
v 0.0025989795965589146 0.0011446456260764265 -0.007621227149555987
v 0.0024665557125530535 0.0016991784187574827 -0.007657795792955502
v 0.0020770991835110386 0.0022025860402098696 -0.007780691516413585
v 0.0024062682341036146 0.0021253419931907547 -0.007629539852129774
v 3.9407094369757836e-16 0.004312014307745471 -0.00800000037997961
v 0.0016699668962213282 0.0029081715534597097 -0.007823759927425289
v 0.0010898315232073935 0.0031009236854939726 -0.007995694063399339
v 0.002433455105969873 0.0014899211637545151 -0.007796991241766638
v 0.0024840027081632354 0.0011593709542676023 -0.0078086003197716525
v 0.0022616494776160623 0.0017733968146547985 -0.00786202849537454
v 0.0018190596967675166 0.0022559555648395124 -0.008008461378916643
v 0.0008073737408742857 0.003115457444347741 -0.008228789720375329
v -0.0010790945804061564 0.004761842476999345 -0.008029375457668797
v -0.003143904835301581 0.006404188460310545 -0.0073922923738201085
v -0.003871849720798737 0.007091693261336851 -0.007000627373374979
v -0.002593992356484387 0.006246734915844598 -0.007567774178419695
v -0.0012949739117582015 0.005307511104906959 -0.007894494908507188
v -0.004183612545360094 0.007058957435197022 -0.006862795202063898
v -0.005178883321697858 0.00760499227405953 -0.0061577165667373035
v -0.005092344049093811 0.0078000005612149925 -0.006169930274287638
v -0.004309687819140096 0.006903883785100706 -0.006924850315942754
v -0.005307751907683289 0.00744560515482523 -0.006218173799223126
v -0.0033727659396930176 0.006164475733775876 -0.007579737069612902
v -0.0032598935721950273 0.006262087165719299 -0.007455664035155296
v -0.0035227884535325715 0.00616597300252375 -0.007708155044462428
v -0.001347914402134373 0.0047114455553551315 -0.008260751162933455
v -0.004442589017163989 0.006805628146125953 -0.00705321202400494
v -0.00545541026278018 0.007350954404937715 -0.006340257945799399
v -0.005594886091853657 0.007338328233225944 -0.0065016687620292335
v -0.008006412886387704 0.007687386877887614 -0.002779669416847763
v -0.008150302320407143 0.007399560802967831 -0.0022197788816026576
v -0.007989225290203905 0.007442365523018524 -0.002149614674626238
v -0.007654824143644434 0.007794444454383709 -0.0031788732131221575
v -0.007024221753920701 0.007856820479685278 -0.004327188220514533
v -0.007710129627228335 0.007826543702887101 -0.003337845245590526
v -0.007075434067144171 0.007871593372385244 -0.004469505999185885
v -0.007543992400861899 0.007811974419663359 -0.0031099242257011384
v -0.006920993656824026 0.007864750282002841 -0.004270461285294513
v -0.007443644877174749 0.007862570659249168 -0.0030412553801238695
v -0.0077950114137917415 0.007656596070608479 -0.0019424613444744832
v -0.007787278068392689 0.0078000005612149925 -0.001832568732519635
v -0.007865395919545715 0.0075319498778594896 -0.002052961208579146
v -0.006821764793163154 0.0079000553068731 -0.004217131338150881
v -0.006727768740724949 0.007958656689051047 -0.0041822950442294005
v -0.006202069577114222 0.007732870946057513 -0.005361669795070911
v -0.006333364787513007 0.007704111942005987 -0.005441661616344684
v -0.006423839874207804 0.007709940322867537 -0.005572275426412032
v -0.00545541026278018 0.007350954404937715 -0.006340257945799399
v -0.006079621603768959 0.007806771649183086 -0.005298349632151256
v -0.005594886091853657 0.007338328233225944 -0.0065016687620292335
v -0.005307751907683289 0.00744560515482523 -0.006218173799223126
v -0.0059946134553526265 0.007913814920563755 -0.005243777524151505
v -0.005178883321697858 0.00760499227405953 -0.0061577165667373035
v -0.005092344049093811 0.0078000005612149925 -0.006169930274287638
v 0.0023436881224886408 0.0005199401625589906 -0.007677605993633985
v 0.0017814981591481732 -1.0408341350230506e-17 -0.0077991198429419595
v 0.0017308618652391722 0.00020096919895096557 -0.007858343020803737
v 0.002271029580219186 0.0006312771143346385 -0.00778815783299136
v 0.0024817072139746155 0.0008543165731897048 -0.007685387976425484
v 0.002568390014570099 0.0007923980135585151 -0.007596266153649944
v 0.0024481176108624714 0.00041058029694444886 -0.007616214637110874
v 0.0017103279449294517 0.00036459024492101894 -0.007997146986289394
v 0.002216816292198026 0.0007351885191114738 -0.008117660908029123
v 0.0017237125261773678 0.00046045582693372486 -0.008189736755263577
v 0.0017685279494104172 0.00047075020522648406 -0.008400320452094379
v 0.0022367669214262698 0.0007151643377480837 -0.007935418982716602
v 0.0023788686928546965 0.0009180622536886229 -0.007945660968524115
v 0.002422562714247678 0.0009064916206813142 -0.007799713028394939
v 0.002675890811225795 0.0007367998115502192 -0.007539204955566148
v 0.00278241671426524 0.001126430684186483 -0.007500543950617056
v 0.0025989795965589146 0.0011446456260764265 -0.007621227149555987
v 0.0024840027081632354 0.0011593709542676023 -0.0078086003197716525
v -0.0077950114137917415 0.007656596070608479 -0.0019424613444744832
v -0.007865395919545715 0.0075319498778594896 -0.002052961208579146
v -0.007899620908201344 0.0072858856800758764 -0.0017394252649607922
v -0.007989225290203905 0.007442365523018524 -0.002149614674626238
v -0.008102640536832295 0.007195699079875495 -0.0019495458336796917
v -0.007856544390957565 0.0073678759259745985 -0.0016197032505691628
v -0.007787278068392689 0.0078000005612149925 -0.001832568732519635
v -0.007890618222226864 0.0069989479528240195 -0.0013183893591518087
v -0.007858046428077248 0.0074496382437008735 -0.0015003703353171083
v -0.007904368776011084 0.006969656798478663 -0.0015397319332941667
v -0.008014077567232714 0.0069462283572718775 -0.0017332639325377125
v 0.0008553810525913086 0.00037270413619271484 -0.008407284182283536
v 0.0017685279494104172 0.00047075020522648406 -0.008400320452094379
v 0.0017237125261773678 0.00046045582693372486 -0.008189736755263577
v 0.0008409944576124803 0.00034799261553922906 -0.008604145458723789
v 0.0008325480022094642 0.00031384553015802175 -0.008204232605561468
v 0.0017103279449294517 0.00036459024492101894 -0.007997146986289394
v 0.0017308618652391722 0.00020096919895096557 -0.007858343020803737
v 0.0017814981591481732 -1.0408341350230506e-17 -0.0077991198429419595
v -0.0001953922602953434 -1.0408341350230506e-17 -0.007997613809889448
v -0.00010288595151825182 0.00048409318243037083 -0.008428996486476437
v -0.00011330064179220466 0.0004620867293015328 -0.008663545066342482
v -0.00014906769208838412 0.0002241400437719577 -0.008054368401665957
v -0.00011576302154354175 0.00039842619404172053 -0.008209677132492432
v -0.007899320500777407 0.0068130744355421324 -0.0015256334075772204
v -0.007880567448128872 0.006586912944850087 -0.0013771925626665515
v -0.007890618222226864 0.0069989479528240195 -0.0013183893591518087
v -0.007904368776011084 0.006969656798478663 -0.0015397319332941667
v -0.007889167206685532 0.006658514339089594 -0.0015677247792053595
v -0.00799202766231577 0.006846753922462867 -0.0017079380369790231
v -0.007835628881693868 0.0062444680318868295 -0.001613357739784979
v -0.0054327776628282365 0.0031921552743761905 -0.005913920206585821
v -0.005495249055565976 0.0030629943871988974 -0.005813969888270321
v -0.006420272655257853 0.00397760743913983 -0.004772851216993668
v -0.007156608921463636 0.0048598539753375025 -0.0035753254204444473
v -0.007158086639887096 0.00508428693124896 -0.0037570373412304514
v -0.007848986044803885 0.0063811391046625365 -0.001785177077207739
v -0.00767643869621526 0.0057328317504137805 -0.0022521763917626725
v -0.0076931437331720365 0.005922544283838704 -0.0024155667975488126
v -0.004404620379801494 0.0021515427657670116 -0.006678272564515364
v -0.006394378012151702 0.004222266874588654 -0.004979109523756964
v -0.007980034253542989 0.006744354091549332 -0.0017292455064053802
v -0.008014077567232714 0.0069462283572718775 -0.0017332639325377125
v -0.007965979477637386 0.006576777770571085 -0.0018530802414818554
v -0.007916989225676685 0.006319140257571021 -0.0021773408493440394
v -0.007741196046398002 0.005890896123308398 -0.0028664237430203743
v -0.007181636674574998 0.005076391938045599 -0.004201388558625063
v -0.006412880248443109 0.004234579287435425 -0.005398970383543034
v -0.005491948388600121 0.003424264116806408 -0.006187967117490534
v -0.005436001082170794 0.003327425161095965 -0.006040360260809174
v -0.004323985305170752 0.0022942141192079657 -0.006773418748233784
v -0.0031665765359023545 0.0012940226215824024 -0.00734661804761505
v -0.004312233176011482 0.0024399019446549874 -0.00691525158349221
v -0.003075805333318249 0.0014551913237336594 -0.007429731721911859
v -0.0030494481581466726 0.0016131099036602314 -0.007582928540864342
v -0.004357883183520317 0.0025351530325531946 -0.007089386323055891
v -0.0017585570455402183 0.0005375448124620916 -0.0078043245207709555
v -0.0016746000846890735 0.000723397825745202 -0.007869941131553593
v -0.0001953922602953434 -1.0408341350230506e-17 -0.007997613809889448
v -0.001637460547974784 0.0008957793542041861 -0.008030095481811883
v -0.00014906769208838412 0.0002241400437719577 -0.008054368401665957
v -0.003080567267824824 0.001705791912037305 -0.007781784904069278
v -0.005462137958564817 0.003362899463165425 -0.006444066830582351
v -0.004351711479888554 0.0024976309532105667 -0.007315554012631287
v -0.003098056225106921 0.0016852391566589409 -0.00799385824025306
v -0.0016488605328759953 0.0009852003327060627 -0.008250589762609506
v -0.00010288595151825182 0.00048409318243037083 -0.008428996486476437
v -0.00011576302154354175 0.00039842619404172053 -0.008209677132492432
v -0.0016791213356286139 0.000969497488294141 -0.008462993070122438
v -0.00011330064179220466 0.0004620867293015328 -0.008663545066342482
v -0.007888974564464468 0.0014236127814317573 0.0015726969989086903
v -0.00785756625303613 0.0017854240788674203 0.001502883505678787
v -0.00788687028198537 0.001126430684186483 0.0013406284492202547
v -0.007982673547339003 0.0013281129037344408 0.0017411944501110471
v -0.007899666207733524 0.0011446456260764265 0.0015598310973042456
v -0.007865123645515448 0.0016991784187574827 0.0016927978604405064
v -0.007776826274225601 0.0022025860402098696 0.0020915251771619348
v -0.00777007902811655 0.0023331695711162337 0.0019041738222472931
v -0.00645544273520593 0.004982403038165106 0.00472517322095467
v -0.00747349297734734 0.003271530545175122 0.002854278700024082
v -0.007469390270243292 0.0031009236854939726 0.003054025318245668
v -0.007969119927310475 0.0014899211637545151 0.0017910616056473344
v -0.008004447363528233 0.0011593709542676023 0.00175309070330823
v -0.007939541240145065 0.0017733968146547985 0.001972368453248205
v -0.007845061197968295 0.0022559555648395124 0.0024288788995452393
v -0.007530027270346296 0.003115457444347741 0.003415188474743258
v -0.0064140957064171 0.004761842476999345 0.004949210878843202
v -0.00482996057563273 0.006404188460310545 0.006418847388924287
v -0.003919462151725367 0.007220383510216644 0.006974082324354147
v -0.004900202030232448 0.0065423744448098176 0.006323608698792782
v -0.0048268477825161304 0.006262087165719299 0.006550982786435733
v -0.0038515488546611576 0.007058957435197022 0.007054512358997123
v -0.0027432974687853495 0.00760499227405953 0.00756390273734836
v -0.0027971440690144345 0.0078000005612149925 0.007495064614571889
v -0.0038422524369832733 0.006903883785100706 0.007194723947840653
v -0.0027312203750873287 0.00744560515482523 0.007705735095769606
v -0.006480063269364844 0.0047114455553551315 0.005297703517771202
v -0.004877861731472366 0.006164475733775876 0.0067107694952275865
v -0.0038869664131060966 0.006805628146125953 0.007374000899562638
v -0.004914063687079806 0.00616597300252375 0.0069049018324818245
v -0.002763119351974763 0.007350954404937715 0.00789465274161405
v -0.002833167210679055 0.007338328233225944 0.008096147921777819
v 0.0015959422154287334 0.007687386877887614 0.008323591627649174
v 0.0021527660915544866 0.007399560802967831 0.008168258101289294
v 0.002132991892083158 0.007442365523018524 0.00799367942631024
v 0.0010744269404520945 0.007794444454383709 0.008218708428697763
v -0.00023534404859183906 0.007856820479685278 0.008246748362280565
v 0.0009644059996909496 0.007826543702887101 0.00834609071319048
v -0.0003329886058181693 0.007871593372385244 0.008362258354644436
v 0.0010787227666143873 0.007811974419663359 0.008088250544388553
v -0.0002378312313271614 0.007864750282002841 0.008128986744748712
v 0.0010880181114086146 0.007862570659249168 0.007967013260645472
v 0.0022152846911731305 0.007656596070608479 0.007721908459269733
v 0.0023065878056324762 0.0078000005612149925 0.007660264855877952
v 0.0021547814438993562 0.0075319498778594896 0.007838113203406105
v -0.00024126058472719904 0.0079000553068731 0.008016387366536759
v -2.2667787236060587e-16 0.007960553547356475 0.007919258970657539
v -0.001542307569326537 0.007732870946057513 0.00805198516943606
v -0.0015459347505519805 0.007704111942005987 0.008205686005288704
v -0.0016138120464090355 0.007709940322867537 0.008349345603786973
v -0.002763119351974763 0.007350954404937715 0.00789465274161405
v -0.002833167210679055 0.007338328233225944 0.008096147921777819
v -0.0015486948033640452 0.007806771649183086 0.00791428174416381
v -0.0014163538890276522 0.007921171564589935 0.007832078828882427
v -0.0027432974687853495 0.00760499227405953 0.00756390273734836
v -0.0027971440690144345 0.0078000005612149925 0.007495064614571889
v -0.0027312203750873287 0.00744560515482523 0.007705735095769606
v -0.007820845498575923 0.0005199401625589906 0.0018091095353146847
v -0.007644985085254741 -1.0408341350230506e-17 0.0023567372487798277
v -0.007670955545472646 0.00020096919895096557 0.002430201169047741
v -0.007880257027124138 0.0006312771143346385 0.0019273094854250356
v -0.007896594899451659 0.0008543165731897048 0.0016934725850514115
v -0.007862754241563796 0.0007923980135585151 0.0015738420041892104
v -0.007819894208400124 0.00041058029694444886 0.0016879752484026678
v -0.007780896556401351 0.00036459024492101894 0.002517386079194661
v -0.008138508229575958 0.0007351885191114738 0.002139011246235639
v -0.007954376121678541 0.00046045582693372486 0.0026020895286524293
v -0.008159155279506836 0.00047075020522648406 0.0026685701684067697
v -0.007990657709095184 0.0007151643377480837 0.0020306125651683993
v -0.008070578004791829 0.0009180622536886229 0.0019126696302985274
v -0.007966030976052918 0.0009064916206813142 0.0018018557689102738
v -0.007867088691537738 0.0007367998115502192 0.0014522132371206503
v -0.00788687028198537 0.001126430684186483 0.0013406284492202547
v -0.007899666207733524 0.0011446456260764265 0.0015598310973042456
v -0.008004447363528233 0.0011593709542676023 0.00175309070330823
v 0.0022152846911731305 0.007656596070608479 0.007721908459269733
v 0.0021547814438993562 0.0075319498778594896 0.007838113203406105
v 0.002443423864072758 0.0072858856800758764 0.007710985073130783
v 0.002132991892083158 0.007442365523018524 0.00799367942631024
v 0.0021527660915544866 0.007399560802967831 0.008168258101289294
v 0.0023629640271059793 0.007195699079875495 0.007991865537674281
v 0.002525568128380895 0.0073678759259745985 0.007613819007114275
v 0.0023065878056324762 0.0078000005612149925 0.007660264855877952
v 0.0028035503765391767 0.0069989479528240195 0.007492670415086833
v 0.0026296645459839008 0.0074496382437008735 0.007555453182503669
v 0.0026187373451475038 0.006969656798478663 0.007615249995494011
v 0.002505988478479354 0.0069462283572718775 0.007807027233912023
v -0.007708612808156046 0.00037270413619271484 0.0034628605103174948
v -0.008159155279506836 0.00047075020522648406 0.0026685701684067697
v -0.007954376121678541 0.00046045582693372486 0.0026020895286524293
v -0.007871905700738702 0.00034799261553922906 0.0035737499503989134
v -0.007521347879980433 0.00031384553015802175 0.0033811086830091985
v -0.007780896556401351 0.00036459024492101894 0.002517386079194661
v -0.007670955545472646 0.00020096919895096557 0.002430201169047741
v -0.007644985085254741 -1.0408341350230506e-17 0.0023567372487798277
v -0.006828440513695078 -1.0408341350230506e-17 0.004168021400057786
v -0.007248282299993913 0.00048409318243037083 0.004303600038852162
v -0.007446199770789752 0.0004620867293015328 0.004429893704060994
v -0.006900753349008415 0.0002241400437719577 0.004156280238153676
v -0.00705190739747813 0.00039842619404172053 0.004205092153008738
v 0.0026284231003835534 0.0068130744355421324 0.007603828791338252
v 0.002747599970668174 0.006586912944850087 0.007513368009758881
v 0.0028035503765391767 0.0069989479528240195 0.007492670415086833
v 0.0026187373451475038 0.006969656798478663 0.007615249995494011
v 0.002586894158210229 0.006658514339089594 0.0076160815995374165
v 0.002516896128991336 0.006846753922462867 0.007775267970318578
v 0.0025206056838397717 0.0062444680318868295 0.007592532518523876
v -0.0024052163312826558 0.0031921552743761905 0.007661883241269762
v -0.0022874210967295527 0.0030629943871988974 0.007666010267070034
v -0.0009232740244706841 0.00397760743913983 0.007946544547820233
v 0.00048198186660285483 0.0048598539753375025 0.007985467813218794
v 0.0003253536080876675 0.00508428693124896 0.008077603723814497
v 0.00237848436208693 0.0063811391046625365 0.007690009959219479
v 0.0018877772989465275 0.0057328317504137805 0.007774078738389534
v 0.0017546295761001335 0.005922544283838704 0.007870241062140348
v -0.003581243685114588 0.0021515427657670116 0.00715364919308209
v -0.0011148465209241676 0.004222266874588654 0.008027248763842199
v 0.002492446540961757 0.006744354091549332 0.007775535475977036
v 0.002505988478479354 0.0069462283572718775 0.007807027233912023
v 0.0023781751331751477 0.006576777770571085 0.007825280561195025
v 0.0020728620083219906 0.006319140257571021 0.007944984336564487
v 0.0013882022563352359 0.005890896123308398 0.008137283711695531
v -4.7691008478627835e-05 0.005076391938045599 0.008320173658736829
v -0.0014692052108510045 0.004234579287435425 0.008253202830360573
v -0.002612962370050209 0.003424264116806408 0.007850150481199525
v -0.002513105034984975 0.003327425161095965 0.007727895150075326
v -0.0037039601177926706 0.0022942141192079657 0.007131390433479934
v -0.004779069650669154 0.0012940226215824024 0.006415644950417687
v -0.003832667055973793 0.0024399019446549874 0.007192129476739639
v -0.004896433585992177 0.0014551913237336594 0.006378591363605246
v -0.0050422847281736405 0.0016131099036602314 0.0064323638156527085
v -0.003960647294291297 0.0025351530325531946 0.007318730701930121
v -0.005879464905571841 0.0005375448124620916 0.005425117273517854
v -0.005978268907304574 0.000723397825745202 0.005385216491898548
v -0.006828440513695078 -1.0408341350230506e-17 0.004168021400057786
v -0.006135536008432807 0.0008957793542041861 0.005433130045504886
v -0.006900753349008415 0.0002241400437719577 0.004156280238153676
v -0.005198940047198841 0.001705791912037305 0.006558742357879732
v -0.0028496564788114964 0.003362899463165425 0.007952383895936943
v -0.004159599501769584 0.0024976309532105667 0.007426469678757652
v -0.005373856322901938 0.0016852391566589409 0.006679924328509834
v -0.006320790114216768 0.0009852003327060627 0.005553250099733231
v -0.007248282299993913 0.00048409318243037083 0.004303600038852162
v -0.00705190739747813 0.00039842619404172053 0.004205092153008738
v -0.006489606211865229 0.000969497488294141 0.005685658248112124
v -0.007446199770789752 0.0004620867293015328 0.004429893704060994
v 0.005306483043945043 0.0014236127814317573 0.006045703698257798
v 0.005230318317884786 0.0017854240788674203 0.006053410340774723
v 0.005104453329301539 0.001126430684186483 0.006159915739815391
v 0.005499255441559492 0.0013281129037344408 0.0060426009187219965
v 0.005300686134337429 0.0011446456260764265 0.006061395933042446
v 0.005398567932962395 0.0016991784187574827 0.005964998051724291
v 0.005699726852295972 0.0022025860402098696 0.00568916633925165
v 0.005534102225898951 0.0023331695711162337 0.005776998794290167
v 0.007319841732561505 0.004982403038165106 0.003227990780610146
v 0.00620862465783939 0.003271530545175122 0.005045095683354761
v 0.006379558389408013 0.0031009236854939726 0.004941668745153671
v 0.005535664821340602 0.0014899211637545151 0.006005929755328598
v 0.005520445132202179 0.0011593709542676023 0.006055509854882013
v 0.005677892000947593 0.0017733968146547985 0.00588966016133563
v 0.006026001739619369 0.0022559555648395124 0.005579582956208584
v 0.006722653708285953 0.003115457444347741 0.00481360076879489
v 0.007493190167613961 0.004761842476999345 0.0030801643404070045
v 0.007973865410934311 0.006404188460310545 0.0009734448060818787
v 0.007999463461313971 0.007220383510216644 -9.268738024593905e-05
v 0.007926506895806484 0.0065423744448098176 0.0010818950451692982
v 0.008086740877873977 0.006262087165719299 0.0009046814275335061
v 0.008035161400021251 0.007058957435197022 -0.000191716903613472
v 0.007922180552064617 0.00760499227405953 -0.0014061861706110568
v 0.007889488118108245 0.0078000005612149925 -0.0013251343402842508
v 0.008151939779286188 0.006903883785100706 -0.00026987392992113696
v 0.008038972282770618 0.00744560515482523 -0.001487561177337185
v 0.007827977552289922 0.0047114455553551315 0.002963047406743663
v 0.008250627909583974 0.006164475733775876 0.0008689675147806677
v 0.008329555907107267 0.006805628146125953 -0.0003207888457553744
v 0.008436851902193787 0.00616597300252375 0.0008032531523759559
v 0.008218529137917763 0.007350954404937715 -0.0015543949150239461
v 0.008428053302532712 0.007338328233225944 -0.0015944792789578804
v 0.006410470790168266 0.007687386877887614 -0.005543922687638592
v 0.005997535990434066 0.007399560802967831 -0.005948479458105227
v 0.005856233398120747 0.007442365523018524 -0.005844064990102593
v 0.006580396964773749 0.007794444454383709 -0.005039835215575605
v 0.0072595656982044066 0.007856820479685278 -0.003919560380184622
v 0.006745723567932738 0.007826543702887101 -0.005008245229181363
v 0.007408422821973959 0.007871593372385244 -0.0038927528322957317
v 0.006465269395828921 0.007811974419663359 -0.004978326557106005
v 0.007158824783843054 0.007864750282002841 -0.003858525697872789
v 0.006355626884975429 0.007862570659249168 -0.004925758118940193
v 0.0055797264842000205 0.007656596070608479 -0.00577944735321384
v 0.005480690262760213 0.0078000005612149925 -0.005827696123358317
v 0.005710614475646358 0.0075319498778594896 -0.00578515223324555
v 0.0070630253331868675 0.0079000553068731 -0.003799256028385878
v 0.00698585829537246 0.007958656689051047 -0.0037352709160175246
v 0.007744377027231464 0.007732870946057513 -0.002690314897527968
v 0.007879300014902169 0.007704111942005987 -0.0027640241505254293
v 0.008037651443779659 0.007709940322867537 -0.002777070892630712
v 0.008218529137917763 0.007350954404937715 -0.0015543949150239461
v 0.007628316287923709 0.007806771649183086 -0.0026159316351753725
v 0.008428053302532712 0.007338328233225944 -0.0015944792789578804
v 0.008038972282770618 0.00744560515482523 -0.001487561177337185
v 0.0075385512117912 0.007913814920563755 -0.0025695985584049674
v 0.007922180552064617 0.00760499227405953 -0.0014061861706110568
v 0.007889488118108245 0.0078000005612149925 -0.0013251343402842508
v 0.0054771578529244636 0.0005199401625589906 0.00586849621990071
v 0.005863487045315863 0.0 0.005442382594162132
v 0.005940093799442769 0.00020096919895096557 0.0054281418517559965
v 0.005609227446904952 0.0006312771143346385 0.0058608482283570296
v 0.005414887685477043 0.0008543165731897048 0.005991915510583368
v 0.0052943642269936975 0.0007923980135585151 0.006022424030251439
v 0.005371776359119063 0.00041058029694444886 0.005928239627126797
v 0.006070568373053309 0.00036459024492101894 0.005479760907094733
v 0.005921692175796522 0.0007351885191114738 0.005978649423374893
v 0.0062306635955011735 0.00046045582693372486 0.005587647226611148
v 0.006390626734049942 0.00047075020522648406 0.005731750283687609
v 0.005753891264506095 0.0007151643377480837 0.005904806417548203
v 0.005691709788774313 0.0009180622536886229 0.006032991219016293
v 0.00554346826180524 0.0009064916206813142 0.00599785737869396
v 0.0051911976418933525 0.0007367998115502192 0.006086992076073383
v 0.005104453329301539 0.001126430684186483 0.006159915739815391
v 0.005300686134337429 0.0011446456260764265 0.006061395933042446
v 0.005520445132202179 0.0011593709542676023 0.006055509854882013
v 0.0055797264842000205 0.007656596070608479 -0.00577944735321384
v 0.005710614475646358 0.0075319498778594896 -0.00578515223324555
v 0.005456197044128586 0.0072858856800758764 -0.0059715598081699905
v 0.005856233398120747 0.007442365523018524 -0.005844064990102593
v 0.005997535990434066 0.007399560802967831 -0.005948479458105227
v 0.005739676748144906 0.007195699079875495 -0.006042319584785294
v 0.00533097626257667 0.0073678759259745985 -0.005994115637335817
v 0.005480690262760213 0.0078000005612149925 -0.005827696123358317
v 0.005087067845687687 0.0069989479528240195 -0.006174280936725729
v 0.005228381882093347 0.0074496382437008735 -0.00605508260876797
v 0.00528563143086358 0.006969656798478663 -0.00607551841982773
v 0.00550808932717195 0.0069462283572718775 -0.006073763182165015
v 0.006853231755564737 0.00037270413619271484 0.004944423910384632
v 0.006390626734049942 0.00047075020522648406 0.005731750283687609
v 0.0062306635955011735 0.00046045582693372486 0.005587647226611148
v 0.007030910825893688 0.00034799261553922906 0.005030395269906285
v 0.006688799698957026 0.00031384553015802175 0.00482312416097086
v 0.006070568373053309 0.00036459024492101894 0.005479760907094733
v 0.005940093799442769 0.00020096919895096557 0.0054281418517559965
v 0.005863487045315863 0.0 0.005442382594162132
v 0.007023833131618307 -1.0408341350230506e-17 0.003829592171413071
v 0.007351168027994737 0.00048409318243037083 0.004125396447624274
v 0.007559500576494738 0.0004620867293015328 0.0042336513622814875
v 0.007049821234811904 0.0002241400437719577 0.0038980876866751
v 0.0071676705903850335 0.00039842619404172053 0.004004584979483694
v 0.005270897638812444 0.0068130744355421324 -0.006078195860598212
v 0.005132967715879289 0.006586912944850087 -0.006136175447092329
v 0.005087067845687687 0.0069989479528240195 -0.006174280936725729
v 0.00528563143086358 0.006969656798478663 -0.00607551841982773
v 0.005302273048475303 0.006658514339089594 -0.006048356820332057
v 0.005475131771743025 0.006846753922462867 -0.006067329694920964
v 0.005315023197854096 0.0062444680318868295 -0.005979174897948192
v 0.007837993517273711 0.0031921552743761905 -0.0017479632731025319
v 0.007782669913876938 0.0030629943871988974 -0.0018520401403811226
v 0.007343546739333184 0.00397760743913983 -0.0031736935692451562
v 0.006674627144267753 0.0048598539753375025 -0.004410142631192937
v 0.006832733478834285 0.00508428693124896 -0.004320566382584046
v 0.005470501682716955 0.0063811391046625365 -0.00590483264359315
v 0.005788661278059437 0.0057328317504137805 -0.005521902823464042
v 0.005938514037862608 0.005922544283838704 -0.005454674503010126
v 0.007985864064916082 0.0021515427657670116 -0.00047537674777602124
v 0.00750922429465728 0.004222266874588654 -0.003048138763248054
v 0.005487587712581232 0.006744354091549332 -0.006046289731153065
v 0.00550808932717195 0.0069462283572718775 -0.006073763182165015
v 0.005587804106043648 0.006576777770571085 -0.005972200677341055
v 0.005844126978936104 0.006319140257571021 -0.005767643248801857
v 0.006352993790062766 0.005890896123308398 -0.005270860445512338
v 0.0072293275452178785 0.005076391938045599 -0.004118785576948947
v 0.007882085697712704 0.004234579287435425 -0.002854232208398949
v 0.00810491123548751 0.003424264116806408 -0.001662183244499696
v 0.007949106117155769 0.003327425161095965 -0.0016875348892661513
v 0.008027944946126242 0.0022942141192079657 -0.0003579717448507977
v 0.007945646186571509 0.0012940226215824024 0.0009309732760113057
v 0.008144900708822456 0.0024399019446549874 -0.00027687774423581016
v 0.007972238919310426 0.0014551913237336594 0.0010511403583066126
v 0.008091732409483132 0.0016131099036602314 0.0011505647252116336
v 0.008318530477811614 0.0025351530325531946 -0.00022934414045563956
v 0.007638021831902764 0.0005375448124620916 0.002379207247253101
v 0.007652869111202942 0.000723397825745202 0.0024847244012364544
v 0.007023833131618307 -1.0408341350230506e-17 0.003829592171413071
v 0.007772996794826181 0.0008957793542041861 0.0025969651978884067
v 0.007049821234811904 0.0002241400437719577 0.0038980876866751
v 0.008279507076605075 0.001705791912037305 0.0012230430230267264
v 0.008311794675794903 0.003362899463165425 -0.0015083170653545919
v 0.008511310981658138 0.0024976309532105667 -0.00011091581513798451
v 0.008471912786427449 0.0016852391566589409 0.0013139337925339306
v 0.007969650647092763 0.0009852003327060627 0.002697339901294865
v 0.007351168027994737 0.00048409318243037083 0.004125396447624274
v 0.0071676705903850335 0.00039842619404172053 0.004004584979483694
v 0.008168727309075252 0.000969497488294141 0.0027773348220103133
v 0.007559500576494738 0.0004620867293015328 0.0042336513622814875
f 1 2 3
f 2 1 4
f 5 3 6
f 6 3 2
f 5 6 7
f 1 3 8
f 9 8 10
f 9 1 8
f 11 12 5
f 11 5 7
f 5 12 13
f 13 8 3
f 5 13 3
f 8 13 14
f 7 15 11
f 1 9 4
f 15 16 17
f 18 19 20
f 19 21 20
f 16 18 22
f 12 11 23
f 11 17 23
f 24 17 22
f 20 22 18
f 25 20 21
f 26 22 20
f 17 16 22
f 27 20 25
f 21 28 25
f 17 11 15
f 13 12 29
f 4 30 31
f 4 9 30
f 10 14 32
f 14 10 8
f 29 14 13
f 14 29 33
f 30 9 10
f 30 10 32
f 34 31 30
f 14 35 32
f 35 14 33
f 34 30 32
f 29 36 33
f 36 29 12
f 23 24 37
f 23 37 36
f 26 24 22
f 27 26 20
f 38 24 26
f 23 17 24
f 26 27 39
f 40 37 41
f 37 40 36
f 41 37 38
f 42 43 39
f 38 43 41
f 38 39 43
f 37 24 38
f 26 39 38
f 36 40 33
f 12 23 36
f 44 45 25
f 45 27 25
f 46 47 48
f 49 50 44
f 45 50 51
f 50 45 44
f 52 53 51
f 54 55 56
f 54 57 47
f 45 51 58
f 59 60 46
f 45 61 27
f 62 63 59
f 64 65 66
f 65 67 68
f 63 64 69
f 55 46 60
f 59 69 70
f 71 69 66
f 66 69 64
f 68 66 65
f 70 60 59
f 59 63 69
f 71 66 68
f 59 46 62
f 55 60 72
f 61 73 42
f 27 61 39
f 58 53 74
f 58 61 45
f 53 54 74
f 58 74 75
f 53 58 51
f 61 58 73
f 73 58 75
f 76 56 77
f 76 75 74
f 77 56 72
f 56 76 74
f 56 74 54
f 61 42 39
f 60 78 72
f 72 56 55
f 78 70 79
f 79 70 71
f 80 71 68
f 79 71 80
f 70 69 71
f 72 78 81
f 82 79 83
f 82 81 78
f 84 85 83
f 84 79 80
f 84 83 79
f 78 79 82
f 72 81 77
f 78 60 70
f 44 25 28
f 44 28 49
f 50 52 51
f 46 55 47
f 54 47 55
f 53 57 54
f 62 46 48
f 86 87 88
f 89 88 90
f 90 91 92
f 89 90 92
f 89 86 88
f 86 93 87
f 94 95 96
f 97 98 99
f 100 101 97
f 101 102 103
f 98 93 99
f 101 100 102
f 103 102 94
f 100 97 99
f 94 96 103
f 87 93 98
f 104 105 106
f 107 108 109
f 110 111 112
f 112 106 110
f 109 112 111
f 111 107 109
f 110 106 105
f 107 65 108
f 113 108 65
f 65 64 113
f 114 64 63
f 115 116 63
f 63 117 115
f 64 118 113
f 114 63 116
f 119 120 121
f 122 121 120
f 123 114 121
f 121 114 116
f 118 64 114
f 123 121 122
f 124 121 116
f 116 125 124
f 62 117 63
f 126 127 124
f 128 129 130
f 128 130 131
f 129 127 126
f 132 131 133
f 127 129 128
f 132 133 134
f 131 132 128
f 135 136 137
f 138 137 136
f 135 137 134
f 134 133 135
f 126 124 125
f 139 140 141
f 139 142 140
f 141 140 143
f 144 143 145
f 146 147 148
f 149 148 150
f 144 145 147
f 151 150 152
f 144 141 143
f 149 146 148
f 144 147 146
f 153 154 151
f 155 156 151
f 151 156 153
f 155 151 157
f 154 150 151
f 149 150 154
f 152 158 151
f 159 160 152
f 158 161 162
f 158 162 151
f 163 164 165
f 166 164 167
f 168 163 165
f 159 152 169
f 161 166 162
f 166 167 162
f 170 171 168
f 167 164 163
f 163 168 171
f 170 172 171
f 173 174 175
f 175 172 173
f 176 175 174
f 173 172 170
f 158 152 160
f 177 96 178
f 179 180 177
f 180 181 182
f 96 95 178
f 180 179 181
f 182 181 183
f 179 177 178
f 183 184 182
f 185 186 184
f 187 188 189
f 185 189 186
f 187 189 185
f 92 91 190
f 188 187 190
f 188 190 91
f 183 185 184
f 191 21 192
f 191 28 21
f 192 21 19
f 193 19 18
f 194 16 15
f 195 15 7
f 193 18 16
f 196 7 6
f 193 192 19
f 195 194 15
f 193 16 194
f 197 198 196
f 199 200 196
f 196 200 197
f 199 196 201
f 198 7 196
f 195 7 198
f 6 202 196
f 203 204 6
f 202 205 206
f 202 206 196
f 207 208 209
f 210 208 211
f 212 207 209
f 203 6 2
f 205 210 206
f 210 211 206
f 213 214 212
f 211 208 207
f 207 212 214
f 213 215 214
f 216 217 218
f 218 215 216
f 219 218 217
f 216 215 213
f 202 6 204
f 220 221 222
f 223 224 222
f 220 225 221
f 226 227 225
f 228 224 223
f 229 230 231
f 232 231 233
f 229 231 232
f 220 222 224
f 224 228 229
f 228 230 229
f 226 225 220
f 234 235 236
f 237 238 234
f 239 240 241
f 236 235 239
f 238 237 242
f 240 239 235
f 235 234 238
f 243 244 245
f 244 241 240
f 240 245 244
f 238 242 226
f 242 227 226
f 232 246 247
f 247 246 248
f 249 250 247
f 251 252 250
f 249 247 248
f 251 250 253
f 251 254 252
f 255 256 252
f 252 254 255
f 253 250 249
f 256 255 257
f 258 259 260
f 261 262 259
f 245 262 263
f 264 263 262
f 245 263 243
f 260 256 265
f 260 266 258
f 259 258 267
f 261 264 262
f 259 267 261
f 260 265 266
f 256 257 265
f 232 233 246
f 268 269 270
f 271 272 273
f 271 270 269
f 274 275 268
f 274 276 277
f 278 277 276
f 270 271 273
f 274 268 270
f 274 277 275
f 279 273 272
f 280 281 282
f 283 280 282
f 284 283 285
f 281 279 286
f 284 285 287
f 280 283 284
f 288 287 289
f 287 285 289
f 287 288 290
f 279 281 280
f 279 272 286
f 276 291 292
f 291 293 294
f 293 295 296
f 292 291 294
f 293 296 297
f 295 298 296
f 299 300 295
f 300 298 295
f 301 300 299
f 294 293 297
f 302 303 304
f 305 304 290
f 303 290 304
f 288 305 290
f 302 306 303
f 307 301 308
f 299 308 301
f 309 307 308
f 306 302 310
f 310 309 306
f 309 308 306
f 292 278 276
f 68 67 111
f 68 111 311
f 311 111 110
f 312 110 105
f 80 311 313
f 311 80 68
f 311 314 313
f 314 311 312
f 315 312 316
f 313 314 317
f 311 110 312
f 80 313 84
f 312 105 316
f 104 318 316
f 104 316 105
f 318 319 320
f 316 320 321
f 315 321 322
f 315 316 321
f 323 324 325
f 319 321 320
f 323 325 326
f 169 152 325
f 315 314 312
f 314 315 327
f 84 313 328
f 328 317 329
f 317 328 313
f 327 317 314
f 317 327 330
f 84 328 85
f 317 330 329
f 329 85 328
f 331 330 327
f 327 322 331
f 332 4 31
f 333 322 321
f 322 327 315
f 334 335 336
f 336 323 326
f 333 337 322
f 326 338 336
f 339 337 340
f 337 339 322
f 340 337 334
f 334 338 341
f 338 334 336
f 341 338 342
f 334 341 340
f 337 335 334
f 343 344 326
f 322 339 331
f 335 337 333
f 345 343 325
f 343 326 325
f 345 152 150
f 345 150 346
f 346 150 148
f 347 148 147
f 345 348 343
f 348 345 346
f 346 349 348
f 349 346 347
f 350 347 351
f 348 349 352
f 346 148 347
f 343 348 353
f 347 147 351
f 344 338 326
f 354 351 145
f 145 351 147
f 354 145 143
f 355 143 140
f 356 140 142
f 350 351 357
f 357 351 354
f 355 354 143
f 355 358 354
f 359 360 356
f 355 356 361
f 355 140 356
f 360 361 356
f 350 349 347
f 349 350 362
f 344 353 363
f 344 343 353
f 349 362 352
f 352 353 348
f 364 362 365
f 352 362 364
f 350 357 365
f 353 352 366
f 338 363 342
f 353 366 367
f 367 363 353
f 366 352 364
f 350 365 362
f 338 344 363
f 357 368 365
f 368 357 358
f 368 358 369
f 369 358 361
f 370 361 360
f 332 361 370
f 358 355 361
f 365 368 371
f 365 371 372
f 368 369 373
f 368 373 371
f 369 374 373
f 374 369 332
f 360 4 370
f 369 361 332
f 370 4 332
f 365 372 364
f 357 354 358
f 374 332 31
f 345 325 152
f 316 318 320
f 321 319 375
f 321 375 333
f 376 323 336
f 335 376 336
f 169 325 377
f 377 325 324
f 356 142 359
f 378 379 380
f 381 382 383
f 378 384 385
f 384 378 386
f 387 388 384
f 389 390 384
f 388 385 384
f 385 379 378
f 386 378 391
f 392 393 394
f 395 396 393
f 397 398 391
f 386 391 398
f 399 400 401
f 398 397 401
f 402 403 401
f 397 399 401
f 398 403 404
f 400 399 405
f 386 404 389
f 406 394 382
f 384 390 407
f 389 384 386
f 408 409 390
f 390 410 407
f 386 398 404
f 409 411 410
f 409 412 413
f 411 409 413
f 408 412 409
f 408 390 389
f 413 414 411
f 410 390 409
f 415 408 389
f 404 416 415
f 415 389 404
f 402 401 400
f 416 403 417
f 403 416 404
f 403 398 401
f 418 415 419
f 420 421 412
f 416 422 419
f 419 415 416
f 417 422 416
f 403 402 417
f 418 423 420
f 418 408 415
f 408 418 412
f 424 417 402
f 413 421 425
f 407 387 384
f 426 402 400
f 427 428 429
f 430 431 432
f 433 432 428
f 434 435 405
f 435 400 405
f 434 436 437
f 438 436 439
f 440 441 439
f 442 443 444
f 445 446 447
f 446 445 448
f 446 448 449
f 450 440 446
f 449 450 446
f 435 434 437
f 451 444 431
f 437 452 435
f 426 435 452
f 453 437 438
f 452 437 453
f 426 454 424
f 436 438 437
f 424 455 417
f 402 426 424
f 454 456 424
f 455 424 456
f 457 458 455
f 454 452 459
f 422 458 460
f 426 452 454
f 435 426 400
f 461 456 454
f 441 462 438
f 453 438 462
f 463 450 464
f 462 441 463
f 463 441 450
f 449 464 450
f 453 465 459
f 440 450 441
f 465 462 466
f 461 459 467
f 468 466 463
f 466 462 463
f 469 466 468
f 464 468 463
f 470 467 465
f 465 453 462
f 459 452 453
f 461 454 459
f 439 441 438
f 422 417 455
f 419 460 423
f 471 429 396
f 425 472 414
f 421 413 412
f 473 425 474
f 473 472 425
f 412 418 420
f 475 476 477
f 478 473 477
f 475 477 473
f 421 474 425
f 472 473 478
f 475 479 476
f 475 473 480
f 481 482 420
f 474 421 482
f 419 422 460
f 481 423 483
f 482 421 420
f 418 419 423
f 482 484 474
f 480 474 484
f 485 486 481
f 484 482 486
f 486 482 481
f 423 460 483
f 480 487 488
f 420 423 481
f 480 473 474
f 489 483 460
f 475 488 479
f 422 455 458
f 475 480 488
f 490 491 479
f 480 484 487
f 492 493 488
f 479 493 490
f 484 494 487
f 479 488 493
f 382 490 495
f 493 406 490
f 495 490 406
f 382 495 406
f 487 492 488
f 382 381 490
f 381 491 490
f 406 493 392
f 484 486 494
f 496 492 487
f 485 497 486
f 494 486 497
f 496 494 498
f 499 497 485
f 494 496 487
f 481 483 485
f 496 395 492
f 392 492 395
f 498 471 496
f 395 496 471
f 396 395 471
f 498 500 429
f 395 393 392
f 494 497 498
f 392 493 492
f 500 498 497
f 392 394 406
f 491 476 479
f 501 485 483
f 457 456 502
f 503 489 458
f 504 502 461
f 502 456 461
f 457 505 503
f 456 457 455
f 506 501 489
f 483 489 501
f 503 507 506
f 489 503 506
f 508 507 505
f 457 502 505
f 501 509 499
f 458 457 503
f 489 460 458
f 510 505 502
f 467 511 504
f 461 467 504
f 466 469 470
f 470 469 511
f 470 511 467
f 465 466 470
f 511 512 504
f 510 504 512
f 513 512 514
f 511 514 512
f 508 510 515
f 513 515 512
f 469 514 511
f 510 502 504
f 503 505 507
f 459 465 467
f 509 506 516
f 517 500 499
f 518 516 507
f 516 506 507
f 432 509 516
f 509 501 506
f 500 517 428
f 500 427 429
f 509 432 517
f 517 433 428
f 432 519 430
f 519 432 516
f 428 427 500
f 499 509 517
f 500 497 499
f 516 518 431
f 520 518 508
f 518 507 508
f 521 520 515
f 508 515 520
f 520 521 443
f 513 521 515
f 444 518 520
f 510 512 515
f 431 522 451
f 518 522 431
f 444 523 442
f 522 518 444
f 522 444 451
f 523 520 443
f 430 519 431
f 523 444 520
f 431 519 516
f 442 523 443
f 433 517 432
f 505 510 508
f 499 485 501
f 429 471 498
f 425 414 413
f 382 524 525
f 525 383 382
f 382 526 524
f 527 528 526
f 529 530 527
f 528 527 530
f 531 530 529
f 532 529 527
f 382 527 526
f 533 527 382
f 534 394 393
f 382 394 533
f 393 396 535
f 533 394 534
f 534 536 533
f 532 533 536
f 537 538 535
f 536 534 538
f 538 534 535
f 396 539 535
f 532 540 541
f 393 535 534
f 532 527 533
f 429 539 396
f 529 541 542
f 529 542 543
f 541 529 532
f 544 545 542
f 542 546 543
f 532 536 540
f 545 547 548
f 546 545 548
f 549 547 545
f 541 544 542
f 549 550 547
f 542 545 546
f 549 545 551
f 552 553 540
f 544 541 553
f 538 554 555
f 555 536 538
f 554 538 537
f 535 539 537
f 540 553 541
f 555 540 536
f 553 556 544
f 551 544 556
f 552 557 553
f 556 553 557
f 558 559 556
f 552 555 560
f 551 559 561
f 540 555 552
f 551 545 544
f 557 552 562
f 549 561 563
f 543 531 529
f 564 537 539
f 428 565 429
f 564 539 565
f 428 432 566
f 566 565 428
f 566 567 565
f 564 565 567
f 568 569 566
f 567 566 569
f 570 571 567
f 572 569 568
f 564 571 573
f 432 568 566
f 565 539 429
f 431 568 432
f 574 444 575
f 444 576 575
f 577 431 444
f 577 578 572
f 568 431 577
f 578 579 580
f 574 575 579
f 579 578 574
f 574 578 577
f 577 444 574
f 577 572 568
f 569 581 570
f 554 582 560
f 555 554 560
f 570 567 569
f 582 573 583
f 573 582 554
f 571 564 567
f 582 584 560
f 562 560 584
f 583 585 582
f 584 582 585
f 586 587 584
f 588 585 583
f 562 587 589
f 573 571 583
f 562 552 560
f 590 583 571
f 581 572 591
f 592 590 570
f 593 591 578
f 591 572 578
f 594 591 593
f 580 593 578
f 581 595 592
f 572 581 569
f 590 596 588
f 583 590 588
f 594 595 591
f 591 595 581
f 596 592 597
f 595 594 597
f 596 590 592
f 592 570 581
f 590 571 570
f 585 598 586
f 573 537 564
f 554 537 573
f 557 589 558
f 563 599 550
f 561 549 551
f 600 601 563
f 563 602 599
f 551 556 559
f 601 603 602
f 601 604 605
f 603 601 605
f 600 604 601
f 600 563 561
f 605 606 603
f 602 563 601
f 607 600 561
f 558 556 557
f 608 607 559
f 587 562 584
f 609 610 589
f 558 610 608
f 589 557 562
f 607 611 600
f 561 559 607
f 612 613 608
f 611 607 613
f 613 607 608
f 558 589 610
f 604 614 615
f 559 558 608
f 600 611 604
f 609 589 587
f 605 615 616
f 586 584 585
f 616 617 606
f 615 605 604
f 618 616 615
f 616 378 617
f 611 614 604
f 616 618 378
f 619 615 614
f 619 618 615
f 378 618 391
f 391 618 619
f 378 620 617
f 611 621 614
f 611 613 621
f 622 619 614
f 612 623 613
f 621 613 623
f 622 621 624
f 625 623 612
f 621 622 614
f 608 610 612
f 399 397 622
f 619 622 397
f 405 399 624
f 622 624 399
f 626 624 623
f 621 623 624
f 397 391 619
f 627 612 610
f 606 605 616
f 405 624 626
f 628 629 586
f 609 587 629
f 630 588 596
f 630 598 588
f 586 629 587
f 588 598 585
f 629 631 609
f 627 609 631
f 628 632 629
f 631 629 632
f 633 634 631
f 628 598 635
f 627 634 625
f 586 598 628
f 627 610 609
f 632 628 636
f 597 637 596
f 630 596 637
f 638 637 639
f 597 639 637
f 637 638 640
f 640 635 630
f 594 639 597
f 641 636 635
f 628 635 636
f 642 641 640
f 635 640 641
f 643 641 642
f 638 642 640
f 636 644 645
f 630 637 640
f 635 598 630
f 632 645 633
f 592 595 597
f 625 646 626
f 623 625 626
f 645 632 636
f 646 634 647
f 634 646 625
f 633 631 632
f 436 434 646
f 626 646 434
f 439 436 647
f 646 647 436
f 648 647 633
f 634 633 647
f 434 405 626
f 439 647 648
f 645 649 648
f 633 645 648
f 650 644 643
f 644 641 643
f 644 650 649
f 644 649 645
f 641 644 636
f 446 440 649
f 648 649 440
f 446 650 651
f 649 650 446
f 440 439 648
f 634 627 631
f 625 612 627
f 549 563 550
f 652 653 654
f 653 655 654
f 656 655 657
f 655 653 657
f 658 659 656
f 658 660 659
f 660 658 661
f 658 656 657
f 662 663 664
f 665 664 663
f 663 666 667
f 666 663 662
f 665 668 669
f 652 654 670
f 670 669 668
f 664 665 671
f 671 665 672
f 669 672 665
f 668 652 670
f 673 674 675
f 676 677 678
f 673 679 680
f 679 673 681
f 682 683 679
f 684 685 679
f 683 680 679
f 680 674 673
f 681 673 686
f 687 688 689
f 690 691 688
f 692 693 686
f 681 686 693
f 694 695 696
f 693 692 696
f 697 698 696
f 692 694 696
f 693 698 699
f 695 694 700
f 681 699 684
f 701 689 677
f 679 685 702
f 684 679 681
f 703 704 685
f 685 705 702
f 681 693 699
f 704 706 705
f 704 707 708
f 706 704 708
f 703 707 704
f 703 685 684
f 708 709 706
f 705 685 704
f 710 703 684
f 699 711 710
f 710 684 699
f 697 696 695
f 711 698 712
f 698 711 699
f 698 693 696
f 713 710 714
f 715 716 707
f 711 717 714
f 714 710 711
f 712 717 711
f 698 697 712
f 713 718 715
f 713 703 710
f 703 713 707
f 719 712 697
f 708 716 720
f 702 682 679
f 721 697 695
f 722 723 724
f 725 726 727
f 728 727 723
f 729 730 700
f 730 695 700
f 729 731 732
f 733 731 734
f 735 736 734
f 737 738 739
f 740 741 742
f 741 740 743
f 741 743 744
f 745 735 741
f 744 745 741
f 730 729 732
f 746 739 726
f 732 747 730
f 721 730 747
f 748 732 733
f 747 732 748
f 721 749 719
f 731 733 732
f 719 750 712
f 697 721 719
f 749 751 719
f 750 719 751
f 752 753 750
f 749 747 754
f 717 753 755
f 721 747 749
f 730 721 695
f 756 751 749
f 736 757 733
f 748 733 757
f 758 745 759
f 757 736 758
f 758 736 745
f 744 759 745
f 748 760 754
f 735 745 736
f 760 757 761
f 756 754 762
f 763 761 758
f 761 757 758
f 764 761 763
f 759 763 758
f 765 762 760
f 760 748 757
f 754 747 748
f 756 749 754
f 734 736 733
f 717 712 750
f 714 755 718
f 766 724 691
f 720 767 709
f 716 708 707
f 768 720 769
f 768 767 720
f 707 713 715
f 770 771 772
f 773 768 772
f 770 772 768
f 716 769 720
f 767 768 773
f 770 774 771
f 770 768 775
f 776 777 715
f 769 716 777
f 714 717 755
f 776 718 778
f 777 716 715
f 713 714 718
f 777 779 769
f 775 769 779
f 780 781 776
f 779 777 781
f 781 777 776
f 718 755 778
f 775 782 783
f 715 718 776
f 775 768 769
f 784 778 755
f 770 783 774
f 717 750 753
f 770 775 783
f 785 786 774
f 775 779 782
f 787 788 783
f 774 788 785
f 779 789 782
f 774 783 788
f 677 785 790
f 788 701 785
f 790 785 701
f 677 790 701
f 782 787 783
f 677 676 785
f 676 786 785
f 701 788 687
f 779 781 789
f 791 787 782
f 780 792 781
f 789 781 792
f 791 789 793
f 794 792 780
f 789 791 782
f 776 778 780
f 791 690 787
f 687 787 690
f 793 766 791
f 690 791 766
f 691 690 766
f 793 795 724
f 690 688 687
f 789 792 793
f 687 788 787
f 795 793 792
f 687 689 701
f 786 771 774
f 796 780 778
f 752 751 797
f 798 784 753
f 799 797 756
f 797 751 756
f 752 800 798
f 751 752 750
f 801 796 784
f 778 784 796
f 798 802 801
f 784 798 801
f 803 802 800
f 752 797 800
f 796 804 794
f 753 752 798
f 784 755 753
f 805 800 797
f 762 806 799
f 756 762 799
f 761 764 765
f 765 764 806
f 765 806 762
f 760 761 765
f 806 807 799
f 805 799 807
f 808 807 809
f 806 809 807
f 803 805 810
f 808 810 807
f 764 809 806
f 805 797 799
f 798 800 802
f 754 760 762
f 804 801 811
f 812 795 794
f 813 811 802
f 811 801 802
f 727 804 811
f 804 796 801
f 795 812 723
f 795 722 724
f 804 727 812
f 812 728 723
f 727 814 725
f 814 727 811
f 723 722 795
f 794 804 812
f 795 792 794
f 811 813 726
f 815 813 803
f 813 802 803
f 816 815 810
f 803 810 815
f 815 816 738
f 808 816 810
f 739 813 815
f 805 807 810
f 726 817 746
f 813 817 726
f 739 818 737
f 817 813 739
f 817 739 746
f 818 815 738
f 725 814 726
f 818 739 815
f 726 814 811
f 737 818 738
f 728 812 727
f 800 805 803
f 794 780 796
f 724 766 793
f 720 709 708
f 677 819 820
f 820 678 677
f 677 821 819
f 822 823 821
f 824 825 822
f 823 822 825
f 826 825 824
f 827 824 822
f 677 822 821
f 828 822 677
f 829 689 688
f 677 689 828
f 688 691 830
f 828 689 829
f 829 831 828
f 827 828 831
f 832 833 830
f 831 829 833
f 833 829 830
f 691 834 830
f 827 835 836
f 688 830 829
f 827 822 828
f 724 834 691
f 824 836 837
f 824 837 838
f 836 824 827
f 839 840 837
f 837 841 838
f 827 831 835
f 840 842 843
f 841 840 843
f 844 842 840
f 836 839 837
f 844 845 842
f 837 840 841
f 844 840 846
f 847 848 835
f 839 836 848
f 833 849 850
f 850 831 833
f 849 833 832
f 830 834 832
f 835 848 836
f 850 835 831
f 848 851 839
f 846 839 851
f 847 852 848
f 851 848 852
f 853 854 851
f 847 850 855
f 846 854 856
f 835 850 847
f 846 840 839
f 852 847 857
f 844 856 858
f 838 826 824
f 859 832 834
f 723 860 724
f 859 834 860
f 723 727 861
f 861 860 723
f 861 862 860
f 859 860 862
f 863 864 861
f 862 861 864
f 865 866 862
f 867 864 863
f 859 866 868
f 727 863 861
f 860 834 724
f 726 863 727
f 869 739 870
f 739 871 870
f 872 726 739
f 872 873 867
f 863 726 872
f 873 874 875
f 869 870 874
f 874 873 869
f 869 873 872
f 872 739 869
f 872 867 863
f 864 876 865
f 849 877 855
f 850 849 855
f 865 862 864
f 877 868 878
f 868 877 849
f 866 859 862
f 877 879 855
f 857 855 879
f 878 880 877
f 879 877 880
f 881 882 879
f 883 880 878
f 857 882 884
f 868 866 878
f 857 847 855
f 885 878 866
f 876 867 886
f 887 885 865
f 888 886 873
f 886 867 873
f 889 886 888
f 875 888 873
f 876 890 887
f 867 876 864
f 885 891 883
f 878 885 883
f 889 890 886
f 886 890 876
f 891 887 892
f 890 889 892
f 891 885 887
f 887 865 876
f 885 866 865
f 880 893 881
f 868 832 859
f 849 832 868
f 852 884 853
f 858 894 845
f 856 844 846
f 895 896 858
f 858 897 894
f 846 851 854
f 896 898 897
f 896 899 900
f 898 896 900
f 895 899 896
f 895 858 856
f 900 901 898
f 897 858 896
f 902 895 856
f 853 851 852
f 903 902 854
f 882 857 879
f 904 905 884
f 853 905 903
f 884 852 857
f 902 906 895
f 856 854 902
f 907 908 903
f 906 902 908
f 908 902 903
f 853 884 905
f 899 909 910
f 854 853 903
f 895 906 899
f 904 884 882
f 900 910 911
f 881 879 880
f 911 912 901
f 910 900 899
f 913 911 910
f 911 673 912
f 906 909 899
f 911 913 673
f 914 910 909
f 914 913 910
f 673 913 686
f 686 913 914
f 673 915 912
f 906 916 909
f 906 908 916
f 917 914 909
f 907 918 908
f 916 908 918
f 917 916 919
f 920 918 907
f 916 917 909
f 903 905 907
f 694 692 917
f 914 917 692
f 700 694 919
f 917 919 694
f 921 919 918
f 916 918 919
f 692 686 914
f 922 907 905
f 901 900 911
f 700 919 921
f 923 924 881
f 904 882 924
f 925 883 891
f 925 893 883
f 881 924 882
f 883 893 880
f 924 926 904
f 922 904 926
f 923 927 924
f 926 924 927
f 928 929 926
f 923 893 930
f 922 929 920
f 881 893 923
f 922 905 904
f 927 923 931
f 892 932 891
f 925 891 932
f 933 932 934
f 892 934 932
f 932 933 935
f 935 930 925
f 889 934 892
f 936 931 930
f 923 930 931
f 937 936 935
f 930 935 936
f 938 936 937
f 933 937 935
f 931 939 940
f 925 932 935
f 930 893 925
f 927 940 928
f 887 890 892
f 920 941 921
f 918 920 921
f 940 927 931
f 941 929 942
f 929 941 920
f 928 926 927
f 731 729 941
f 921 941 729
f 734 731 942
f 941 942 731
f 943 942 928
f 929 928 942
f 729 700 921
f 734 942 943
f 940 944 943
f 928 940 943
f 945 939 938
f 939 936 938
f 939 945 944
f 939 944 940
f 936 939 931
f 741 735 944
f 943 944 735
f 741 945 946
f 944 945 741
f 735 734 943
f 929 922 926
f 920 907 922
f 844 858 845
f 947 948 949
f 948 950 949
f 951 950 952
f 950 948 952
f 953 954 951
f 953 955 954
f 955 953 956
f 953 951 952
f 957 958 959
f 960 959 958
f 958 961 962
f 961 958 957
f 960 963 964
f 965 966 967
f 967 964 963
f 959 960 968
f 968 960 969
f 964 969 960
f 963 965 967
f 970 971 972
f 973 974 975
f 970 976 977
f 976 970 978
f 979 980 976
f 981 982 976
f 980 977 976
f 977 971 970
f 978 970 983
f 984 985 986
f 987 988 985
f 989 990 983
f 978 983 990
f 991 992 993
f 990 989 993
f 994 995 993
f 989 991 993
f 990 995 996
f 992 991 997
f 978 996 981
f 998 986 974
f 976 982 999
f 981 976 978
f 1000 1001 982
f 982 1002 999
f 978 990 996
f 1001 1003 1002
f 1001 1004 1005
f 1003 1001 1005
f 1000 1004 1001
f 1000 982 981
f 1005 1006 1003
f 1002 982 1001
f 1007 1000 981
f 996 1008 1007
f 1007 981 996
f 994 993 992
f 1008 995 1009
f 995 1008 996
f 995 990 993
f 1010 1007 1011
f 1012 1013 1004
f 1008 1014 1011
f 1011 1007 1008
f 1009 1014 1008
f 995 994 1009
f 1010 1015 1012
f 1010 1000 1007
f 1000 1010 1004
f 1016 1009 994
f 1005 1013 1017
f 999 979 976
f 1018 994 992
f 1019 1020 1021
f 1022 1023 1024
f 1025 1024 1020
f 1026 1027 997
f 1027 992 997
f 1026 1028 1029
f 1030 1028 1031
f 1032 1033 1031
f 1034 1035 1036
f 1037 1038 1039
f 1038 1037 1040
f 1038 1040 1041
f 1042 1032 1038
f 1041 1042 1038
f 1027 1026 1029
f 1043 1036 1023
f 1029 1044 1027
f 1018 1027 1044
f 1045 1029 1030
f 1044 1029 1045
f 1018 1046 1016
f 1028 1030 1029
f 1016 1047 1009
f 994 1018 1016
f 1046 1048 1016
f 1047 1016 1048
f 1049 1050 1047
f 1046 1044 1051
f 1014 1050 1052
f 1018 1044 1046
f 1027 1018 992
f 1053 1048 1046
f 1033 1054 1030
f 1045 1030 1054
f 1055 1042 1056
f 1054 1033 1055
f 1055 1033 1042
f 1041 1056 1042
f 1045 1057 1051
f 1032 1042 1033
f 1057 1054 1058
f 1053 1051 1059
f 1060 1058 1055
f 1058 1054 1055
f 1061 1058 1060
f 1056 1060 1055
f 1062 1059 1057
f 1057 1045 1054
f 1051 1044 1045
f 1053 1046 1051
f 1031 1033 1030
f 1014 1009 1047
f 1011 1052 1015
f 1063 1021 988
f 1017 1064 1006
f 1013 1005 1004
f 1065 1017 1066
f 1065 1064 1017
f 1004 1010 1012
f 1067 1068 1069
f 1070 1065 1069
f 1067 1069 1065
f 1013 1066 1017
f 1064 1065 1070
f 1067 1071 1068
f 1067 1065 1072
f 1073 1074 1012
f 1066 1013 1074
f 1011 1014 1052
f 1073 1015 1075
f 1074 1013 1012
f 1010 1011 1015
f 1074 1076 1066
f 1072 1066 1076
f 1077 1078 1073
f 1076 1074 1078
f 1078 1074 1073
f 1015 1052 1075
f 1072 1079 1080
f 1012 1015 1073
f 1072 1065 1066
f 1081 1075 1052
f 1067 1080 1071
f 1014 1047 1050
f 1067 1072 1080
f 1082 1083 1071
f 1072 1076 1079
f 1084 1085 1080
f 1071 1085 1082
f 1076 1086 1079
f 1071 1080 1085
f 974 1082 1087
f 1085 998 1082
f 1087 1082 998
f 974 1087 998
f 1079 1084 1080
f 974 973 1082
f 973 1083 1082
f 998 1085 984
f 1076 1078 1086
f 1088 1084 1079
f 1077 1089 1078
f 1086 1078 1089
f 1088 1086 1090
f 1091 1089 1077
f 1086 1088 1079
f 1073 1075 1077
f 1088 987 1084
f 984 1084 987
f 1090 1063 1088
f 987 1088 1063
f 988 987 1063
f 1090 1092 1021
f 987 985 984
f 1086 1089 1090
f 984 1085 1084
f 1092 1090 1089
f 984 986 998
f 1083 1068 1071
f 1093 1077 1075
f 1049 1048 1094
f 1095 1081 1050
f 1096 1094 1053
f 1094 1048 1053
f 1049 1097 1095
f 1048 1049 1047
f 1098 1093 1081
f 1075 1081 1093
f 1095 1099 1098
f 1081 1095 1098
f 1100 1099 1097
f 1049 1094 1097
f 1093 1101 1091
f 1050 1049 1095
f 1081 1052 1050
f 1102 1097 1094
f 1059 1103 1096
f 1053 1059 1096
f 1058 1061 1062
f 1062 1061 1103
f 1062 1103 1059
f 1057 1058 1062
f 1103 1104 1096
f 1102 1096 1104
f 1105 1104 1106
f 1103 1106 1104
f 1100 1102 1107
f 1105 1107 1104
f 1061 1106 1103
f 1102 1094 1096
f 1095 1097 1099
f 1051 1057 1059
f 1101 1098 1108
f 1109 1092 1091
f 1110 1108 1099
f 1108 1098 1099
f 1024 1101 1108
f 1101 1093 1098
f 1092 1109 1020
f 1092 1019 1021
f 1101 1024 1109
f 1109 1025 1020
f 1024 1111 1022
f 1111 1024 1108
f 1020 1019 1092
f 1091 1101 1109
f 1092 1089 1091
f 1108 1110 1023
f 1112 1110 1100
f 1110 1099 1100
f 1113 1112 1107
f 1100 1107 1112
f 1112 1113 1035
f 1105 1113 1107
f 1036 1110 1112
f 1102 1104 1107
f 1023 1114 1043
f 1110 1114 1023
f 1036 1115 1034
f 1114 1110 1036
f 1114 1036 1043
f 1115 1112 1035
f 1022 1111 1023
f 1115 1036 1112
f 1023 1111 1108
f 1034 1115 1035
f 1025 1109 1024
f 1097 1102 1100
f 1091 1077 1093
f 1021 1063 1090
f 1017 1006 1005
f 974 1116 1117
f 1117 975 974
f 974 1118 1116
f 1119 1120 1118
f 1121 1122 1119
f 1120 1119 1122
f 1123 1122 1121
f 1124 1121 1119
f 974 1119 1118
f 1125 1119 974
f 1126 986 985
f 974 986 1125
f 985 988 1127
f 1125 986 1126
f 1126 1128 1125
f 1124 1125 1128
f 1129 1130 1127
f 1128 1126 1130
f 1130 1126 1127
f 988 1131 1127
f 1124 1132 1133
f 985 1127 1126
f 1124 1119 1125
f 1021 1131 988
f 1121 1133 1134
f 1121 1134 1135
f 1133 1121 1124
f 1136 1137 1134
f 1134 1138 1135
f 1124 1128 1132
f 1137 1139 1140
f 1138 1137 1140
f 1141 1139 1137
f 1133 1136 1134
f 1141 1142 1139
f 1134 1137 1138
f 1141 1137 1143
f 1144 1145 1132
f 1136 1133 1145
f 1130 1146 1147
f 1147 1128 1130
f 1146 1130 1129
f 1127 1131 1129
f 1132 1145 1133
f 1147 1132 1128
f 1145 1148 1136
f 1143 1136 1148
f 1144 1149 1145
f 1148 1145 1149
f 1150 1151 1148
f 1144 1147 1152
f 1143 1151 1153
f 1132 1147 1144
f 1143 1137 1136
f 1149 1144 1154
f 1141 1153 1155
f 1135 1123 1121
f 1156 1129 1131
f 1020 1157 1021
f 1156 1131 1157
f 1020 1024 1158
f 1158 1157 1020
f 1158 1159 1157
f 1156 1157 1159
f 1160 1161 1158
f 1159 1158 1161
f 1162 1163 1159
f 1164 1161 1160
f 1156 1163 1165
f 1024 1160 1158
f 1157 1131 1021
f 1023 1160 1024
f 1166 1036 1167
f 1036 1168 1167
f 1169 1023 1036
f 1169 1170 1164
f 1160 1023 1169
f 1170 1171 1172
f 1166 1167 1171
f 1171 1170 1166
f 1166 1170 1169
f 1169 1036 1166
f 1169 1164 1160
f 1161 1173 1162
f 1146 1174 1152
f 1147 1146 1152
f 1162 1159 1161
f 1174 1165 1175
f 1165 1174 1146
f 1163 1156 1159
f 1174 1176 1152
f 1154 1152 1176
f 1175 1177 1174
f 1176 1174 1177
f 1178 1179 1176
f 1180 1177 1175
f 1154 1179 1181
f 1165 1163 1175
f 1154 1144 1152
f 1182 1175 1163
f 1173 1164 1183
f 1184 1182 1162
f 1185 1183 1170
f 1183 1164 1170
f 1186 1183 1185
f 1172 1185 1170
f 1173 1187 1184
f 1164 1173 1161
f 1182 1188 1180
f 1175 1182 1180
f 1186 1187 1183
f 1183 1187 1173
f 1188 1184 1189
f 1187 1186 1189
f 1188 1182 1184
f 1184 1162 1173
f 1182 1163 1162
f 1177 1190 1178
f 1165 1129 1156
f 1146 1129 1165
f 1149 1181 1150
f 1155 1191 1142
f 1153 1141 1143
f 1192 1193 1155
f 1155 1194 1191
f 1143 1148 1151
f 1193 1195 1194
f 1193 1196 1197
f 1195 1193 1197
f 1192 1196 1193
f 1192 1155 1153
f 1197 1198 1195
f 1194 1155 1193
f 1199 1192 1153
f 1150 1148 1149
f 1200 1199 1151
f 1179 1154 1176
f 1201 1202 1181
f 1150 1202 1200
f 1181 1149 1154
f 1199 1203 1192
f 1153 1151 1199
f 1204 1205 1200
f 1203 1199 1205
f 1205 1199 1200
f 1150 1181 1202
f 1196 1206 1207
f 1151 1150 1200
f 1192 1203 1196
f 1201 1181 1179
f 1197 1207 1208
f 1178 1176 1177
f 1208 1209 1198
f 1207 1197 1196
f 1210 1208 1207
f 1208 970 1209
f 1203 1206 1196
f 1208 1210 970
f 1211 1207 1206
f 1211 1210 1207
f 970 1210 983
f 983 1210 1211
f 970 1212 1209
f 1203 1213 1206
f 1203 1205 1213
f 1214 1211 1206
f 1204 1215 1205
f 1213 1205 1215
f 1214 1213 1216
f 1217 1215 1204
f 1213 1214 1206
f 1200 1202 1204
f 991 989 1214
f 1211 1214 989
f 997 991 1216
f 1214 1216 991
f 1218 1216 1215
f 1213 1215 1216
f 989 983 1211
f 1219 1204 1202
f 1198 1197 1208
f 997 1216 1218
f 1220 1221 1178
f 1201 1179 1221
f 1222 1180 1188
f 1222 1190 1180
f 1178 1221 1179
f 1180 1190 1177
f 1221 1223 1201
f 1219 1201 1223
f 1220 1224 1221
f 1223 1221 1224
f 1225 1226 1223
f 1220 1190 1227
f 1219 1226 1217
f 1178 1190 1220
f 1219 1202 1201
f 1224 1220 1228
f 1189 1229 1188
f 1222 1188 1229
f 1230 1229 1231
f 1189 1231 1229
f 1229 1230 1232
f 1232 1227 1222
f 1186 1231 1189
f 1233 1228 1227
f 1220 1227 1228
f 1234 1233 1232
f 1227 1232 1233
f 1235 1233 1234
f 1230 1234 1232
f 1228 1236 1237
f 1222 1229 1232
f 1227 1190 1222
f 1224 1237 1225
f 1184 1187 1189
f 1217 1238 1218
f 1215 1217 1218
f 1237 1224 1228
f 1238 1226 1239
f 1226 1238 1217
f 1225 1223 1224
f 1028 1026 1238
f 1218 1238 1026
f 1031 1028 1239
f 1238 1239 1028
f 1240 1239 1225
f 1226 1225 1239
f 1026 997 1218
f 1031 1239 1240
f 1237 1241 1240
f 1225 1237 1240
f 1242 1236 1235
f 1236 1233 1235
f 1236 1242 1241
f 1236 1241 1237
f 1233 1236 1228
f 1038 1032 1241
f 1240 1241 1032
f 1038 1242 1243
f 1241 1242 1038
f 1032 1031 1240
f 1226 1219 1223
f 1217 1204 1219
f 1141 1155 1142
f 1244 1245 1246
f 1245 1247 1246
f 1248 1247 1249
f 1247 1245 1249
f 1250 1251 1248
f 1250 1252 1251
f 1252 1250 1253
f 1250 1248 1249
f 1254 1255 1256
f 1257 1256 1255
f 1255 1258 1259
f 1258 1255 1254
f 1257 1260 1261
f 1244 1246 1262
f 1262 1261 1260
f 1256 1257 1263
f 1263 1257 1264
f 1261 1264 1257
f 1260 1244 1262
f 1265 1266 1267
f 1268 1265 1269
f 1267 1269 1265
f 1265 1270 1266
f 1271 1272 1270
f 1273 1274 1275
f 1271 1274 1272
f 1266 1270 1272
f 1276 1270 1265
f 1268 1269 1277
f 1270 1276 1278
f 1276 1265 1268
f 1279 1275 1271
f 1274 1271 1275
f 1275 1279 1280
f 1281 1275 1280
f 1278 1279 1271
f 1271 1270 1278
f 1281 1273 1275
f 1282 1283 1284
f 1281 1282 1285
f 1284 1285 1282
f 1282 1286 1283
f 1287 1288 1286
f 1283 1286 1288
f 1289 1287 1286
f 1289 1286 1282
f 1287 1289 1290
f 1291 1292 1281
f 1282 1281 1292
f 1293 1291 1294
f 1281 1294 1291
f 1292 1295 1289
f 1280 1294 1281
f 1295 1296 1289
f 1290 1289 1296
f 1297 1295 1293
f 1295 1291 1293
f 1296 1295 1297
f 1295 1292 1291
f 1289 1282 1292
f 1273 1281 1285
f 1298 1299 1300
f 1301 1298 1300
f 1302 1303 1301
f 1298 1301 1303
f 1304 1303 1302
f 1305 1301 1300
f 1302 1301 1306
f 1307 1308 1309
f 1310 1308 1305
f 1305 1311 1306
f 1301 1305 1306
f 1307 1311 1305
f 1308 1307 1305
f 1305 1300 1310
f 1312 1307 1309
f 1302 1313 1314
f 1302 1306 1313
f 1315 1304 1314
f 1316 1314 1313
f 1306 1317 1313
f 1314 1316 1318
f 1315 1314 1318
f 1319 1316 1313
f 1312 1320 1311
f 1317 1311 1320
f 1307 1312 1311
f 1313 1317 1321
f 1320 1322 1317
f 1321 1317 1322
f 1317 1306 1311
f 1313 1321 1319
f 1304 1302 1314
f 1323 1324 1325
f 1325 1326 1323
f 1327 1328 1323
f 1323 1329 1324
f 1330 1326 1325
f 1331 1332 1333
f 1332 1331 1334
f 1334 1326 1332
f 1335 1334 1331
f 1326 1330 1332
f 1326 1336 1327
f 1323 1326 1327
f 1337 1329 1328
f 1328 1338 1337
f 1339 1338 1328
f 1334 1335 1336
f 1334 1336 1326
f 1340 1339 1336
f 1327 1336 1339
f 1335 1340 1336
f 1339 1328 1327
f 1323 1328 1329
f 1341 1342 1343
f 1342 1344 1343
f 1299 1345 1344
f 1344 1345 1343
f 1346 1347 1341
f 1348 1349 1346
f 1347 1346 1349
f 1350 1348 1346
f 1351 1350 1343
f 1346 1343 1350
f 1345 1351 1343
f 1341 1343 1346
f 1352 1353 1354
f 1355 1353 1352
f 1356 1354 1357
f 1357 1358 1356
f 1358 1359 1360
f 1354 1356 1352
f 1352 1361 1362
f 1352 1356 1361
f 1363 1364 1356
f 1361 1356 1364
f 1363 1358 1360
f 1356 1358 1363
f 1362 1355 1352
f 1365 1366 1367
f 1368 1365 1367
f 1369 1366 1365
f 1370 1369 1365
f 1370 1365 1368
f 1369 1371 1366
f 1372 1373 1374
f 1374 1375 1376
f 1377 1378 1371
f 1378 1379 1375
f 1369 1377 1371
f 1372 1380 1373
f 1374 1381 1372
f 1370 1382 1369
f 1368 1383 1370
f 1382 1384 1369
f 1385 1377 1384
f 1385 1379 1377
f 1369 1384 1377
f 1386 1376 1379
f 1375 1379 1376
f 1374 1376 1381
f 1387 1381 1376
f 1376 1386 1387
f 1381 1387 1388
f 1389 1381 1388
f 1385 1386 1379
f 1379 1378 1377
f 1390 1372 1381
f 1391 1392 1380
f 1390 1393 1372
f 1393 1391 1372
f 1394 1391 1395
f 1396 1393 1390
f 1394 1392 1391
f 1380 1372 1391
f 1397 1394 1398
f 1392 1394 1397
f 1399 1397 1398
f 1400 1394 1395
f 1398 1394 1400
f 1399 1398 1401
f 1401 1398 1400
f 1391 1393 1395
f 1402 1395 1393
f 1403 1396 1389
f 1396 1390 1389
f 1402 1393 1396
f 1404 1402 1396
f 1396 1403 1404
f 1402 1404 1405
f 1405 1406 1402
f 1388 1403 1389
f 1407 1408 1400
f 1401 1400 1408
f 1406 1407 1400
f 1409 1410 1406
f 1407 1406 1410
f 1405 1409 1406
f 1395 1402 1406
f 1400 1395 1406
f 1381 1389 1390
f 1411 1412 1413
f 1414 1411 1415
f 1413 1415 1411
f 1411 1416 1412
f 1417 1418 1416
f 1419 1420 1421
f 1417 1420 1418
f 1412 1416 1418
f 1422 1416 1411
f 1414 1415 1423
f 1416 1422 1424
f 1422 1411 1414
f 1425 1421 1417
f 1420 1417 1421
f 1421 1425 1426
f 1427 1421 1426
f 1424 1425 1417
f 1417 1416 1424
f 1427 1419 1421
f 1428 1429 1430
f 1428 1427 1431
f 1428 1419 1427
f 1428 1432 1429
f 1430 1419 1428
f 1433 1434 1432
f 1429 1432 1434
f 1435 1433 1432
f 1435 1432 1428
f 1435 1436 1433
f 1427 1437 1438
f 1439 1438 1440
f 1438 1437 1440
f 1439 1435 1431
f 1431 1427 1438
f 1439 1441 1435
f 1436 1435 1441
f 1440 1442 1439
f 1441 1439 1442
f 1431 1438 1439
f 1435 1428 1431
f 1426 1437 1427
f 1443 1444 1445
f 1446 1443 1445
f 1447 1448 1446
f 1443 1446 1448
f 1449 1448 1447
f 1450 1446 1445
f 1451 1447 1446
f 1452 1453 1454
f 1455 1453 1450
f 1450 1456 1451
f 1456 1452 1457
f 1454 1457 1452
f 1453 1452 1450
f 1450 1445 1455
f 1451 1446 1450
f 1447 1458 1459
f 1449 1447 1459
f 1460 1449 1459
f 1458 1447 1451
f 1459 1461 1462
f 1460 1459 1462
f 1461 1459 1458
f 1463 1456 1464
f 1458 1451 1463
f 1463 1451 1456
f 1457 1464 1456
f 1458 1463 1465
f 1464 1466 1463
f 1465 1463 1466
f 1467 1458 1465
f 1467 1461 1458
f 1450 1452 1456
f 1468 1469 1470
f 1470 1471 1468
f 1472 1473 1468
f 1468 1474 1469
f 1475 1471 1470
f 1476 1477 1478
f 1477 1476 1479
f 1479 1471 1477
f 1480 1479 1476
f 1471 1475 1477
f 1471 1481 1472
f 1468 1471 1472
f 1482 1474 1473
f 1473 1483 1482
f 1484 1483 1473
f 1479 1480 1481
f 1479 1481 1471
f 1485 1484 1481
f 1472 1481 1484
f 1480 1485 1481
f 1484 1473 1472
f 1468 1473 1474
f 1486 1487 1488
f 1487 1489 1488
f 1490 1491 1489
f 1489 1491 1488
f 1492 1493 1486
f 1494 1495 1492
f 1493 1492 1495
f 1496 1494 1492
f 1497 1496 1488
f 1492 1488 1496
f 1491 1497 1488
f 1486 1488 1492
f 1498 1499 1500
f 1501 1499 1498
f 1502 1500 1503
f 1503 1504 1502
f 1504 1505 1506
f 1500 1502 1498
f 1498 1507 1508
f 1498 1502 1507
f 1509 1510 1502
f 1507 1502 1510
f 1509 1504 1506
f 1502 1504 1509
f 1508 1501 1498
f 1511 1512 1513
f 1514 1511 1513
f 1515 1512 1511
f 1516 1515 1511
f 1516 1511 1514
f 1515 1517 1512
f 1518 1519 1520
f 1520 1521 1522
f 1523 1524 1517
f 1524 1525 1521
f 1515 1523 1517
f 1518 1526 1519
f 1520 1527 1518
f 1516 1528 1515
f 1514 1529 1516
f 1528 1530 1515
f 1531 1523 1530
f 1531 1525 1523
f 1515 1530 1523
f 1532 1522 1525
f 1521 1525 1522
f 1520 1522 1527
f 1533 1527 1522
f 1522 1532 1533
f 1527 1533 1534
f 1535 1527 1534
f 1531 1532 1525
f 1525 1524 1523
f 1536 1518 1527
f 1537 1538 1526
f 1536 1539 1518
f 1539 1537 1518
f 1540 1537 1541
f 1542 1539 1536
f 1540 1538 1537
f 1526 1518 1537
f 1543 1540 1544
f 1538 1540 1543
f 1545 1543 1544
f 1546 1540 1541
f 1544 1540 1546
f 1545 1544 1547
f 1547 1544 1546
f 1537 1539 1541
f 1548 1541 1539
f 1549 1542 1535
f 1542 1536 1535
f 1548 1539 1542
f 1550 1548 1542
f 1542 1549 1550
f 1548 1550 1551
f 1551 1552 1548
f 1534 1549 1535
f 1553 1554 1546
f 1547 1546 1554
f 1552 1553 1546
f 1555 1556 1552
f 1553 1552 1556
f 1551 1555 1552
f 1541 1548 1552
f 1546 1541 1552
f 1527 1535 1536
f 1557 1558 1559
f 1560 1557 1561
f 1559 1561 1557
f 1557 1562 1558
f 1563 1564 1562
f 1565 1566 1567
f 1563 1566 1564
f 1558 1562 1564
f 1568 1562 1557
f 1560 1561 1569
f 1562 1568 1570
f 1568 1557 1560
f 1571 1567 1563
f 1566 1563 1567
f 1567 1571 1572
f 1573 1567 1572
f 1570 1571 1563
f 1563 1562 1570
f 1573 1565 1567
f 1574 1575 1576
f 1574 1573 1577
f 1574 1565 1573
f 1574 1578 1575
f 1576 1565 1574
f 1579 1580 1578
f 1575 1578 1580
f 1581 1579 1578
f 1581 1578 1574
f 1581 1582 1579
f 1573 1583 1584
f 1585 1584 1586
f 1584 1583 1586
f 1585 1581 1577
f 1577 1573 1584
f 1585 1587 1581
f 1582 1581 1587
f 1586 1588 1585
f 1587 1585 1588
f 1577 1584 1585
f 1581 1574 1577
f 1572 1583 1573
f 1589 1590 1591
f 1592 1589 1591
f 1593 1594 1592
f 1589 1592 1594
f 1595 1594 1593
f 1596 1592 1591
f 1593 1592 1597
f 1598 1599 1600
f 1601 1599 1596
f 1596 1602 1597
f 1592 1596 1597
f 1598 1602 1596
f 1599 1598 1596
f 1596 1591 1601
f 1603 1598 1600
f 1593 1604 1605
f 1593 1597 1604
f 1606 1595 1605
f 1607 1605 1604
f 1597 1608 1604
f 1605 1607 1609
f 1606 1605 1609
f 1610 1607 1604
f 1603 1611 1602
f 1608 1602 1611
f 1598 1603 1602
f 1604 1608 1612
f 1611 1613 1608
f 1612 1608 1613
f 1608 1597 1602
f 1604 1612 1610
f 1595 1593 1605
f 1614 1615 1616
f 1616 1617 1614
f 1618 1619 1614
f 1614 1620 1615
f 1621 1617 1616
f 1622 1623 1624
f 1623 1622 1625
f 1625 1617 1623
f 1626 1625 1622
f 1617 1621 1623
f 1617 1627 1618
f 1614 1617 1618
f 1628 1620 1619
f 1619 1629 1628
f 1630 1629 1619
f 1625 1626 1627
f 1625 1627 1617
f 1631 1630 1627
f 1618 1627 1630
f 1626 1631 1627
f 1630 1619 1618
f 1614 1619 1620
f 1632 1633 1634
f 1633 1635 1634
f 1636 1637 1635
f 1635 1637 1634
f 1638 1639 1632
f 1640 1641 1638
f 1639 1638 1641
f 1642 1640 1638
f 1643 1642 1634
f 1638 1634 1642
f 1637 1643 1634
f 1632 1634 1638
f 1644 1645 1646
f 1647 1645 1644
f 1648 1646 1649
f 1649 1650 1648
f 1650 1651 1652
f 1646 1648 1644
f 1644 1653 1654
f 1644 1648 1653
f 1655 1656 1648
f 1653 1648 1656
f 1655 1650 1652
f 1648 1650 1655
f 1654 1647 1644
f 1657 1658 1659
f 1660 1657 1659
f 1661 1658 1657
f 1662 1661 1657
f 1662 1657 1660
f 1661 1663 1658
f 1664 1665 1666
f 1666 1667 1668
f 1669 1670 1663
f 1670 1671 1667
f 1661 1669 1663
f 1664 1672 1665
f 1666 1673 1664
f 1662 1674 1661
f 1660 1675 1662
f 1674 1676 1661
f 1677 1669 1676
f 1677 1671 1669
f 1661 1676 1669
f 1678 1668 1671
f 1667 1671 1668
f 1666 1668 1673
f 1679 1673 1668
f 1668 1678 1679
f 1673 1679 1680
f 1681 1673 1680
f 1677 1678 1671
f 1671 1670 1669
f 1682 1664 1673
f 1683 1684 1672
f 1682 1685 1664
f 1685 1683 1664
f 1686 1683 1687
f 1688 1685 1682
f 1686 1684 1683
f 1672 1664 1683
f 1689 1686 1690
f 1684 1686 1689
f 1691 1689 1690
f 1692 1686 1687
f 1690 1686 1692
f 1691 1690 1693
f 1693 1690 1692
f 1683 1685 1687
f 1694 1687 1685
f 1695 1688 1681
f 1688 1682 1681
f 1694 1685 1688
f 1696 1694 1688
f 1688 1695 1696
f 1694 1696 1697
f 1697 1698 1694
f 1680 1695 1681
f 1699 1700 1692
f 1693 1692 1700
f 1698 1699 1692
f 1701 1702 1698
f 1699 1698 1702
f 1697 1701 1698
f 1687 1694 1698
f 1692 1687 1698
f 1673 1681 1682
